Created script file: /root/midscore_io/rustby/rustby-vm/target/release/scripts/script_1788202430178435864.rb
Spawning server on address: 0.0.0.0:443
Server is starting on address: 0.0.0.0:443
Route '/random2' handled with status: 200
Route '/random2' handled with status: 200
Route '/random2' handled with status: 200
Route '/markov_metrics' handled with status: 200
Route '/random2' handled with status: 200
Route '/random2' handled with status: 200
Route '/random2' handled with status: 200
Route '/random2' handled with status: 200
Route '/random2' handled with status: 200
Route '/random2' handled with status: 200
Route '/random2' handled with status: 200
Route '/random2' handled with status: 200
Route '/random2' handled with status: 200
Route '/random2' handled with status: 200
Route '/random2' handled with status: 200
Route '/random2' handled with status: 200
Route '/random2' handled with status: 200
Route '/random2' handled with status: 200
Route '/robots.txt' handled with status: 404
Route '/' handled with status: 200
Route '/random2' handled with status: 200
Route '/random2' handled with status: 200
Route '/random2' handled with status: 200
Route '/random2' handled with status: 200
Route '/random2' handled with status: 200
Route '/random2' handled with status: 200
Route '/random2' handled with status: 200
Route '/random2' handled with status: 200
Route '/random2' handled with status: 200
Route '/random2' handled with status: 200
Route '/random2' handled with status: 200
Route '/random2' handled with status: 200
Route '/random2' handled with status: 200
Route '/random2' handled with status: 200
Route '/random2' handled with status: 200
Route '/random2' handled with status: 200
Route '/random2' handled with status: 200
Route '/random2' handled with status: 200
Route '/random2' handled with status: 200
Route '/random2' handled with status: 200
Route '/random2' handled with status: 200
Route '/random2' handled with status: 200
Route '/random2' handled with status: 200
Route '/random2' handled with status: 200
Route '/random2' handled with status: 200
Route '/random2' handled with status: 200
Route '/random2' handled with status: 200
Route '/random2' handled with status: 200
Route '/random2' handled with status: 200
Route '/random2' handled with status: 200
Route '/random2' handled with status: 200
Route '/random2' handled with status: 200
Route '/random2' handled with status: 200
Route '/random2' handled with status: 200
Route '/markov_metrics' handled with status: 200
Route '/random2' handled with status: 200
Route '/random2' handled with status: 200
Route '/random2' handled with status: 200
Route '/markov_metrics' handled with status: 200
Route '/random2' handled with status: 200
Route '/random2' handled with status: 200
Route '/random2' handled with status: 200
Route '/random2' handled with status: 200
Route '/random2' handled with status: 200
Route '/random2' handled with status: 200
Route '/random2' handled with status: 200
Route '/random2' handled with status: 200
Route '/random2' handled with status: 200
Route '/random2' handled with status: 200
Route '/random2' handled with status: 200
Route '/random2' handled with status: 200
Route '/random2' handled with status: 200
Route '/random2' handled with status: 200
Route '/random2' handled with status: 200
Route '/random2' handled with status: 200
Route '/random2' handled with status: 200
Route '/random2' handled with status: 200
Route '/random2' handled with status: 200
Route '/random2' handled with status: 200
Route '/random2' handled with status: 200
Route '/random2' handled with status: 200
Route '/random2' handled with status: 200
Route '/random2' handled with status: 200
Route '/random2' handled with status: 200
Route '/random2' handled with status: 200
Route '/random2' handled with status: 200
Route '/random2' handled with status: 200
Route '/random2' handled with status: 200
Route '/random2' handled with status: 200
Route '/random2' handled with status: 200
Route '/random2' handled with status: 200
Route '/random2' handled with status: 200
Route '/random2' handled with status: 200
Route '/sl_logger' handled with status: 200
Route '/sl_logger' handled with status: 200
Route '/random2' handled with status: 200
Route '/random2' handled with status: 200
Route '/random2' handled with status: 200
Route '/random2' handled with status: 200
Route '/random2' handled with status: 200
Route '/random2' handled with status: 200
Route '/random2' handled with status: 200
Route '/random2' handled with status: 200
Route '/random2' handled with status: 200
Route '/random2' handled with status: 200
Route '/random2' handled with status: 200
Route '/random2' handled with status: 200
Route '/random2' handled with status: 200
Route '/random2' handled with status: 200
Route '/random2' handled with status: 200
Route '/random2' handled with status: 200
Route '/random2' handled with status: 200
Route '/random2' handled with status: 200
Route '/random2' handled with status: 200
Route '/random2' handled with status: 200
Route '/random2' handled with status: 200
Route '/random2' handled with status: 200
Route '/random2' handled with status: 200
Route '/random2' handled with status: 200
Route '/random2' handled with status: 200
Route '/random2' handled with status: 200
Route '/random2' handled with status: 200
Route '/random2' handled with status: 200
Route '/random2' handled with status: 200
Route '/random2' handled with status: 200
Route '/random2' handled with status: 200
Route '/history/secondlife' handled with status: 200
Route '/random2' handled with status: 200
Route '/random2' handled with status: 200
Route '/random2' handled with status: 200
Route '/random2' handled with status: 200
Route '/random2' handled with status: 200
Route '/random2' handled with status: 200
Route '/random2' handled with status: 200
Route '/random2' handled with status: 200
Route '/random2' handled with status: 200
Route '/random2' handled with status: 200
Route '/random2' handled with status: 200
Route '/random2' handled with status: 200
Route '/random2' handled with status: 200
Route '/random2' handled with status: 200
Route '/random2' handled with status: 200
Route '/random2' handled with status: 200
Route '/random2' handled with status: 200
Route '/random2' handled with status: 200
Route '/random2' handled with status: 200
Route '/random2' handled with status: 200
Route '/random2' handled with status: 200
Route '/random2' handled with status: 200
Route '/random2' handled with status: 200
Route '/random2' handled with status: 200
Route '/random2' handled with status: 200
Route '/random2' handled with status: 200
Route '/random2' handled with status: 200
Route '/random2' handled with status: 200
Route '/random2' handled with status: 200
Route '/random2' handled with status: 200
Route '/random2' handled with status: 200
Route '/random2' handled with status: 200
Route '/random2' handled with status: 200
Route '/random2' handled with status: 200
Route '/random2' handled with status: 200
Route '/random2' handled with status: 200
Route '/random2' handled with status: 200
Route '/random2' handled with status: 200
Route '/random2' handled with status: 200
Route '/random2' handled with status: 200
Route '/random2' handled with status: 200
Route '/random2' handled with status: 200
Route '/random2' handled with status: 200
Route '/random2' handled with status: 200
Route '/random2' handled with status: 200
Route '/random2' handled with status: 200
Route '/random2' handled with status: 200
Route '/random2' handled with status: 200
Route '/random2' handled with status: 200
Route '/random2' handled with status: 200
Route '/random2' handled with status: 200
Route '/random2' handled with status: 200
Route '/random2' handled with status: 200
Route '/random2' handled with status: 200
Route '/random2' handled with status: 200
Route '/random2' handled with status: 200
Route '/random2' handled with status: 200
Route '/random2' handled with status: 200
Route '/random2' handled with status: 200
Route '/random2' handled with status: 200
Route '/random2' handled with status: 200
Route '/random2' handled with status: 200
Route '/random2' handled with status: 200
Route '/random2' handled with status: 200
Route '/random2' handled with status: 200
Route '/random2' handled with status: 200
Route '/random2' handled with status: 200
Route '/random2' handled with status: 200
Route '/random2' handled with status: 200
Route '/random2' handled with status: 200
Route '/random2' handled with status: 200
Route '/random2' handled with status: 200
Route '/random2' handled with status: 200
Route '/random2' handled with status: 200
Route '/random2' handled with status: 200
Route '/random2' handled with status: 200
Route '/random2' handled with status: 200
Route '/random2' handled with status: 200
Route '/random2' handled with status: 200
Route '/random2' handled with status: 200
Route '/random2' handled with status: 200
Route '/random2' handled with status: 200
Route '/random2' handled with status: 200
Route '/random2' handled with status: 200
Route '/random2' handled with status: 200
Route '/random2' handled with status: 200
Route '/random2' handled with status: 200
Route '/random2' handled with status: 200
Route '/random2' handled with status: 200
Route '/random2' handled with status: 200
Route '/random2' handled with status: 200
Route '/random2' handled with status: 200
Route '/random2' handled with status: 200
Route '/random2' handled with status: 200
Route '/random2' handled with status: 200
Route '/random2' handled with status: 200
Route '/random2' handled with status: 200
Route '/random2' handled with status: 200
Route '/random2' handled with status: 200
Route '/random2' handled with status: 200
Route '/random2' handled with status: 200
Route '/random2' handled with status: 200
Route '/random2' handled with status: 200
Route '/random2' handled with status: 200
Route '/random2' handled with status: 200
Route '/random2' handled with status: 200
Route '/random2' handled with status: 200
Route '/random2' handled with status: 200
Route '/random2' handled with status: 200
Route '/random2' handled with status: 200
Route '/random2' handled with status: 200
Route '/random2' handled with status: 200
Route '/random2' handled with status: 200
Route '/random2' handled with status: 200
Route '/random2' handled with status: 200
Route '/.env' handled with status: 404
Route '/random2' handled with status: 200
Route '/random2' handled with status: 200
Route '/random2' handled with status: 200
Route '/random2' handled with status: 200
Route '/random2' handled with status: 200
Route '/random2' handled with status: 200
Route '/random2' handled with status: 200
Route '/' handled with status: 200
Route '/random2' handled with status: 200
Route '/random2' handled with status: 200
Route '/random2' handled with status: 200
Route '/random2' handled with status: 200
Route '/random2' handled with status: 200
Route '/random2' handled with status: 200
Route '/random2' handled with status: 200
Route '/random2' handled with status: 200
Route '/random2' handled with status: 200
Route '/sl_logger' handled with status: 200
Route '/random2' handled with status: 200
Route '/sl_logger' handled with status: 200
Route '/random2' handled with status: 200
Route '/random2' handled with status: 200
Route '/random2' handled with status: 200
Route '/random2' handled with status: 200
Route '/random2' handled with status: 200
Route '/random2' handled with status: 200
Route '/random2' handled with status: 200
Route '/sl_logger' handled with status: 200
Route '/random2' handled with status: 200
Route '/random2' handled with status: 200
Route '/random2' handled with status: 200
Route '/random2' handled with status: 200
Route '/sl_logger' handled with status: 200
Route '/random2' handled with status: 200
Route '/random2' handled with status: 200
Route '/random2' handled with status: 200
Route '/random2' handled with status: 200
Route '/random2' handled with status: 200
Route '/random2' handled with status: 200
Route '/random2' handled with status: 200
Route '/random2' handled with status: 200
Route '/random2' handled with status: 200
Route '/random2' handled with status: 200
Route '/random2' handled with status: 200
Route '/random2' handled with status: 200
Route '/sl_logger' handled with status: 200
Route '/random2' handled with status: 200
Route '/random2' handled with status: 200
Route '/random2' handled with status: 200
Route '/random2' handled with status: 200
Route '/random2' handled with status: 200
Route '/random2' handled with status: 200
Route '/random2' handled with status: 200
Route '/random2' handled with status: 200
Route '/random2' handled with status: 200
Route '/random2' handled with status: 200
Route '/random2' handled with status: 200
Route '/random2' handled with status: 200
Route '/random2' handled with status: 200
Route '/random2' handled with status: 200
Route '/random2' handled with status: 200
Route '/actuator/health' handled with status: 404
Route '/random2' handled with status: 200
Route '/random2' handled with status: 200
Route '/random2' handled with status: 200
Route '/random2' handled with status: 200
Route '/random2' handled with status: 200
Route '/random2' handled with status: 200
Route '/random2' handled with status: 200
Route '/random2' handled with status: 200
Route '/random2' handled with status: 200
Route '/random2' handled with status: 200
Route '/random2' handled with status: 200
Route '/random2' handled with status: 200
Route '/random2' handled with status: 200
Route '/random2' handled with status: 200
Route '/random2' handled with status: 200
Route '/random2' handled with status: 200
Route '/random2' handled with status: 200
Route '/random2' handled with status: 200
Route '/random2' handled with status: 200
Route '/random2' handled with status: 200
Route '/random2' handled with status: 200
Route '/random2' handled with status: 200
Route '/random2' handled with status: 200
Route '/random2' handled with status: 200
Route '/random2' handled with status: 200
Route '/random2' handled with status: 200
Route '/random2' handled with status: 200
Route '/random2' handled with status: 200
Route '/random2' handled with status: 200
Route '/random2' handled with status: 200
Route '/random2' handled with status: 200
Route '/random2' handled with status: 200
Route '/sl_logger' handled with status: 200
Route '/random2' handled with status: 200
Route '/random2' handled with status: 200
Route '/random2' handled with status: 200
Route '/random2' handled with status: 200
Route '/random2' handled with status: 200
Route '/random2' handled with status: 200
Route '/random2' handled with status: 200
Route '/random2' handled with status: 200
Route '/random2' handled with status: 200
Route '/random2' handled with status: 200
Route '/random2' handled with status: 200
Route '/random2' handled with status: 200
Route '/random2' handled with status: 200
Route '/random2' handled with status: 200
Route '/random2' handled with status: 200
Route '/random2' handled with status: 200
Route '/random2' handled with status: 200
Route '/random2' handled with status: 200
Route '/random2' handled with status: 200
Route '/random2' handled with status: 200
Route '/random2' handled with status: 200
Route '/random2' handled with status: 200
Route '/random2' handled with status: 200
Route '/random2' handled with status: 200
Route '/random2' handled with status: 200
Route '/random2' handled with status: 200
Route '/random2' handled with status: 200
Route '/random2' handled with status: 200
Route '/random2' handled with status: 200
Route '/random2' handled with status: 200
Route '/random2' handled with status: 200
Route '/random2' handled with status: 200
Route '/random2' handled with status: 200
Route '/random2' handled with status: 200
Route '/random2' handled with status: 200
Route '/random2' handled with status: 200
Route '/random2' handled with status: 200
Route '/random2' handled with status: 200
Route '/random2' handled with status: 200
Route '/random2' handled with status: 200
Route '/random2' handled with status: 200
Route '/random2' handled with status: 200
Route '/random2' handled with status: 200
Route '/random2' handled with status: 200
Route '/random2' handled with status: 200
Route '/random2' handled with status: 200
Route '/random2' handled with status: 200
Route '/random2' handled with status: 200
Route '/random2' handled with status: 200
Route '/random2' handled with status: 200
Route '/random2' handled with status: 200
Route '/random2' handled with status: 200
Route '/random2' handled with status: 200
Route '/random2' handled with status: 200
Route '/random2' handled with status: 200
Route '/random2' handled with status: 200
Route '/random2' handled with status: 200
Route '/random2' handled with status: 200
Route '/random2' handled with status: 200
Route '/random2' handled with status: 200
Route '/random2' handled with status: 200
Route '/random2' handled with status: 200
Route '/random2' handled with status: 200
Route '/random2' handled with status: 200
Route '/random2' handled with status: 200
Route '/random2' handled with status: 200
Route '/random2' handled with status: 200
Route '/random2' handled with status: 200
Route '/random2' handled with status: 200
Route '/random2' handled with status: 200
Route '/random2' handled with status: 200
Route '/random2' handled with status: 200
Route '/random2' handled with status: 200
Route '/random2' handled with status: 200
Route '/random2' handled with status: 200
Route '/random2' handled with status: 200
Route '/random2' handled with status: 200
Route '/random2' handled with status: 200
Route '/random2' handled with status: 200
Route '/random2' handled with status: 200
Route '/random2' handled with status: 200
Route '/random2' handled with status: 200
Route '/random2' handled with status: 200
Route '/random2' handled with status: 200
Route '/random2' handled with status: 200
Route '/random2' handled with status: 200
Route '/random2' handled with status: 200
Route '/random2' handled with status: 200
Route '/random2' handled with status: 200
Route '/random2' handled with status: 200
Route '/random2' handled with status: 200
Route '/random2' handled with status: 200
Route '/random2' handled with status: 200
Route '/random2' handled with status: 200
Route '/random2' handled with status: 200
Route '/random2' handled with status: 200
Route '/random2' handled with status: 200
Route '/sl_logger' handled with status: 200
Route '/random2' handled with status: 200
Route '/random2' handled with status: 200
Route '/random2' handled with status: 200
Route '/random2' handled with status: 200
Route '/random2' handled with status: 200
Route '/random2' handled with status: 200
Route '/random2' handled with status: 200
Route '/random2' handled with status: 200
Route '/random2' handled with status: 200
Route '/random2' handled with status: 200
Route '/random2' handled with status: 200
Route '/random2' handled with status: 200
Route '/random2' handled with status: 200
Route '/random2' handled with status: 200
Route '/random2' handled with status: 200
Route '/random2' handled with status: 200
Route '/random2' handled with status: 200
Route '/random2' handled with status: 200
Route '/random2' handled with status: 200
Route '/random2' handled with status: 200
Route '/random2' handled with status: 200
Route '/random2' handled with status: 200
Route '/random2' handled with status: 200
Route '/random2' handled with status: 200
Route '/random2' handled with status: 200
Route '/random2' handled with status: 200
Route '/random2' handled with status: 200
Route '/sl_logger' handled with status: 200
Route '/random2' handled with status: 200
Route '/random2' handled with status: 200
Route '/random2' handled with status: 200
Route '/random2' handled with status: 200
Route '/random2' handled with status: 200
Route '/random2' handled with status: 200
Route '/random2' handled with status: 200
Route '/random2' handled with status: 200
Route '/random2' handled with status: 200
Route '/random2' handled with status: 200
Route '/random2' handled with status: 200
Route '/random2' handled with status: 200
Route '/random2' handled with status: 200
Route '/random2' handled with status: 200
Route '/random2' handled with status: 200
Route '/random2' handled with status: 200
Route '/random2' handled with status: 200
Route '/random2' handled with status: 200
Route '/random2' handled with status: 200
Route '/random2' handled with status: 200
Route '/random2' handled with status: 200
Route '/random2' handled with status: 200
Route '/random2' handled with status: 200
Route '/random2' handled with status: 200
Route '/random2' handled with status: 200
Route '/random2' handled with status: 200
Route '/random2' handled with status: 200
Route '/random2' handled with status: 200
Route '/sl_logger' handled with status: 200
Route '/random2' handled with status: 200
Route '/random2' handled with status: 200
Route '/random2' handled with status: 200
Route '/random2' handled with status: 200
Route '/random2' handled with status: 200
Route '/random2' handled with status: 200
Route '/random2' handled with status: 200
Route '/random2' handled with status: 200
Route '/random2' handled with status: 200
Route '/random2' handled with status: 200
Route '/sl_logger' handled with status: 200
Route '/random2' handled with status: 200
Route '/random2' handled with status: 200
Route '/random2' handled with status: 200
Route '/random2' handled with status: 200
Route '/sl_logger' handled with status: 200
Route '/random2' handled with status: 200
Route '/random2' handled with status: 200
Route '/random2' handled with status: 200
Route '/random2' handled with status: 200
Route '/random2' handled with status: 200
Route '/sl_logger' handled with status: 200
Route '/random2' handled with status: 200
Route '/random2' handled with status: 200
Route '/random2' handled with status: 200
Route '/random2' handled with status: 200
Route '/random2' handled with status: 200
Route '/random2' handled with status: 200
Route '/random2' handled with status: 200
Route '/random2' handled with status: 200
Route '/random2' handled with status: 200
Route '/random2' handled with status: 200
Route '/random2' handled with status: 200
Route '/random2' handled with status: 200
Route '/random2' handled with status: 200
Route '/random2' handled with status: 200
Route '/random2' handled with status: 200
Route '/random2' handled with status: 200
Route '/random2' handled with status: 200
Route '/random2' handled with status: 200
Route '/random2' handled with status: 200
Route '/random2' handled with status: 200
Route '/random2' handled with status: 200
Route '/random2' handled with status: 200
Route '/random2' handled with status: 200
Route '/sl_logger' handled with status: 200
Route '/random2' handled with status: 200
Route '/random2' handled with status: 200
Route '/random2' handled with status: 200
Route '/random2' handled with status: 200
Route '/random2' handled with status: 200
Route '/random2' handled with status: 200
Route '/random2' handled with status: 200
Route '/random2' handled with status: 200
Route '/random2' handled with status: 200
Route '/random2' handled with status: 200
Route '/random2' handled with status: 200
Route '/random2' handled with status: 200
Route '/random2' handled with status: 200
Route '/random2' handled with status: 200
Route '/random2' handled with status: 200
Route '/random2' handled with status: 200
Route '/random2' handled with status: 200
Route '/random2' handled with status: 200
Route '/random2' handled with status: 200
Route '/sl_logger' handled with status: 200
Route '/random2' handled with status: 200
Route '/random2' handled with status: 200
Route '/random2' handled with status: 200
Route '/random2' handled with status: 200
Route '/random2' handled with status: 200
Route '/random2' handled with status: 200
Route '/random2' handled with status: 200
Route '/random2' handled with status: 200
Route '/random2' handled with status: 200
Route '/random2' handled with status: 200
Route '/random2' handled with status: 200
Route '/random2' handled with status: 200
Route '/sl_logger' handled with status: 200
Route '/random2' handled with status: 200
Route '/random2' handled with status: 200
Route '/random2' handled with status: 200
Route '/random2' handled with status: 200
Route '/random2' handled with status: 200
Route '/random2' handled with status: 200
Route '/random2' handled with status: 200
Route '/random2' handled with status: 200
Route '/sl_logger' handled with status: 200
Route '/random2' handled with status: 200
Route '/random2' handled with status: 200
Route '/random2' handled with status: 200
Route '/random2' handled with status: 200
Route '/random2' handled with status: 200
Route '/random2' handled with status: 200
Route '/random2' handled with status: 200
Route '/random2' handled with status: 200
Route '/random2' handled with status: 200
Route '/random2' handled with status: 200
Route '/random2' handled with status: 200
Route '/random2' handled with status: 200
Route '/random2' handled with status: 200
Route '/random2' handled with status: 200
Route '/random2' handled with status: 200
Route '/random2' handled with status: 200
Route '/random2' handled with status: 200
Route '/random2' handled with status: 200
Route '/random2' handled with status: 200
Route '/random2' handled with status: 200
Route '/random2' handled with status: 200
Route '/random2' handled with status: 200
Route '/random2' handled with status: 200
Route '/random2' handled with status: 200
Route '/random2' handled with status: 200
Route '/random2' handled with status: 200
Route '/random2' handled with status: 200
Route '/random2' handled with status: 200
Route '/random2' handled with status: 200
Route '/random2' handled with status: 200
Route '/random2' handled with status: 200
Route '/random2' handled with status: 200
Route '/random2' handled with status: 200
Route '/random2' handled with status: 200
Route '/random2' handled with status: 200
Route '/random2' handled with status: 200
Route '/random2' handled with status: 200
Route '/random2' handled with status: 200
Route '/random2' handled with status: 200
Route '/random2' handled with status: 200
Route '/random2' handled with status: 200
Route '/random2' handled with status: 200
Route '/sl_logger' handled with status: 200
Route '/random2' handled with status: 200
Route '/random2' handled with status: 200
Route '/random2' handled with status: 200
Route '/random2' handled with status: 200
Route '/random2' handled with status: 200
Route '/random2' handled with status: 200
Route '/random2' handled with status: 200
Route '/random2' handled with status: 200
Route '/random2' handled with status: 200
Route '/random2' handled with status: 200
Route '/random2' handled with status: 200
Route '/random2' handled with status: 200
Route '/random2' handled with status: 200
Route '/random2' handled with status: 200
Route '/random2' handled with status: 200
Route '/random2' handled with status: 200
Route '/random2' handled with status: 200
Route '/random2' handled with status: 200
Route '/random2' handled with status: 200
Route '/random2' handled with status: 200
Route '/random2' handled with status: 200
Route '/random2' handled with status: 200
Route '/random2' handled with status: 200
Route '/random2' handled with status: 200
Route '/random2' handled with status: 200
Route '/random2' handled with status: 200
Route '/random2' handled with status: 200
Route '/random2' handled with status: 200
Route '/random2' handled with status: 200
Route '/random2' handled with status: 200
Route '/random2' handled with status: 200
Route '/random2' handled with status: 200
Route '/sl_logger' handled with status: 200
Route '/random2' handled with status: 200
Route '/random2' handled with status: 200
Route '/random2' handled with status: 200
Route '/random2' handled with status: 200
Route '/random2' handled with status: 200
Route '/random2' handled with status: 200
Route '/random2' handled with status: 200
Route '/random2' handled with status: 200
Route '/random2' handled with status: 200
Route '/random2' handled with status: 200
Route '/random2' handled with status: 200
Route '/random2' handled with status: 200
Route '/random2' handled with status: 200
Route '/random2' handled with status: 200
Route '/sl_logger' handled with status: 200
Route '/random2' handled with status: 200
Route '/random2' handled with status: 200
Route '/random2' handled with status: 200
Route '/random2' handled with status: 200
Route '/random2' handled with status: 200
Route '/random2' handled with status: 200
Route '/random2' handled with status: 200
Route '/random2' handled with status: 200
Route '/random2' handled with status: 200
Route '/random2' handled with status: 200
Route '/random2' handled with status: 200
Route '/random2' handled with status: 200
Route '/random2' handled with status: 200
Route '/random2' handled with status: 200
Route '/random2' handled with status: 200
Route '/random2' handled with status: 200
Route '/sl_logger' handled with status: 200
Route '/random2' handled with status: 200
Route '/random2' handled with status: 200
Route '/random2' handled with status: 200
Route '/random2' handled with status: 200
Route '/random2' handled with status: 200
Route '/random2' handled with status: 200
Route '/random2' handled with status: 200
Route '/random2' handled with status: 200
Route '/random2' handled with status: 200
Route '/random2' handled with status: 200
Route '/random2' handled with status: 200
Route '/random2' handled with status: 200
Route '/sl_logger' handled with status: 200
Route '/random2' handled with status: 200
Route '/random2' handled with status: 200
Route '/sl_logger' handled with status: 200
Route '/random2' handled with status: 200
Route '/random2' handled with status: 200
Route '/random2' handled with status: 200
Route '/random2' handled with status: 200
Route '/random2' handled with status: 200
Route '/random2' handled with status: 200
Route '/random2' handled with status: 200
Route '/random2' handled with status: 200
Route '/random2' handled with status: 200
Route '/random2' handled with status: 200
Route '/random2' handled with status: 200
Route '/random2' handled with status: 200
Route '/random2' handled with status: 200
Route '/random2' handled with status: 200
Route '/random2' handled with status: 200
Route '/random2' handled with status: 200
Route '/random2' handled with status: 200
Route '/random2' handled with status: 200
Route '/sl_logger' handled with status: 200
Route '/sl_logger' handled with status: 200
Route '/random2' handled with status: 200
Route '/random2' handled with status: 200
Route '/random2' handled with status: 200
Route '/random2' handled with status: 200
Route '/random2' handled with status: 200
Route '/random2' handled with status: 200
Route '/random2' handled with status: 200
Route '/random2' handled with status: 200
Route '/sl_logger' handled with status: 200
Route '/random2' handled with status: 200
Route '/random2' handled with status: 200
Route '/random2' handled with status: 200
Route '/random2' handled with status: 200
Route '/random2' handled with status: 200
Route '/random2' handled with status: 200
Route '/random2' handled with status: 200
Route '/random2' handled with status: 200
Route '/random2' handled with status: 200
Route '/random2' handled with status: 200
Route '/random2' handled with status: 200
Route '/random2' handled with status: 200
Route '/random2' handled with status: 200
Route '/random2' handled with status: 200
Route '/random2' handled with status: 200
Route '/random2' handled with status: 200
Route '/random2' handled with status: 200
Route '/random2' handled with status: 200
Route '/random2' handled with status: 200
Route '/random2' handled with status: 200
Route '/random2' handled with status: 200
Route '/random2' handled with status: 200
Route '/sl_logger' handled with status: 200
Route '/random2' handled with status: 200
Route '/random2' handled with status: 200
Route '/random2' handled with status: 200
Route '/random2' handled with status: 200
Route '/random2' handled with status: 200
Route '/random2' handled with status: 200
Route '/random2' handled with status: 200
Route '/random2' handled with status: 200
Route '/sl_logger' handled with status: 200
Route '/random2' handled with status: 200
Route '/random2' handled with status: 200
Route '/random2' handled with status: 200
Route '/random2' handled with status: 200
Route '/sl_logger' handled with status: 200
Route '/random2' handled with status: 200
Route '/random2' handled with status: 200
Route '/random2' handled with status: 200
Route '/random2' handled with status: 200
Route '/random2' handled with status: 200
Route '/random2' handled with status: 200
Route '/random2' handled with status: 200
Route '/random2' handled with status: 200
Route '/random2' handled with status: 200
Route '/random2' handled with status: 200
Route '/random2' handled with status: 200
Route '/random2' handled with status: 200
Route '/random2' handled with status: 200
Route '/random2' handled with status: 200
Route '/random2' handled with status: 200
Route '/random2' handled with status: 200
Route '/random2' handled with status: 200
Route '/random2' handled with status: 200
Route '/sl_logger' handled with status: 200
Route '/random2' handled with status: 200
Route '/random2' handled with status: 200
Route '/sl_logger' handled with status: 200
Route '/random2' handled with status: 200
Route '/random2' handled with status: 200
Route '/random2' handled with status: 200
Route '/random2' handled with status: 200
Route '/random2' handled with status: 200
Route '/random2' handled with status: 200
Route '/random2' handled with status: 200
Route '/random2' handled with status: 200
Route '/random2' handled with status: 200
Route '/random2' handled with status: 200
Route '/random2' handled with status: 200
Route '/random2' handled with status: 200
Route '/random2' handled with status: 200
Route '/random2' handled with status: 200
Route '/random2' handled with status: 200
Route '/random2' handled with status: 200
Route '/sl_logger' handled with status: 200
Route '/random2' handled with status: 200
Route '/random2' handled with status: 200
Route '/random2' handled with status: 200
Route '/random2' handled with status: 200
Route '/random2' handled with status: 200
Route '/random2' handled with status: 200
Route '/random2' handled with status: 200
Route '/random2' handled with status: 200
Route '/random2' handled with status: 200
Route '/random2' handled with status: 200
Route '/sl_logger' handled with status: 200
Route '/random2' handled with status: 200
Route '/random2' handled with status: 200
Route '/random2' handled with status: 200
Route '/random2' handled with status: 200
Route '/random2' handled with status: 200
Route '/random2' handled with status: 200
Route '/random2' handled with status: 200
Route '/random2' handled with status: 200
Route '/random2' handled with status: 200
Route '/random2' handled with status: 200
Route '/random2' handled with status: 200
Route '/random2' handled with status: 200
Route '/random2' handled with status: 200
Route '/random2' handled with status: 200
Route '/random2' handled with status: 200
Route '/random2' handled with status: 200
Route '/random2' handled with status: 200
Route '/random2' handled with status: 200
Route '/sl_logger' handled with status: 200
Route '/random2' handled with status: 200
Route '/random2' handled with status: 200
Route '/random2' handled with status: 200
Route '/random2' handled with status: 200
Route '/random2' handled with status: 200
Route '/random2' handled with status: 200
Route '/random2' handled with status: 200
Route '/random2' handled with status: 200
Route '/random2' handled with status: 200
Route '/random2' handled with status: 200
Route '/random2' handled with status: 200
Route '/random2' handled with status: 200
Route '/random2' handled with status: 200
Route '/random2' handled with status: 200
Route '/random2' handled with status: 200
Route '/random2' handled with status: 200
Route '/random2' handled with status: 200
Route '/random2' handled with status: 200
Route '/random2' handled with status: 200
Route '/random2' handled with status: 200
Route '/random2' handled with status: 200
Route '/random2' handled with status: 200
Route '/random2' handled with status: 200
Route '/random2' handled with status: 200
Route '/random2' handled with status: 200
Route '/random2' handled with status: 200
Route '/random2' handled with status: 200
Route '/random2' handled with status: 200
Route '/random2' handled with status: 200
Route '/random2' handled with status: 200
Route '/random2' handled with status: 200
Route '/random2' handled with status: 200
Route '/random2' handled with status: 200
Route '/random2' handled with status: 200
Route '/random2' handled with status: 200
Route '/random2' handled with status: 200
Route '/random2' handled with status: 200
Route '/random2' handled with status: 200
Route '/random2' handled with status: 200
Route '/random2' handled with status: 200
Route '/random2' handled with status: 200
Route '/random2' handled with status: 200
Route '/random2' handled with status: 200
Route '/random2' handled with status: 200
Route '/random2' handled with status: 200
Route '/random2' handled with status: 200
Route '/random2' handled with status: 200
Route '/random2' handled with status: 200
Route '/random2' handled with status: 200
Route '/random2' handled with status: 200
Route '/random2' handled with status: 200
Route '/random2' handled with status: 200
Route '/random2' handled with status: 200
Route '/random2' handled with status: 200
Route '/random2' handled with status: 200
Route '/random2' handled with status: 200
Route '/random2' handled with status: 200
Route '/random2' handled with status: 200
Route '/random2' handled with status: 200
Route '/random2' handled with status: 200
Route '/random2' handled with status: 200
Route '/random2' handled with status: 200
Route '/sl_logger' handled with status: 200
Route '/random2' handled with status: 200
Route '/random2' handled with status: 200
Route '/random2' handled with status: 200
Route '/random2' handled with status: 200
Route '/sl_logger' handled with status: 200
Route '/random2' handled with status: 200
Route '/random2' handled with status: 200
Route '/random2' handled with status: 200
Route '/random2' handled with status: 200
Route '/random2' handled with status: 200
Route '/random2' handled with status: 200
Route '/random2' handled with status: 200
Route '/random2' handled with status: 200
Route '/random2' handled with status: 200
Route '/random2' handled with status: 200
Route '/random2' handled with status: 200
Route '/random2' handled with status: 200
Route '/random2' handled with status: 200
Route '/random2' handled with status: 200
Route '/random2' handled with status: 200
Route '/random2' handled with status: 200
Route '/random2' handled with status: 200
Route '/random2' handled with status: 200
Route '/random2' handled with status: 200
Route '/random2' handled with status: 200
Route '/random2' handled with status: 200
Route '/random2' handled with status: 200
Route '/random2' handled with status: 200
Route '/random2' handled with status: 200
Route '/random2' handled with status: 200
Route '/random2' handled with status: 200
Route '/random2' handled with status: 200
Route '/random2' handled with status: 200
Route '/random2' handled with status: 200
Route '/random2' handled with status: 200
Route '/random2' handled with status: 200
Route '/random2' handled with status: 200
Route '/random2' handled with status: 200
Route '/random2' handled with status: 200
Route '/random2' handled with status: 200
Route '/random2' handled with status: 200
Route '/random2' handled with status: 200
Route '/random2' handled with status: 200
Route '/random2' handled with status: 200
Route '/random2' handled with status: 200
Route '/random2' handled with status: 200
Route '/random2' handled with status: 200
Route '/random2' handled with status: 200
Route '/random2' handled with status: 200
Route '/sl_logger' handled with status: 200
Route '/random2' handled with status: 200
Route '/random2' handled with status: 200
Route '/random2' handled with status: 200
Route '/random2' handled with status: 200
Route '/random2' handled with status: 200
Route '/random2' handled with status: 200
Route '/sl_logger' handled with status: 200
Route '/random2' handled with status: 200
Route '/random2' handled with status: 200
Route '/random2' handled with status: 200
Route '/random2' handled with status: 200
Route '/random2' handled with status: 200
Route '/random2' handled with status: 200
Route '/sl_logger' handled with status: 200
Route '/random2' handled with status: 200
Route '/random2' handled with status: 200
Route '/random2' handled with status: 200
Route '/random2' handled with status: 200
Route '/random2' handled with status: 200
Route '/random2' handled with status: 200
Route '/random2' handled with status: 200
Route '/random2' handled with status: 200
Route '/sl_logger' handled with status: 200
Route '/random2' handled with status: 200
Route '/random2' handled with status: 200
Route '/random2' handled with status: 200
Route '/random2' handled with status: 200
Route '/sl_logger' handled with status: 200
Route '/random2' handled with status: 200
Route '/random2' handled with status: 200
Route '/random2' handled with status: 200
Route '/random2' handled with status: 200
Route '/random2' handled with status: 200
Route '/sl_logger' handled with status: 200
Route '/random2' handled with status: 200
Route '/random2' handled with status: 200
Route '/random2' handled with status: 200
Route '/random2' handled with status: 200
Route '/random2' handled with status: 200
Route '/random2' handled with status: 200
Route '/random2' handled with status: 200
Route '/random2' handled with status: 200
Route '/random2' handled with status: 200
Route '/sl_logger' handled with status: 200
Route '/random2' handled with status: 200
Route '/random2' handled with status: 200
Route '/random2' handled with status: 200
Route '/random2' handled with status: 200
Route '/random2' handled with status: 200
Route '/random2' handled with status: 200
Route '/random2' handled with status: 200
Route '/random2' handled with status: 200
Route '/random2' handled with status: 200
Route '/random2' handled with status: 200
Route '/sl_logger' handled with status: 200
Route '/random2' handled with status: 200
Route '/random2' handled with status: 200
Route '/random2' handled with status: 200
Route '/random2' handled with status: 200
Route '/sl_logger' handled with status: 200
Route '/random2' handled with status: 200
Route '/random2' handled with status: 200
Route '/random2' handled with status: 200
Route '/random2' handled with status: 200
Route '/random2' handled with status: 200
Route '/random2' handled with status: 200
Route '/random2' handled with status: 200
Route '/random2' handled with status: 200
Route '/sl_logger' handled with status: 200
Route '/random2' handled with status: 200
Route '/random2' handled with status: 200
Route '/random2' handled with status: 200
Route '/random2' handled with status: 200
Route '/random2' handled with status: 200
Route '/random2' handled with status: 200
Route '/sl_logger' handled with status: 200
Route '/random2' handled with status: 200
Route '/random2' handled with status: 200
Route '/random2' handled with status: 200
Route '/random2' handled with status: 200
Route '/random2' handled with status: 200
Route '/random2' handled with status: 200
Route '/sl_logger' handled with status: 200
Route '/random2' handled with status: 200
Route '/random2' handled with status: 200
Route '/random2' handled with status: 200
Route '/random2' handled with status: 200
Route '/random2' handled with status: 200
Route '/random2' handled with status: 200
Route '/random2' handled with status: 200
Route '/random2' handled with status: 200
Route '/sl_logger' handled with status: 200
Route '/random2' handled with status: 200
Route '/random2' handled with status: 200
Route '/random2' handled with status: 200
Route '/random2' handled with status: 200
Route '/random2' handled with status: 200
Route '/random2' handled with status: 200
Route '/random2' handled with status: 200
Route '/random2' handled with status: 200
Route '/random2' handled with status: 200
Route '/random2' handled with status: 200
Route '/random2' handled with status: 200
Route '/random2' handled with status: 200
Route '/random2' handled with status: 200
Route '/random2' handled with status: 200
Route '/random2' handled with status: 200
Route '/random2' handled with status: 200
Route '/random2' handled with status: 200
Route '/random2' handled with status: 200
Route '/random2' handled with status: 200
Route '/random2' handled with status: 200
Route '/random2' handled with status: 200
Route '/random2' handled with status: 200
Route '/random2' handled with status: 200
Route '/random2' handled with status: 200
Route '/random2' handled with status: 200
Route '/random2' handled with status: 200
Route '/random2' handled with status: 200
Route '/random2' handled with status: 200
Route '/random2' handled with status: 200
Route '/random2' handled with status: 200
Route '/random2' handled with status: 200
Route '/random2' handled with status: 200
Route '/random2' handled with status: 200
Route '/random2' handled with status: 200
Route '/random2' handled with status: 200
Route '/random2' handled with status: 200
Route '/random2' handled with status: 200
Route '/random2' handled with status: 200
Route '/random2' handled with status: 200
Route '/random2' handled with status: 200
Route '/random2' handled with status: 200
Route '/random2' handled with status: 200
Route '/random2' handled with status: 200
Route '/random2' handled with status: 200
Route '/random2' handled with status: 200
Route '/random2' handled with status: 200
Route '/random2' handled with status: 200
Route '/random2' handled with status: 200
Route '/random2' handled with status: 200
Route '/random2' handled with status: 200
Route '/random2' handled with status: 200
Route '/random2' handled with status: 200
Route '/random2' handled with status: 200
Route '/random2' handled with status: 200
Route '/random2' handled with status: 200
Route '/random2' handled with status: 200
Route '/random2' handled with status: 200
Route '/random2' handled with status: 200
Route '/random2' handled with status: 200
Route '/random2' handled with status: 200
Route '/random2' handled with status: 200
Route '/random2' handled with status: 200
Route '/random2' handled with status: 200
Route '/random2' handled with status: 200
Route '/random2' handled with status: 200
Route '/random2' handled with status: 200
Route '/random2' handled with status: 200
Route '/random2' handled with status: 200
Route '/random2' handled with status: 200
Route '/random2' handled with status: 200
Route '/random2' handled with status: 200
Route '/random2' handled with status: 200
Route '/random2' handled with status: 200
Route '/random2' handled with status: 200
Route '/random2' handled with status: 200
Route '/random2' handled with status: 200
Route '/random2' handled with status: 200
Route '/random2' handled with status: 200
Route '/random2' handled with status: 200
Route '/random2' handled with status: 200
Route '/random2' handled with status: 200
Route '/random2' handled with status: 200
Route '/random2' handled with status: 200
Route '/random2' handled with status: 200
Route '/random2' handled with status: 200
Route '/random2' handled with status: 200
Route '/random2' handled with status: 200
Route '/random2' handled with status: 200
Route '/random2' handled with status: 200
Route '/random2' handled with status: 200
Route '/random2' handled with status: 200
Route '/random2' handled with status: 200
Route '/random2' handled with status: 200
Route '/random2' handled with status: 200
Route '/random2' handled with status: 200
Route '/random2' handled with status: 200
Route '/random2' handled with status: 200
Route '/random2' handled with status: 200
Route '/random2' handled with status: 200
Route '/random2' handled with status: 200
Route '/random2' handled with status: 200
Route '/sl_logger' handled with status: 200
Route '/sl_logger' handled with status: 200
Route '/random2' handled with status: 200
Route '/random2' handled with status: 200
Route '/random2' handled with status: 200
Route '/random2' handled with status: 200
Route '/random2' handled with status: 200
Route '/random2' handled with status: 200
Route '/random2' handled with status: 200
Route '/random2' handled with status: 200
Route '/random2' handled with status: 200
Route '/random2' handled with status: 200
Route '/random2' handled with status: 200
Route '/random2' handled with status: 200
Route '/random2' handled with status: 200
Route '/random2' handled with status: 200
Route '/random2' handled with status: 200
Route '/random2' handled with status: 200
Route '/random2' handled with status: 200
Route '/random2' handled with status: 200
Route '/random2' handled with status: 200
Route '/random2' handled with status: 200
Route '/random2' handled with status: 200
Route '/random2' handled with status: 200
Route '/random2' handled with status: 200
Route '/random2' handled with status: 200
Route '/random2' handled with status: 200
Route '/random2' handled with status: 200
Route '/random2' handled with status: 200
Route '/random2' handled with status: 200
Route '/sl_logger' handled with status: 200
Route '/sl_logger' handled with status: 200
Route '/random2' handled with status: 200
Route '/random2' handled with status: 200
Route '/random2' handled with status: 200
Route '/random2' handled with status: 200
Route '/random2' handled with status: 200
Route '/random2' handled with status: 200
Route '/random2' handled with status: 200
Route '/random2' handled with status: 200
Route '/random2' handled with status: 200
Route '/random2' handled with status: 200
Route '/random2' handled with status: 200
Route '/random2' handled with status: 200
Route '/random2' handled with status: 200
Route '/random2' handled with status: 200
Route '/random2' handled with status: 200
Route '/random2' handled with status: 200
Route '/random2' handled with status: 200
Route '/random2' handled with status: 200
Route '/random2' handled with status: 200
Route '/random2' handled with status: 200
Route '/random2' handled with status: 200
Route '/random2' handled with status: 200
Route '/random2' handled with status: 200
Route '/random2' handled with status: 200
Route '/random2' handled with status: 200
Route '/random2' handled with status: 200
Route '/random2' handled with status: 200
Route '/random2' handled with status: 200
Route '/random2' handled with status: 200
Route '/random2' handled with status: 200
Route '/sl_logger' handled with status: 200
Route '/sl_logger' handled with status: 200
Route '/random2' handled with status: 200
Route '/random2' handled with status: 200
Route '/random2' handled with status: 200
Route '/random2' handled with status: 200
Route '/random2' handled with status: 200
Route '/random2' handled with status: 200
Route '/random2' handled with status: 200
Route '/random2' handled with status: 200
Route '/random2' handled with status: 200
Route '/random2' handled with status: 200
Route '/random2' handled with status: 200
Route '/random2' handled with status: 200
Route '/random2' handled with status: 200
Route '/random2' handled with status: 200
Route '/random2' handled with status: 200
Route '/random2' handled with status: 200
Route '/random2' handled with status: 200
Route '/random2' handled with status: 200
Route '/random2' handled with status: 200
Route '/random2' handled with status: 200
Route '/random2' handled with status: 200
Route '/random2' handled with status: 200
Route '/random2' handled with status: 200
Route '/random2' handled with status: 200
Route '/random2' handled with status: 200
Route '/random2' handled with status: 200
Route '/random2' handled with status: 200
Route '/random2' handled with status: 200
Route '/random2' handled with status: 200
Route '/random2' handled with status: 200
Route '/random2' handled with status: 200
Route '/random2' handled with status: 200
Route '/random2' handled with status: 200
Route '/random2' handled with status: 200
Route '/random2' handled with status: 200
Route '/random2' handled with status: 200
Route '/random2' handled with status: 200
Route '/random2' handled with status: 200
Route '/random2' handled with status: 200
Route '/random2' handled with status: 200
Route '/random2' handled with status: 200
Route '/random2' handled with status: 200
Route '/random2' handled with status: 200
Route '/random2' handled with status: 200
Route '/random2' handled with status: 200
Route '/random2' handled with status: 200
Route '/random2' handled with status: 200
Route '/random2' handled with status: 200
Route '/random2' handled with status: 200
Route '/random2' handled with status: 200
Route '/random2' handled with status: 200
Route '/random2' handled with status: 200
Route '/random2' handled with status: 200
Route '/random2' handled with status: 200
Route '/random2' handled with status: 200
Route '/random2' handled with status: 200
Route '/random2' handled with status: 200
Route '/random2' handled with status: 200
Route '/random2' handled with status: 200
Route '/random2' handled with status: 200
Route '/random2' handled with status: 200
Route '/random2' handled with status: 200
Route '/random2' handled with status: 200
Route '/random2' handled with status: 200
Route '/random2' handled with status: 200
Route '/random2' handled with status: 200
Route '/random2' handled with status: 200
Route '/random2' handled with status: 200
Route '/random2' handled with status: 200
Route '/random2' handled with status: 200
Route '/random2' handled with status: 200
Route '/random2' handled with status: 200
Route '/random2' handled with status: 200
Route '/random2' handled with status: 200
Route '/random2' handled with status: 200
Route '/random2' handled with status: 200
Route '/sl_logger' handled with status: 200
Route '/sl_logger' handled with status: 200
Route '/random2' handled with status: 200
Route '/random2' handled with status: 200
Route '/random2' handled with status: 200
Route '/random2' handled with status: 200
Route '/random2' handled with status: 200
Route '/random2' handled with status: 200
Route '/random2' handled with status: 200
Route '/random2' handled with status: 200
Route '/random2' handled with status: 200
Route '/random2' handled with status: 200
Route '/random2' handled with status: 200
Route '/random2' handled with status: 200
Route '/random2' handled with status: 200
Route '/random2' handled with status: 200
Route '/random2' handled with status: 200
Route '/random2' handled with status: 200
Route '/random2' handled with status: 200
Route '/random2' handled with status: 200
Route '/random2' handled with status: 200
Route '/random2' handled with status: 200
Route '/random2' handled with status: 200
Route '/random2' handled with status: 200
Route '/random2' handled with status: 200
Route '/random2' handled with status: 200
Route '/random2' handled with status: 200
Route '/random2' handled with status: 200
Route '/random2' handled with status: 200
Route '/random2' handled with status: 200
Route '/sl_logger' handled with status: 200
Route '/sl_logger' handled with status: 200
Route '/random2' handled with status: 200
Route '/random2' handled with status: 200
Route '/random2' handled with status: 200
Route '/random2' handled with status: 200
Route '/random2' handled with status: 200
Route '/random2' handled with status: 200
Route '/random2' handled with status: 200
Route '/random2' handled with status: 200
Route '/random2' handled with status: 200
Route '/random2' handled with status: 200
Route '/random2' handled with status: 200
Route '/random2' handled with status: 200
Route '/random2' handled with status: 200
Route '/random2' handled with status: 200
Route '/random2' handled with status: 200
Route '/random2' handled with status: 200
Route '/random2' handled with status: 200
Route '/random2' handled with status: 200
Route '/random2' handled with status: 200
Route '/random2' handled with status: 200
Route '/random2' handled with status: 200
Route '/random2' handled with status: 200
Route '/random2' handled with status: 200
Route '/random2' handled with status: 200
Route '/random2' handled with status: 200
Route '/random2' handled with status: 200
Route '/random2' handled with status: 200
Route '/random2' handled with status: 200
Route '/sl_logger' handled with status: 200
Route '/sl_logger' handled with status: 200
Route '/random2' handled with status: 200
Route '/random2' handled with status: 200
Route '/random2' handled with status: 200
Route '/random2' handled with status: 200
Route '/random2' handled with status: 200
Route '/random2' handled with status: 200
Route '/random2' handled with status: 200
Route '/random2' handled with status: 200
Route '/random2' handled with status: 200
Route '/random2' handled with status: 200
Route '/random2' handled with status: 200
Route '/random2' handled with status: 200
Route '/random2' handled with status: 200
Route '/random2' handled with status: 200
Route '/random2' handled with status: 200
Route '/random2' handled with status: 200
Route '/random2' handled with status: 200
Route '/random2' handled with status: 200
Route '/random2' handled with status: 200
Route '/random2' handled with status: 200
Route '/random2' handled with status: 200
Route '/random2' handled with status: 200
Route '/random2' handled with status: 200
Route '/random2' handled with status: 200
Route '/random2' handled with status: 200
Route '/random2' handled with status: 200
Route '/random2' handled with status: 200
Route '/random2' handled with status: 200
Route '/random2' handled with status: 200
Route '/random2' handled with status: 200
Route '/random2' handled with status: 200
Route '/random2' handled with status: 200
Route '/random2' handled with status: 200
Route '/random2' handled with status: 200
Route '/random2' handled with status: 200
Route '/random2' handled with status: 200
Route '/random2' handled with status: 200
Route '/random2' handled with status: 200
Route '/random2' handled with status: 200
Route '/random2' handled with status: 200
Route '/random2' handled with status: 200
Route '/random2' handled with status: 200
Route '/sl_logger' handled with status: 200
Route '/sl_logger' handled with status: 200
Route '/random2' handled with status: 200
Route '/random2' handled with status: 200
Route '/random2' handled with status: 200
Route '/random2' handled with status: 200
Route '/random2' handled with status: 200
Route '/random2' handled with status: 200
Route '/random2' handled with status: 200
Route '/random2' handled with status: 200
Route '/random2' handled with status: 200
Route '/random2' handled with status: 200
Route '/random2' handled with status: 200
Route '/random2' handled with status: 200
Route '/random2' handled with status: 200
Route '/random2' handled with status: 200
Route '/sl_logger' handled with status: 200
Route '/sl_logger' handled with status: 200
Route '/random2' handled with status: 200
Route '/random2' handled with status: 200
Route '/random2' handled with status: 200
Route '/random2' handled with status: 200
Route '/random2' handled with status: 200
Route '/random2' handled with status: 200
Route '/random2' handled with status: 200
Route '/random2' handled with status: 200
Route '/random2' handled with status: 200
Route '/random2' handled with status: 200
Route '/sl_logger' handled with status: 200
Route '/random2' handled with status: 200
Route '/sl_logger' handled with status: 200
Route '/random2' handled with status: 200
Route '/random2' handled with status: 200
Route '/random2' handled with status: 200
Route '/random2' handled with status: 200
Route '/random2' handled with status: 200
Route '/random2' handled with status: 200
Route '/random2' handled with status: 200
Route '/random2' handled with status: 200
Route '/random2' handled with status: 200
Route '/random2' handled with status: 200
Route '/random2' handled with status: 200
Route '/random2' handled with status: 200
Route '/random2' handled with status: 200
Route '/sl_logger' handled with status: 200
Route '/sl_logger' handled with status: 200
Route '/random2' handled with status: 200
Route '/random2' handled with status: 200
Route '/random2' handled with status: 200
Route '/random2' handled with status: 200
Route '/random2' handled with status: 200
Route '/random2' handled with status: 200
Route '/random2' handled with status: 200
Route '/random2' handled with status: 200
Route '/random2' handled with status: 200
Route '/random2' handled with status: 200
Route '/random2' handled with status: 200
Route '/random2' handled with status: 200
Route '/random2' handled with status: 200
Route '/random2' handled with status: 200
Route '/random2' handled with status: 200
Route '/random2' handled with status: 200
Route '/random2' handled with status: 200
Route '/sl_logger' handled with status: 200
Route '/sl_logger' handled with status: 200
Route '/random2' handled with status: 200
Route '/random2' handled with status: 200
Route '/random2' handled with status: 200
Route '/random2' handled with status: 200
Route '/random2' handled with status: 200
Route '/random2' handled with status: 200
Route '/random2' handled with status: 200
Route '/random2' handled with status: 200
Route '/random2' handled with status: 200
Route '/random2' handled with status: 200
Route '/random2' handled with status: 200
Route '/random2' handled with status: 200
Route '/random2' handled with status: 200
Route '/random2' handled with status: 200
Route '/random2' handled with status: 200
Route '/random2' handled with status: 200
Route '/random2' handled with status: 200
Route '/random2' handled with status: 200
Route '/sl_logger' handled with status: 200
Route '/sl_logger' handled with status: 200
Route '/random2' handled with status: 200
Route '/random2' handled with status: 200
Route '/random2' handled with status: 200
Route '/random2' handled with status: 200
Route '/random2' handled with status: 200
Route '/random2' handled with status: 200
Route '/random2' handled with status: 200
Route '/random2' handled with status: 200
Route '/random2' handled with status: 200
Route '/random2' handled with status: 200
Route '/random2' handled with status: 200
Route '/random2' handled with status: 200
Route '/random2' handled with status: 200
Route '/random2' handled with status: 200
Route '/random2' handled with status: 200
Route '/random2' handled with status: 200
Route '/random2' handled with status: 200
Route '/random2' handled with status: 200
Route '/random2' handled with status: 200
Route '/sl_logger' handled with status: 200
Route '/sl_logger' handled with status: 200
Route '/random2' handled with status: 200
Route '/random2' handled with status: 200
Route '/random2' handled with status: 200
Route '/random2' handled with status: 200
Route '/random2' handled with status: 200
Route '/random2' handled with status: 200
Route '/random2' handled with status: 200
Route '/random2' handled with status: 200
Route '/random2' handled with status: 200
Route '/random2' handled with status: 200
Route '/random2' handled with status: 200
Route '/random2' handled with status: 200
Route '/random2' handled with status: 200
Route '/random2' handled with status: 200
Route '/random2' handled with status: 200
Route '/random2' handled with status: 200
Route '/sl_logger' handled with status: 200
Route '/sl_logger' handled with status: 200
Route '/random2' handled with status: 200
Route '/random2' handled with status: 200
Route '/random2' handled with status: 200
Route '/random2' handled with status: 200
Route '/random2' handled with status: 200
Route '/random2' handled with status: 200
Route '/random2' handled with status: 200
Route '/random2' handled with status: 200
Route '/random2' handled with status: 200
Route '/random2' handled with status: 200
Route '/random2' handled with status: 200
Route '/random2' handled with status: 200
Route '/random2' handled with status: 200
Route '/random2' handled with status: 200
Route '/random2' handled with status: 200
Route '/random2' handled with status: 200
Route '/random2' handled with status: 200
Route '/random2' handled with status: 200
Route '/random2' handled with status: 200
Route '/random2' handled with status: 200
Route '/random2' handled with status: 200
Route '/random2' handled with status: 200
Route '/random2' handled with status: 200
Route '/random2' handled with status: 200
Route '/random2' handled with status: 200
Route '/random2' handled with status: 200
Route '/random2' handled with status: 200
Route '/random2' handled with status: 200
Route '/random2' handled with status: 200
Route '/random2' handled with status: 200
Route '/random2' handled with status: 200
Route '/random2' handled with status: 200
Route '/random2' handled with status: 200
Route '/random2' handled with status: 200
Route '/random2' handled with status: 200
Route '/random2' handled with status: 200
Route '/random2' handled with status: 200
Route '/random2' handled with status: 200
Route '/random2' handled with status: 200
Route '/sl_logger' handled with status: 200
Route '/sl_logger' handled with status: 200
Route '/random2' handled with status: 200
Route '/random2' handled with status: 200
Route '/random2' handled with status: 200
Route '/sl_logger' handled with status: 200
Route '/sl_logger' handled with status: 200
Route '/random2' handled with status: 200
Route '/random2' handled with status: 200
Route '/random2' handled with status: 200
Route '/random2' handled with status: 200
Route '/random2' handled with status: 200
Route '/random2' handled with status: 200
Route '/random2' handled with status: 200
Route '/random2' handled with status: 200
Route '/random2' handled with status: 200
Route '/random2' handled with status: 200
Route '/random2' handled with status: 200
Route '/random2' handled with status: 200
Route '/random2' handled with status: 200
Route '/random2' handled with status: 200
Route '/random2' handled with status: 200
Route '/random2' handled with status: 200
Route '/random2' handled with status: 200
Route '/random2' handled with status: 200
Route '/random2' handled with status: 200
Route '/random2' handled with status: 200
Route '/random2' handled with status: 200
Route '/random2' handled with status: 200
Route '/random2' handled with status: 200
Route '/random2' handled with status: 200
Route '/random2' handled with status: 200
Route '/random2' handled with status: 200
Route '/random2' handled with status: 200
Route '/random2' handled with status: 200
Route '/random2' handled with status: 200
Route '/random2' handled with status: 200
Route '/random2' handled with status: 200
Route '/random2' handled with status: 200
Route '/random2' handled with status: 200
Route '/random2' handled with status: 200
Route '/random2' handled with status: 200
Route '/random2' handled with status: 200
Route '/random2' handled with status: 200
Route '/random2' handled with status: 200
Route '/random2' handled with status: 200
Route '/random2' handled with status: 200
Route '/random2' handled with status: 200
Route '/random2' handled with status: 200
Route '/random2' handled with status: 200
Route '/random2' handled with status: 200
Route '/random2' handled with status: 200
Route '/random2' handled with status: 200
Route '/random2' handled with status: 200
Route '/random2' handled with status: 200
Route '/random2' handled with status: 200
Route '/random2' handled with status: 200
Route '/random2' handled with status: 200
Route '/random2' handled with status: 200
Route '/random2' handled with status: 200
Route '/random2' handled with status: 200
Route '/random2' handled with status: 200
Route '/random2' handled with status: 200
Route '/random2' handled with status: 200
Route '/random2' handled with status: 200
Route '/random2' handled with status: 200
Route '/random2' handled with status: 200
Route '/random2' handled with status: 200
Route '/random2' handled with status: 200
Route '/random2' handled with status: 200
Route '/random2' handled with status: 200
Route '/random2' handled with status: 200
Route '/random2' handled with status: 200
Route '/random2' handled with status: 200
Route '/random2' handled with status: 200
Route '/random2' handled with status: 200
Route '/random2' handled with status: 200
Route '/random2' handled with status: 200
Route '/random2' handled with status: 200
Route '/random2' handled with status: 200
Route '/random2' handled with status: 200
Route '/random2' handled with status: 200
Route '/random2' handled with status: 200
Route '/random2' handled with status: 200
Route '/random2' handled with status: 200
Route '/random2' handled with status: 200
Route '/random2' handled with status: 200
Route '/random2' handled with status: 200
Route '/random2' handled with status: 200
Route '/random2' handled with status: 200
Route '/random2' handled with status: 200
Route '/random2' handled with status: 200
Route '/random2' handled with status: 200
Route '/random2' handled with status: 200
Route '/random2' handled with status: 200
Route '/random2' handled with status: 200
Route '/random2' handled with status: 200
Route '/random2' handled with status: 200
Route '/random2' handled with status: 200
Route '/random2' handled with status: 200
Route '/random2' handled with status: 200
Route '/random2' handled with status: 200
Route '/random2' handled with status: 200
Route '/random2' handled with status: 200
Route '/random2' handled with status: 200
Route '/random2' handled with status: 200
Route '/random2' handled with status: 200
Route '/random2' handled with status: 200
Route '/random2' handled with status: 200
Route '/random2' handled with status: 200
Route '/random2' handled with status: 200
Route '/random2' handled with status: 200
Route '/random2' handled with status: 200
Route '/random2' handled with status: 200
Route '/random2' handled with status: 200
Route '/random2' handled with status: 200
Route '/random2' handled with status: 200
Route '/random2' handled with status: 200
Route '/random2' handled with status: 200
Route '/random2' handled with status: 200
Route '/random2' handled with status: 200
Route '/random2' handled with status: 200
Route '/random2' handled with status: 200
Route '/random2' handled with status: 200
Route '/random2' handled with status: 200
Route '/random2' handled with status: 200
Route '/random2' handled with status: 200
Route '/random2' handled with status: 200
Route '/random2' handled with status: 200
Route '/random2' handled with status: 200
Route '/random2' handled with status: 200
Route '/random2' handled with status: 200
Route '/random2' handled with status: 200
Route '/random2' handled with status: 200
Route '/random2' handled with status: 200
Route '/random2' handled with status: 200
Route '/random2' handled with status: 200
Route '/random2' handled with status: 200
Route '/random2' handled with status: 200
Route '/random2' handled with status: 200
Route '/random2' handled with status: 200
Route '/random2' handled with status: 200
Route '/random2' handled with status: 200
Route '/random2' handled with status: 200
Route '/random2' handled with status: 200
Route '/random2' handled with status: 200
Route '/random2' handled with status: 200
Route '/random2' handled with status: 200
Route '/random2' handled with status: 200
Route '/random2' handled with status: 200
Route '/random2' handled with status: 200
Route '/random2' handled with status: 200
Route '/random2' handled with status: 200
Route '/random2' handled with status: 200
Route '/random2' handled with status: 200
Route '/random2' handled with status: 200
Route '/random2' handled with status: 200
Route '/random2' handled with status: 200
Route '/random2' handled with status: 200
Route '/random2' handled with status: 200
Route '/random2' handled with status: 200
Route '/random2' handled with status: 200
Route '/random2' handled with status: 200
Route '/random2' handled with status: 200
Route '/random2' handled with status: 200
Route '/random2' handled with status: 200
Route '/random2' handled with status: 200
Route '/random2' handled with status: 200
Route '/random2' handled with status: 200
Route '/random2' handled with status: 200
Route '/random2' handled with status: 200
Route '/random2' handled with status: 200
Route '/random2' handled with status: 200
Route '/random2' handled with status: 200
Route '/random2' handled with status: 200
Route '/random2' handled with status: 200
Route '/random2' handled with status: 200
Route '/random2' handled with status: 200
Route '/random2' handled with status: 200
Route '/random2' handled with status: 200
Route '/random2' handled with status: 200
Route '/random2' handled with status: 200
Route '/random2' handled with status: 200
Route '/random2' handled with status: 200
Route '/random2' handled with status: 200
Route '/random2' handled with status: 200
Route '/random2' handled with status: 200
Route '/random2' handled with status: 200
Route '/random2' handled with status: 200
Route '/random2' handled with status: 200
Route '/random2' handled with status: 200
Route '/random2' handled with status: 200
Route '/random2' handled with status: 200
Route '/random2' handled with status: 200
Route '/random2' handled with status: 200
Route '/random2' handled with status: 200
Route '/random2' handled with status: 200
Route '/random2' handled with status: 200
Route '/random2' handled with status: 200
Route '/random2' handled with status: 200
Route '/random2' handled with status: 200
Route '/random2' handled with status: 200
Route '/random2' handled with status: 200
Route '/random2' handled with status: 200
Route '/random2' handled with status: 200
Route '/random2' handled with status: 200
Route '/random2' handled with status: 200
Route '/random2' handled with status: 200
Route '/random2' handled with status: 200
Route '/random2' handled with status: 200
Route '/random2' handled with status: 200
Route '/random2' handled with status: 200
Route '/random2' handled with status: 200
Route '/random2' handled with status: 200
Route '/random2' handled with status: 200
Route '/random2' handled with status: 200
Route '/random2' handled with status: 200
Route '/random2' handled with status: 200
Route '/random2' handled with status: 200
Route '/random2' handled with status: 200
Route '/random2' handled with status: 200
Route '/random2' handled with status: 200
Route '/random2' handled with status: 200
Route '/random2' handled with status: 200
Route '/random2' handled with status: 200
Route '/random2' handled with status: 200
Route '/random2' handled with status: 200
Route '/random2' handled with status: 200
Route '/random2' handled with status: 200
Route '/random2' handled with status: 200
Route '/random2' handled with status: 200
Route '/random2' handled with status: 200
Route '/random2' handled with status: 200
Route '/random2' handled with status: 200
Route '/random2' handled with status: 200
Route '/random2' handled with status: 200
Route '/sl_logger' handled with status: 200
Route '/sl_logger' handled with status: 200
Route '/random2' handled with status: 200
Route '/random2' handled with status: 200
Route '/random2' handled with status: 200
Route '/random2' handled with status: 200
Route '/random2' handled with status: 200
Route '/random2' handled with status: 200
Route '/random2' handled with status: 200
Route '/random2' handled with status: 200
Route '/random2' handled with status: 200
Route '/random2' handled with status: 200
Route '/random2' handled with status: 200
Route '/random2' handled with status: 200
Route '/random2' handled with status: 200
Route '/random2' handled with status: 200
Route '/random2' handled with status: 200
Route '/random2' handled with status: 200
Route '/random2' handled with status: 200
Route '/random2' handled with status: 200
Route '/random2' handled with status: 200
Route '/random2' handled with status: 200
Route '/random2' handled with status: 200
Route '/random2' handled with status: 200
Route '/random2' handled with status: 200
Route '/random2' handled with status: 200
Route '/sl_logger' handled with status: 200
Route '/sl_logger' handled with status: 200
Route '/random2' handled with status: 200
Route '/random2' handled with status: 200
Route '/random2' handled with status: 200
Route '/sl_logger' handled with status: 200
Route '/sl_logger' handled with status: 200
Route '/random2' handled with status: 200
Route '/random2' handled with status: 200
Route '/random2' handled with status: 200
Route '/random2' handled with status: 200
Route '/random2' handled with status: 200
Route '/random2' handled with status: 200
Route '/random2' handled with status: 200
Route '/Dr0v' handled with status: 404
Route '/wp-json/gravitysmtp/v1/tests/mock-data' handled with status: 404
Route '/.well-known/atproto-did' handled with status: 404
Route '/.env' handled with status: 404
Route '/.env' handled with status: 404
Route '/.env.local' handled with status: 404
Route '/.env.local' handled with status: 404
Route '/.env.production' handled with status: 404
Route '/.env.production' handled with status: 404
Route '/.env.dev' handled with status: 404
Route '/.env.bak' handled with status: 404
Route '/.env.dev' handled with status: 404
Route '/.env.bak' handled with status: 404
Route '/.env.old' handled with status: 404
Route '/.env.old' handled with status: 404
Route '/.env.save' handled with status: 404
Route '/.env.save' handled with status: 404
Route '/.env.backup' handled with status: 404
Route '/.env.backup' handled with status: 404
Route '/bin/sh' handled with status: 404
Route '/cgi-bin/%%32%65%%32%65/%%32%65%%32%65/%%32%65%%32%65/%%32%65%%32%65/%%32%65%%32%65/%%32%65%%32%65/%%32%65%%32%65/bin/sh' handled with status: 404
Route '/hello.world' handled with status: 404
Route '/' handled with status: 405
Route '/index.php' handled with status: 404
Route '/test.hello' handled with status: 404
Route '/index.php' handled with status: 404
Route '/vendor/phpunit/phpunit/src/Util/PHP/eval-stdin.php' handled with status: 404
Route '/vendor/phpunit/phpunit/Util/PHP/eval-stdin.php' handled with status: 404
Route '/vendor/phpunit/src/Util/PHP/eval-stdin.php' handled with status: 404
Route '/vendor/phpunit/Util/PHP/eval-stdin.php' handled with status: 404
Route '/vendor/phpunit/phpunit/LICENSE/eval-stdin.php' handled with status: 404
Route '/vendor/vendor/phpunit/phpunit/src/Util/PHP/eval-stdin.php' handled with status: 404
Route '/phpunit/phpunit/src/Util/PHP/eval-stdin.php' handled with status: 404
Route '/phpunit/phpunit/Util/PHP/eval-stdin.php' handled with status: 404
Route '/phpunit/src/Util/PHP/eval-stdin.php' handled with status: 404
Route '/phpunit/Util/PHP/eval-stdin.php' handled with status: 404
Route '/lib/phpunit/phpunit/src/Util/PHP/eval-stdin.php' handled with status: 404
Route '/lib/phpunit/phpunit/Util/PHP/eval-stdin.php' handled with status: 404
Route '/lib/phpunit/src/Util/PHP/eval-stdin.php' handled with status: 404
Route '/lib/phpunit/Util/PHP/eval-stdin.php' handled with status: 404
Route '/lib/vendor/phpunit/phpunit/src/Util/PHP/eval-stdin.php' handled with status: 404
Route '/laravel/vendor/phpunit/phpunit/src/Util/PHP/eval-stdin.php' handled with status: 404
Route '/www/vendor/phpunit/phpunit/src/Util/PHP/eval-stdin.php' handled with status: 404
Route '/ws/vendor/phpunit/phpunit/src/Util/PHP/eval-stdin.php' handled with status: 404
Route '/yii/vendor/phpunit/phpunit/src/Util/PHP/eval-stdin.php' handled with status: 404
Route '/zend/vendor/phpunit/phpunit/src/Util/PHP/eval-stdin.php' handled with status: 404
Route '/ws/ec/vendor/phpunit/phpunit/src/Util/PHP/eval-stdin.php' handled with status: 404
Route '/V2/vendor/phpunit/phpunit/src/Util/PHP/eval-stdin.php' handled with status: 404
Route '/tests/vendor/phpunit/phpunit/src/Util/PHP/eval-stdin.php' handled with status: 404
Route '/test/vendor/phpunit/phpunit/src/Util/PHP/eval-stdin.php' handled with status: 404
Route '/testing/vendor/phpunit/phpunit/src/Util/PHP/eval-stdin.php' handled with status: 404
Route '/api/vendor/phpunit/phpunit/src/Util/PHP/eval-stdin.php' handled with status: 404
Route '/demo/vendor/phpunit/phpunit/src/Util/PHP/eval-stdin.php' handled with status: 404
Route '/cms/vendor/phpunit/phpunit/src/Util/PHP/eval-stdin.php' handled with status: 404
Route '/crm/vendor/phpunit/phpunit/src/Util/PHP/eval-stdin.php' handled with status: 404
Route '/admin/vendor/phpunit/phpunit/src/Util/PHP/eval-stdin.php' handled with status: 404
Route '/backup/vendor/phpunit/phpunit/src/Util/PHP/eval-stdin.php' handled with status: 404
Route '/blog/vendor/phpunit/phpunit/src/Util/PHP/eval-stdin.php' handled with status: 404
Route '/workspace/drupal/vendor/phpunit/phpunit/src/Util/PHP/eval-stdin.php' handled with status: 404
Route '/panel/vendor/phpunit/phpunit/src/Util/PHP/eval-stdin.php' handled with status: 404
Route '/public/vendor/phpunit/phpunit/src/Util/PHP/eval-stdin.php' handled with status: 404
Route '/apps/vendor/phpunit/phpunit/src/Util/PHP/eval-stdin.php' handled with status: 404
Route '/app/vendor/phpunit/phpunit/src/Util/PHP/eval-stdin.php' handled with status: 404
Route '/index.php' handled with status: 404
Route '/public/index.php' handled with status: 404
Route '/index.php' handled with status: 404
Route '/index.php' handled with status: 404
Route '/containers/json' handled with status: 404
Route '/robots.txt' handled with status: 404
Route '/' handled with status: 200
Route '/random2' handled with status: 200
Route '/random2' handled with status: 200
Route '/random2' handled with status: 200
Route '/random2' handled with status: 200
Route '/random2' handled with status: 200
Route '/random2' handled with status: 200
Route '/random2' handled with status: 200
Route '/random2' handled with status: 200
Route '/random2' handled with status: 200
Route '/random2' handled with status: 200
Route '/random2' handled with status: 200
Route '/sl_logger' handled with status: 200
Route '/random2' handled with status: 200
Route '/random2' handled with status: 200
Route '/random2' handled with status: 200
Route '/random2' handled with status: 200
Route '/random2' handled with status: 200
Route '/random2' handled with status: 200
Route '/random2' handled with status: 200
Route '/random2' handled with status: 200
Route '/random2' handled with status: 200
Route '/random2' handled with status: 200
Route '/random2' handled with status: 200
Route '/robots.txt' handled with status: 404
Route '/random2' handled with status: 200
Route '/_ethereal_life_sl_logger_get_' handled with status: 200
Route '/random2' handled with status: 200
Route '/random2' handled with status: 200
Route '/random2' handled with status: 200
Route '/random2' handled with status: 200
Route '/random2' handled with status: 200
Route '/random2' handled with status: 200
Route '/random2' handled with status: 200
Route '/random2' handled with status: 200
Route '/random2' handled with status: 200
Route '/random2' handled with status: 200
Route '/random2' handled with status: 200
Route '/random2' handled with status: 200
Route '/random2' handled with status: 200
Route '/random2' handled with status: 200
Route '/random2' handled with status: 200
Route '/random2' handled with status: 200
Route '/random2' handled with status: 200
Route '/random2' handled with status: 200
Route '/random2' handled with status: 200
Route '/random2' handled with status: 200
Route '/random2' handled with status: 200
Route '/random2' handled with status: 200
Route '/random2' handled with status: 200
Route '/random2' handled with status: 200
Route '/random2' handled with status: 200
Route '/random2' handled with status: 200
Route '/random2' handled with status: 200
Route '/random2' handled with status: 200
Route '/random2' handled with status: 200
Route '/random2' handled with status: 200
Route '/random2' handled with status: 200
Route '/random2' handled with status: 200
Route '/random2' handled with status: 200
Route '/random2' handled with status: 200
Route '/random2' handled with status: 200
Route '/random2' handled with status: 200
Route '/random2' handled with status: 200
Route '/random2' handled with status: 200
Route '/random2' handled with status: 200
Route '/random2' handled with status: 200
Route '/random2' handled with status: 200
Route '/random2' handled with status: 200
Route '/random2' handled with status: 200
Route '/random2' handled with status: 200
Route '/random2' handled with status: 200
Route '/random2' handled with status: 200
Route '/random2' handled with status: 200
Route '/random2' handled with status: 200
Route '/random2' handled with status: 200
Route '/random2' handled with status: 200
Route '/random2' handled with status: 200
Route '/random2' handled with status: 200
Route '/random2' handled with status: 200
Route '/random2' handled with status: 200
Route '/random2' handled with status: 200
Route '/random2' handled with status: 200
Route '/random2' handled with status: 200
Route '/random2' handled with status: 200
Route '/random2' handled with status: 200
Route '/random2' handled with status: 200
Route '/random2' handled with status: 200
Route '/random2' handled with status: 200
Route '/random2' handled with status: 200
Route '/random2' handled with status: 200
Route '/random2' handled with status: 200
Route '/random2' handled with status: 200
Route '/random2' handled with status: 200
Route '/random2' handled with status: 200
Route '/random2' handled with status: 200
Route '/random2' handled with status: 200
Route '/random2' handled with status: 200
Route '/random2' handled with status: 200
Route '/random2' handled with status: 200
Route '/random2' handled with status: 200
Route '/random2' handled with status: 200
Route '/random2' handled with status: 200
Route '/random2' handled with status: 200
Route '/random2' handled with status: 200
Route '/random2' handled with status: 200
Route '/random2' handled with status: 200
Route '/random2' handled with status: 200
Route '/random2' handled with status: 200
Route '/random2' handled with status: 200
Route '/random2' handled with status: 200
Route '/random2' handled with status: 200
Route '/random2' handled with status: 200
Route '/random2' handled with status: 200
Route '/random2' handled with status: 200
Route '/random2' handled with status: 200
Route '/random2' handled with status: 200
Route '/random2' handled with status: 200
Route '/random2' handled with status: 200
Route '/random2' handled with status: 200
Route '/random2' handled with status: 200
Route '/random2' handled with status: 200
Route '/random2' handled with status: 200
Route '/random2' handled with status: 200
Route '/random2' handled with status: 200
Route '/random2' handled with status: 200
Route '/random2' handled with status: 200
Route '/random2' handled with status: 200
Route '/random2' handled with status: 200
Route '/random2' handled with status: 200
Route '/random2' handled with status: 200
Route '/random2' handled with status: 200
Route '/random2' handled with status: 200
Route '/random2' handled with status: 200
Route '/random2' handled with status: 200
Route '/random2' handled with status: 200
Route '/random2' handled with status: 200
Route '/random2' handled with status: 200
Route '/random2' handled with status: 200
Route '/random2' handled with status: 200
Route '/random2' handled with status: 200
Route '/random2' handled with status: 200
Route '/random2' handled with status: 200
Route '/random2' handled with status: 200
Route '/random2' handled with status: 200
Route '/random2' handled with status: 200
Route '/random2' handled with status: 200
Route '/random2' handled with status: 200
Route '/random2' handled with status: 200
Route '/random2' handled with status: 200
Route '/random2' handled with status: 200
Route '/random2' handled with status: 200
Route '/random2' handled with status: 200
Route '/random2' handled with status: 200
Route '/random2' handled with status: 200
Route '/random2' handled with status: 200
Route '/random2' handled with status: 200
Route '/random2' handled with status: 200
Route '/random2' handled with status: 200
Route '/random2' handled with status: 200
Route '/random2' handled with status: 200
Route '/random2' handled with status: 200
Route '/random2' handled with status: 200
Route '/random2' handled with status: 200
Route '/random2' handled with status: 200
Route '/random2' handled with status: 200
Route '/random2' handled with status: 200
Route '/random2' handled with status: 200
Route '/random2' handled with status: 200
Route '/random2' handled with status: 200
Route '/random2' handled with status: 200
Route '/random2' handled with status: 200
Route '/random2' handled with status: 200
Route '/random2' handled with status: 200
Route '/random2' handled with status: 200
Route '/random2' handled with status: 200
Route '/random2' handled with status: 200
Route '/random2' handled with status: 200
Route '/random2' handled with status: 200
Route '/random2' handled with status: 200
Route '/random2' handled with status: 200
Route '/random2' handled with status: 200
Route '/random2' handled with status: 200
Route '/random2' handled with status: 200
Route '/random2' handled with status: 200
Route '/random2' handled with status: 200
Route '/random2' handled with status: 200
Route '/random2' handled with status: 200
Route '/random2' handled with status: 200
Route '/random2' handled with status: 200
Route '/random2' handled with status: 200
Route '/random2' handled with status: 200
Route '/random2' handled with status: 200
Route '/random2' handled with status: 200
Route '/random2' handled with status: 200
Route '/random2' handled with status: 200
Route '/random2' handled with status: 200
Route '/random2' handled with status: 200
Route '/random2' handled with status: 200
Route '/random2' handled with status: 200
Route '/random2' handled with status: 200
Route '/random2' handled with status: 200
Route '/random2' handled with status: 200
Route '/random2' handled with status: 200
Route '/random2' handled with status: 200
Route '/random2' handled with status: 200
Route '/random2' handled with status: 200
Route '/random2' handled with status: 200
Route '/random2' handled with status: 200
Route '/random2' handled with status: 200
Route '/random2' handled with status: 200
Route '/random2' handled with status: 200
Route '/random2' handled with status: 200
Route '/random2' handled with status: 200
Route '/random2' handled with status: 200
Route '/random2' handled with status: 200
Route '/random2' handled with status: 200
Route '/random2' handled with status: 200
Route '/random2' handled with status: 200
Route '/random2' handled with status: 200
Route '/random2' handled with status: 200
Route '/random2' handled with status: 200
Route '/random2' handled with status: 200
Route '/random2' handled with status: 200
Route '/random2' handled with status: 200
Route '/random2' handled with status: 200
Route '/random2' handled with status: 200
Route '/random2' handled with status: 200
Route '/random2' handled with status: 200
Route '/random2' handled with status: 200
Route '/random2' handled with status: 200
Route '/random2' handled with status: 200
Route '/random2' handled with status: 200
Route '/random2' handled with status: 200
Route '/random2' handled with status: 200
Route '/random2' handled with status: 200
Route '/random2' handled with status: 200
Route '/random2' handled with status: 200
Route '/random2' handled with status: 200
Route '/random2' handled with status: 200
Route '/random2' handled with status: 200
Route '/random2' handled with status: 200
Route '/random2' handled with status: 200
Route '/random2' handled with status: 200
Route '/random2' handled with status: 200
Route '/random2' handled with status: 200
Route '/random2' handled with status: 200
Route '/random2' handled with status: 200
Route '/random2' handled with status: 200
Route '/random2' handled with status: 200
Route '/random2' handled with status: 200
Route '/random2' handled with status: 200
Route '/random2' handled with status: 200
Route '/random2' handled with status: 200
Route '/random2' handled with status: 200
Route '/random2' handled with status: 200
Route '/random2' handled with status: 200
Route '/random2' handled with status: 200
Route '/random2' handled with status: 200
Route '/' handled with status: 200
Route '/random2' handled with status: 200
Route '/random2' handled with status: 200
Route '/random2' handled with status: 200
Route '/random2' handled with status: 200
Route '/random2' handled with status: 200
Route '/random2' handled with status: 200
Route '/random2' handled with status: 200
Route '/random2' handled with status: 200
Route '/random2' handled with status: 200
Route '/random2' handled with status: 200
Route '/random2' handled with status: 200
Route '/random2' handled with status: 200
Route '/random2' handled with status: 200
Route '/random2' handled with status: 200
Route '/random2' handled with status: 200
Route '/random2' handled with status: 200
Route '/random2' handled with status: 200
Route '/random2' handled with status: 200
Route '/random2' handled with status: 200
Route '/random2' handled with status: 200
Route '/random2' handled with status: 200
Route '/random2' handled with status: 200
Route '/random2' handled with status: 200
Route '/random2' handled with status: 200
Route '/random2' handled with status: 200
Route '/random2' handled with status: 200
Route '/random2' handled with status: 200
Route '/random2' handled with status: 200
Route '/random2' handled with status: 200
Route '/random2' handled with status: 200
Route '/random2' handled with status: 200
Route '/random2' handled with status: 200
Route '/random2' handled with status: 200
Route '/random2' handled with status: 200
Route '/random2' handled with status: 200
Route '/random2' handled with status: 200
Route '/random2' handled with status: 200
Route '/random2' handled with status: 200
Route '/random2' handled with status: 200
Route '/random2' handled with status: 200
Route '/random2' handled with status: 200
Route '/random2' handled with status: 200
Route '/random2' handled with status: 200
Route '/random2' handled with status: 200
Route '/random2' handled with status: 200
Route '/random2' handled with status: 200
Route '/random2' handled with status: 200
Route '/random2' handled with status: 200
Route '/random2' handled with status: 200
Route '/random2' handled with status: 200
Route '/random2' handled with status: 200
Route '/random2' handled with status: 200
Route '/random2' handled with status: 200
Route '/random2' handled with status: 200
Route '/random2' handled with status: 200
Route '/random2' handled with status: 200
Route '/random2' handled with status: 200
Route '/random2' handled with status: 200
Route '/random2' handled with status: 200
Route '/random2' handled with status: 200
Route '/random2' handled with status: 200
Route '/random2' handled with status: 200
Route '/random2' handled with status: 200
Route '/random2' handled with status: 200
Route '/random2' handled with status: 200
Route '/random2' handled with status: 200
Route '/random2' handled with status: 200
Route '/random2' handled with status: 200
Route '/random2' handled with status: 200
Route '/random2' handled with status: 200
Route '/random2' handled with status: 200
Route '/random2' handled with status: 200
Route '/random2' handled with status: 200
Route '/random2' handled with status: 200
Route '/random2' handled with status: 200
Route '/random2' handled with status: 200
Route '/random2' handled with status: 200
Route '/random2' handled with status: 200
Route '/random2' handled with status: 200
Route '/random2' handled with status: 200
Route '/random2' handled with status: 200
Route '/random2' handled with status: 200
Route '/random2' handled with status: 200
Route '/random2' handled with status: 200
Route '/random2' handled with status: 200
Route '/random2' handled with status: 200
Route '/random2' handled with status: 200
Route '/random2' handled with status: 200
Route '/random2' handled with status: 200
Route '/random2' handled with status: 200
Route '/random2' handled with status: 200
Route '/random2' handled with status: 200
Route '/random2' handled with status: 200
Route '/random2' handled with status: 200
Route '/random2' handled with status: 200
Route '/random2' handled with status: 200
Route '/random2' handled with status: 200
Route '/random2' handled with status: 200
Route '/random2' handled with status: 200
Route '/random2' handled with status: 200
Route '/random2' handled with status: 200
Route '/random2' handled with status: 200
Route '/random2' handled with status: 200
Route '/random2' handled with status: 200
Route '/random2' handled with status: 200
Route '/random2' handled with status: 200
Route '/random2' handled with status: 200
Route '/random2' handled with status: 200
Route '/random2' handled with status: 200
Route '/random2' handled with status: 200
Route '/random2' handled with status: 200
Route '/random2' handled with status: 200
Route '/random2' handled with status: 200
Route '/random2' handled with status: 200
Route '/random2' handled with status: 200
Route '/random2' handled with status: 200
Route '/random2' handled with status: 200
Route '/random2' handled with status: 200
Route '/random2' handled with status: 200
Route '/random2' handled with status: 200
Route '/random2' handled with status: 200
Route '/random2' handled with status: 200
Route '/random2' handled with status: 200
Route '/random2' handled with status: 200
Route '/random2' handled with status: 200
Route '/random2' handled with status: 200
Route '/random2' handled with status: 200
Route '/random2' handled with status: 200
Route '/random2' handled with status: 200
Route '/random2' handled with status: 200
Route '/random2' handled with status: 200
Route '/random2' handled with status: 200
Route '/random2' handled with status: 200
Route '/random2' handled with status: 200
Route '/random2' handled with status: 200
Route '/random2' handled with status: 200
Route '/random2' handled with status: 200
Route '/random2' handled with status: 200
Route '/random2' handled with status: 200
Route '/random2' handled with status: 200
Route '/random2' handled with status: 200
Route '/random2' handled with status: 200
Route '/random2' handled with status: 200
Route '/random2' handled with status: 200
Route '/random2' handled with status: 200
Route '/random2' handled with status: 200
Route '/random2' handled with status: 200
Route '/random2' handled with status: 200
Route '/random2' handled with status: 200
Route '/random2' handled with status: 200
Route '/random2' handled with status: 200
Route '/random2' handled with status: 200
Route '/' handled with status: 200
Route '/random2' handled with status: 200
Route '/random2' handled with status: 200
Route '/random2' handled with status: 200
Route '/random2' handled with status: 200
Route '/random2' handled with status: 200
Route '/random2' handled with status: 200
Route '/random2' handled with status: 200
Route '/random2' handled with status: 200
Route '/random2' handled with status: 200
Route '/random2' handled with status: 200
Route '/random2' handled with status: 200
Route '/random2' handled with status: 200
Route '/random2' handled with status: 200
Route '/random2' handled with status: 200
Route '/random2' handled with status: 200
Route '/random2' handled with status: 200
Route '/random2' handled with status: 200
Route '/random2' handled with status: 200
Route '/random2' handled with status: 200
Route '/random2' handled with status: 200
Route '/random2' handled with status: 200
Route '/random2' handled with status: 200
Route '/random2' handled with status: 200
Route '/random2' handled with status: 200
Route '/random2' handled with status: 200
Route '/random2' handled with status: 200
Route '/random2' handled with status: 200
Route '/random2' handled with status: 200
Route '/random2' handled with status: 200
Route '/random2' handled with status: 200
Route '/random2' handled with status: 200
Route '/random2' handled with status: 200
Route '/random2' handled with status: 200
Route '/random2' handled with status: 200
Route '/random2' handled with status: 200
Route '/random2' handled with status: 200
Route '/random2' handled with status: 200
Route '/random2' handled with status: 200
Route '/random2' handled with status: 200
Route '/random2' handled with status: 200
Route '/random2' handled with status: 200
Route '/random2' handled with status: 200
Route '/random2' handled with status: 200
Route '/random2' handled with status: 200
Route '/random2' handled with status: 200
Route '/random2' handled with status: 200
Route '/random2' handled with status: 200
Route '/random2' handled with status: 200
Route '/random2' handled with status: 200
Route '/random2' handled with status: 200
Route '/random2' handled with status: 200
Route '/random2' handled with status: 200
Route '/random2' handled with status: 200
Route '/random2' handled with status: 200
Route '/random2' handled with status: 200
Route '/random2' handled with status: 200
Route '/random2' handled with status: 200
Route '/random2' handled with status: 200
Route '/random2' handled with status: 200
Route '/random2' handled with status: 200
Route '/random2' handled with status: 200
Route '/random2' handled with status: 200
Route '/random2' handled with status: 200
Route '/random2' handled with status: 200
Route '/random2' handled with status: 200
Route '/random2' handled with status: 200
Route '/random2' handled with status: 200
Route '/random2' handled with status: 200
Route '/random2' handled with status: 200
Route '/random2' handled with status: 200
Route '/random2' handled with status: 200
Route '/.well-known/atproto-did' handled with status: 404
Route '/random2' handled with status: 200
Route '/random2' handled with status: 200
Route '/random2' handled with status: 200
Route '/random2' handled with status: 200
Route '/random2' handled with status: 200
Route '/random2' handled with status: 200
Route '/random2' handled with status: 200
Route '/random2' handled with status: 200
Route '/random2' handled with status: 200
Route '/random2' handled with status: 200
Route '/random2' handled with status: 200
Route '/random2' handled with status: 200
Route '/random2' handled with status: 200
Route '/random2' handled with status: 200
Route '/random2' handled with status: 200
Route '/random2' handled with status: 200
Route '/random2' handled with status: 200
Route '/random2' handled with status: 200
Route '/random2' handled with status: 200
Route '/random2' handled with status: 200
Route '/random2' handled with status: 200
Route '/random2' handled with status: 200
Route '/random2' handled with status: 200
Route '/random2' handled with status: 200
Route '/random2' handled with status: 200
Route '/random2' handled with status: 200
Route '/random2' handled with status: 200
Route '/random2' handled with status: 200
Route '/random2' handled with status: 200
Route '/random2' handled with status: 200
Route '/random2' handled with status: 200
Route '/random2' handled with status: 200
Route '/random2' handled with status: 200
Route '/random2' handled with status: 200
Route '/random2' handled with status: 200
Route '/random2' handled with status: 200
Route '/random2' handled with status: 200
Route '/random2' handled with status: 200
Route '/random2' handled with status: 200
Route '/random2' handled with status: 200
Route '/random2' handled with status: 200
Route '/random2' handled with status: 200
Route '/random2' handled with status: 200
Route '/random2' handled with status: 200
Route '/random2' handled with status: 200
Route '/random2' handled with status: 200
Route '/random2' handled with status: 200
Route '/random2' handled with status: 200
Route '/random2' handled with status: 200
Route '/random2' handled with status: 200
Route '/random2' handled with status: 200
Route '/random2' handled with status: 200
Route '/random2' handled with status: 200
Route '/random2' handled with status: 200
Route '/random2' handled with status: 200
Route '/random2' handled with status: 200
Route '/random2' handled with status: 200
Route '/random2' handled with status: 200
Route '/random2' handled with status: 200
Route '/random2' handled with status: 200
Route '/random2' handled with status: 200
Route '/random2' handled with status: 200
Route '/random2' handled with status: 200
Route '/random2' handled with status: 200
Route '/random2' handled with status: 200
Route '/random2' handled with status: 200
Route '/random2' handled with status: 200
Route '/random2' handled with status: 200
Route '/random2' handled with status: 200
Route '/random2' handled with status: 200
Route '/random2' handled with status: 200
Route '/random2' handled with status: 200
Route '/random2' handled with status: 200
Route '/random2' handled with status: 200
Route '/random2' handled with status: 200
Route '/random2' handled with status: 200
Route '/random2' handled with status: 200
Route '/random2' handled with status: 200
Route '/random2' handled with status: 200
Route '/random2' handled with status: 200
Route '/random2' handled with status: 200
Route '/random2' handled with status: 200
Route '/random2' handled with status: 200
Route '/random2' handled with status: 200
Route '/random2' handled with status: 200
Route '/random2' handled with status: 200
Route '/random2' handled with status: 200
Route '/random2' handled with status: 200
Route '/random2' handled with status: 200
Route '/random2' handled with status: 200
Route '/random2' handled with status: 200
Route '/random2' handled with status: 200
Route '/random2' handled with status: 200
Route '/random2' handled with status: 200
Route '/random2' handled with status: 200
Route '/random2' handled with status: 200
Route '/random2' handled with status: 200
Route '/random2' handled with status: 200
Route '/random2' handled with status: 200
Route '/random2' handled with status: 200
Route '/random2' handled with status: 200
Route '/random2' handled with status: 200
Route '/random2' handled with status: 200
Route '/random2' handled with status: 200
Route '/random2' handled with status: 200
Route '/random2' handled with status: 200
Route '/random2' handled with status: 200
Route '/random2' handled with status: 200
Route '/random2' handled with status: 200
Route '/random2' handled with status: 200
Route '/random2' handled with status: 200
Route '/random2' handled with status: 200
Route '/random2' handled with status: 200
Route '/random2' handled with status: 200
Route '/random2' handled with status: 200
Route '/random2' handled with status: 200
Route '/random2' handled with status: 200
Route '/random2' handled with status: 200
Route '/random2' handled with status: 200
Route '/random2' handled with status: 200
Route '/random2' handled with status: 200
Route '/random2' handled with status: 200
Route '/random2' handled with status: 200
Route '/random2' handled with status: 200
Route '/random2' handled with status: 200
Route '/random2' handled with status: 200
Route '/random2' handled with status: 200
Route '/random2' handled with status: 200
Route '/random2' handled with status: 200
Route '/random2' handled with status: 200
Route '/' handled with status: 200
Route '/favicon.ico' handled with status: 404
Route '/.well-known/security.txt' handled with status: 404
Route '/random2' handled with status: 200
Route '/random2' handled with status: 200
Route '/random2' handled with status: 200
Route '/random2' handled with status: 200
Route '/random2' handled with status: 200
Route '/random2' handled with status: 200
Route '/random2' handled with status: 200
Route '/random2' handled with status: 200
Route '/random2' handled with status: 200
Route '/random2' handled with status: 200
Route '/random2' handled with status: 200
Route '/random2' handled with status: 200
Route '/random2' handled with status: 200
Route '/random2' handled with status: 200
Route '/random2' handled with status: 200
Route '/random2' handled with status: 200
Route '/random2' handled with status: 200
Route '/random2' handled with status: 200
Route '/random2' handled with status: 200
Route '/random2' handled with status: 200
Route '/random2' handled with status: 200
Route '/random2' handled with status: 200
Route '/random2' handled with status: 200
Route '/random2' handled with status: 200
Route '/random2' handled with status: 200
Route '/random2' handled with status: 200
Route '/random2' handled with status: 200
Route '/random2' handled with status: 200
Route '/random2' handled with status: 200
Route '/random2' handled with status: 200
Route '/random2' handled with status: 200
Route '/random2' handled with status: 200
Route '/random2' handled with status: 200
Route '/random2' handled with status: 200
Route '/random2' handled with status: 200
Route '/random2' handled with status: 200
Route '/random2' handled with status: 200
Route '/random2' handled with status: 200
Route '/random2' handled with status: 200
Route '/random2' handled with status: 200
Route '/random2' handled with status: 200
Route '/random2' handled with status: 200
Route '/random2' handled with status: 200
Route '/random2' handled with status: 200
Route '/random2' handled with status: 200
Route '/random2' handled with status: 200
Route '/random2' handled with status: 200
Route '/random2' handled with status: 200
Route '/random2' handled with status: 200
Route '/random2' handled with status: 200
Route '/random2' handled with status: 200
Route '/random2' handled with status: 200
Route '/random2' handled with status: 200
Route '/random2' handled with status: 200
Route '/random2' handled with status: 200
Route '/random2' handled with status: 200
Route '/random2' handled with status: 200
Route '/random2' handled with status: 200
Route '/random2' handled with status: 200
Route '/random2' handled with status: 200
Route '/random2' handled with status: 200
Route '/random2' handled with status: 200
Route '/random2' handled with status: 200
Route '/random2' handled with status: 200
Route '/random2' handled with status: 200
Route '/random2' handled with status: 200
Route '/random2' handled with status: 200
Route '/random2' handled with status: 200
Route '/random2' handled with status: 200
Route '/random2' handled with status: 200
Route '/random2' handled with status: 200
Route '/random2' handled with status: 200
Route '/random2' handled with status: 200
Route '/random2' handled with status: 200
Route '/random2' handled with status: 200
Route '/random2' handled with status: 200
Route '/random2' handled with status: 200
Route '/random2' handled with status: 200
Route '/random2' handled with status: 200
Route '/random2' handled with status: 200
Route '/random2' handled with status: 200
Route '/random2' handled with status: 200
Route '/random2' handled with status: 200
Route '/random2' handled with status: 200
Route '/random2' handled with status: 200
Route '/random2' handled with status: 200
Route '/random2' handled with status: 200
Route '/random2' handled with status: 200
Route '/random2' handled with status: 200
Route '/random2' handled with status: 200
Route '/random2' handled with status: 200
Route '/random2' handled with status: 200
Route '/random2' handled with status: 200
Route '/random2' handled with status: 200
Route '/random2' handled with status: 200
Route '/random2' handled with status: 200
Route '/random2' handled with status: 200
Route '/random2' handled with status: 200
Route '/random2' handled with status: 200
Route '/random2' handled with status: 200
Route '/random2' handled with status: 200
Route '/random2' handled with status: 200
Route '/random2' handled with status: 200
Route '/random2' handled with status: 200
Route '/random2' handled with status: 200
Route '/random2' handled with status: 200
Route '/random2' handled with status: 200
Route '/random2' handled with status: 200
Route '/random2' handled with status: 200
Route '/random2' handled with status: 200
Route '/random2' handled with status: 200
Route '/random2' handled with status: 200
Route '/random2' handled with status: 200
Route '/random2' handled with status: 200
Route '/random2' handled with status: 200
Route '/random2' handled with status: 200
Route '/random2' handled with status: 200
Route '/random2' handled with status: 200
Route '/random2' handled with status: 200
Route '/random2' handled with status: 200
Route '/random2' handled with status: 200
Route '/random2' handled with status: 200
Route '/random2' handled with status: 200
Route '/random2' handled with status: 200
Route '/random2' handled with status: 200
Route '/random2' handled with status: 200
Route '/random2' handled with status: 200
Route '/random2' handled with status: 200
Route '/random2' handled with status: 200
Route '/random2' handled with status: 200
Route '/random2' handled with status: 200
Route '/random2' handled with status: 200
Route '/random2' handled with status: 200
Route '/random2' handled with status: 200
Route '/random2' handled with status: 200
Route '/random2' handled with status: 200
Route '/random2' handled with status: 200
Route '/random2' handled with status: 200
Route '/random2' handled with status: 200
Route '/random2' handled with status: 200
Route '/random2' handled with status: 200
Route '/random2' handled with status: 200
Route '/random2' handled with status: 200
Route '/random2' handled with status: 200
Route '/random2' handled with status: 200
Route '/random2' handled with status: 200
Route '/random2' handled with status: 200
Route '/random2' handled with status: 200
Route '/random2' handled with status: 200
Route '/random2' handled with status: 200
Route '/random2' handled with status: 200
Route '/random2' handled with status: 200
Route '/random2' handled with status: 200
Route '/random2' handled with status: 200
Route '/random2' handled with status: 200
Route '/random2' handled with status: 200
Route '/random2' handled with status: 200
Route '/random2' handled with status: 200
Route '/random2' handled with status: 200
Route '/random2' handled with status: 200
Route '/random2' handled with status: 200
Route '/random2' handled with status: 200
Route '/random2' handled with status: 200
Route '/random2' handled with status: 200
Route '/random2' handled with status: 200
Route '/random2' handled with status: 200
Route '/random2' handled with status: 200
Route '/random2' handled with status: 200
Route '/random2' handled with status: 200
Route '/random2' handled with status: 200
Route '/random2' handled with status: 200
Route '/random2' handled with status: 200
Route '/random2' handled with status: 200
Route '/random2' handled with status: 200
Route '/random2' handled with status: 200
Route '/random2' handled with status: 200
Route '/random2' handled with status: 200
Route '/random2' handled with status: 200
Route '/random2' handled with status: 200
Route '/random2' handled with status: 200
Route '/random2' handled with status: 200
Route '/random2' handled with status: 200
Route '/random2' handled with status: 200
Route '/random2' handled with status: 200
Route '/random2' handled with status: 200
Route '/random2' handled with status: 200
Route '/random2' handled with status: 200
Route '/random2' handled with status: 200
Route '/random2' handled with status: 200
Route '/random2' handled with status: 200
Route '/random2' handled with status: 200
Route '/random2' handled with status: 200
Route '/random2' handled with status: 200
Route '/random2' handled with status: 200
Route '/random2' handled with status: 200
Route '/random2' handled with status: 200
Route '/random2' handled with status: 200
Route '/random2' handled with status: 200
Route '/random2' handled with status: 200
Route '/random2' handled with status: 200
Route '/sl_logger' handled with status: 200
Route '/random2' handled with status: 200
Route '/random2' handled with status: 200
Route '/sl_logger' handled with status: 200
Route '/random2' handled with status: 200
Route '/sl_logger' handled with status: 200
Route '/random2' handled with status: 200
Route '/random2' handled with status: 200
Route '/random2' handled with status: 200
Route '/random2' handled with status: 200
Route '/random2' handled with status: 200
Route '/random2' handled with status: 200
Route '/random2' handled with status: 200
Route '/random2' handled with status: 200
Route '/random2' handled with status: 200
Route '/random2' handled with status: 200
Route '/sl_logger' handled with status: 200
Route '/sl_logger' handled with status: 200
Route '/random2' handled with status: 200
Route '/random2' handled with status: 200
Route '/sl_logger' handled with status: 200
Route '/random2' handled with status: 200
Route '/random2' handled with status: 200
Route '/sl_logger' handled with status: 200
Route '/random2' handled with status: 200
Route '/random2' handled with status: 200
Route '/random2' handled with status: 200
Route '/sl_logger' handled with status: 200
Route '/random2' handled with status: 200
Route '/random2' handled with status: 200
Route '/random2' handled with status: 200
Route '/random2' handled with status: 200
Route '/sl_logger' handled with status: 200
Route '/random2' handled with status: 200
Route '/random2' handled with status: 200
Route '/sl_logger' handled with status: 200
Route '/random2' handled with status: 200
Route '/random2' handled with status: 200
Route '/random2' handled with status: 200
Route '/random2' handled with status: 200
Route '/random2' handled with status: 200
Route '/random2' handled with status: 200
Route '/random2' handled with status: 200
Route '/random2' handled with status: 200
Route '/random2' handled with status: 200
Route '/sl_logger' handled with status: 200
Route '/sl_logger' handled with status: 200
Route '/random2' handled with status: 200
Route '/random2' handled with status: 200
Route '/random2' handled with status: 200
Route '/random2' handled with status: 200
Route '/sl_logger' handled with status: 200
Route '/random2' handled with status: 200
Route '/random2' handled with status: 200
Route '/sl_logger' handled with status: 200
Route '/random2' handled with status: 200
Route '/sl_logger' handled with status: 200
Route '/random2' handled with status: 200
Route '/random2' handled with status: 200
Route '/random2' handled with status: 200
Route '/random2' handled with status: 200
Route '/sl_logger' handled with status: 200
Route '/sl_logger' handled with status: 200
Route '/random2' handled with status: 200
Route '/sl_logger' handled with status: 200
Route '/random2' handled with status: 200
Route '/random2' handled with status: 200
Route '/sl_logger' handled with status: 200
Route '/random2' handled with status: 200
Route '/sl_logger' handled with status: 200
Route '/random2' handled with status: 200
Route '/sl_logger' handled with status: 200
Route '/sl_logger' handled with status: 200
Route '/sl_logger' handled with status: 200
Route '/sl_logger' handled with status: 200
Route '/sl_logger' handled with status: 200
Route '/random2' handled with status: 200
Route '/sl_logger' handled with status: 200
Route '/sl_logger' handled with status: 200
Route '/random2' handled with status: 200
Route '/sl_logger' handled with status: 200
Route '/random2' handled with status: 200
Route '/random2' handled with status: 200
Route '/random2' handled with status: 200
Route '/sl_logger' handled with status: 200
Route '/random2' handled with status: 200
Route '/random2' handled with status: 200
Route '/random2' handled with status: 200
Route '/random2' handled with status: 200
Route '/random2' handled with status: 200
Route '/random2' handled with status: 200
Route '/sl_logger' handled with status: 200
Route '/random2' handled with status: 200
Route '/random2' handled with status: 200
Route '/random2' handled with status: 200
Route '/sl_logger' handled with status: 200
Route '/sl_logger' handled with status: 200
Route '/random2' handled with status: 200
Route '/random2' handled with status: 200
Route '/sl_logger' handled with status: 200
Route '/random2' handled with status: 200
Route '/random2' handled with status: 200
Route '/random2' handled with status: 200
Route '/random2' handled with status: 200
Route '/random2' handled with status: 200
Route '/random2' handled with status: 200
Route '/random2' handled with status: 200
Route '/random2' handled with status: 200
Route '/random2' handled with status: 200
Route '/random2' handled with status: 200
Route '/random2' handled with status: 200
Route '/random2' handled with status: 200
Route '/random2' handled with status: 200
Route '/random2' handled with status: 200
Route '/random2' handled with status: 200
Route '/random2' handled with status: 200
Route '/random2' handled with status: 200
Route '/random2' handled with status: 200
Route '/sl_logger' handled with status: 200
Route '/random2' handled with status: 200
Route '/random2' handled with status: 200
Route '/random2' handled with status: 200
Route '/random2' handled with status: 200
Route '/random2' handled with status: 200
Route '/random2' handled with status: 200
Route '/random2' handled with status: 200
Route '/random2' handled with status: 200
Route '/sl_logger' handled with status: 200
Route '/random2' handled with status: 200
Route '/random2' handled with status: 200
Route '/random2' handled with status: 200
Route '/random2' handled with status: 200
Route '/random2' handled with status: 200
Route '/random2' handled with status: 200
Route '/sl_logger' handled with status: 200
Route '/random2' handled with status: 200
Route '/sl_logger' handled with status: 200
Route '/random2' handled with status: 200
Route '/sl_logger' handled with status: 200
Route '/random2' handled with status: 200
Route '/random2' handled with status: 200
Route '/random2' handled with status: 200
Route '/random2' handled with status: 200
Route '/sl_logger' handled with status: 200
Route '/random2' handled with status: 200
Route '/random2' handled with status: 200
Route '/random2' handled with status: 200
Route '/sl_logger' handled with status: 200
Route '/random2' handled with status: 200
Route '/random2' handled with status: 200
Route '/random2' handled with status: 200
Route '/random2' handled with status: 200
Route '/random2' handled with status: 200
Route '/random2' handled with status: 200
Route '/random2' handled with status: 200
Route '/random2' handled with status: 200
Route '/sl_logger' handled with status: 200
Route '/random2' handled with status: 200
Route '/sl_logger' handled with status: 200
Route '/sl_logger' handled with status: 200
Route '/random2' handled with status: 200
Route '/random2' handled with status: 200
Route '/random2' handled with status: 200
Route '/sl_logger' handled with status: 200
Route '/random2' handled with status: 200
Route '/random2' handled with status: 200
Route '/sl_logger' handled with status: 200
Route '/random2' handled with status: 200
Route '/random2' handled with status: 200
Route '/random2' handled with status: 200
Route '/random2' handled with status: 200
Route '/random2' handled with status: 200
Route '/random2' handled with status: 200
Route '/sl_logger' handled with status: 200
Route '/random2' handled with status: 200
Route '/random2' handled with status: 200
Route '/random2' handled with status: 200
Route '/random2' handled with status: 200
Route '/random2' handled with status: 200
Route '/sl_logger' handled with status: 200
Route '/random2' handled with status: 200
Route '/random2' handled with status: 200
Route '/sl_logger' handled with status: 200
Route '/random2' handled with status: 200
Route '/random2' handled with status: 200
Route '/random2' handled with status: 200
Route '/random2' handled with status: 200
Route '/random2' handled with status: 200
Route '/random2' handled with status: 200
Route '/random2' handled with status: 200
Route '/sl_logger' handled with status: 200
Route '/random2' handled with status: 200
Route '/random2' handled with status: 200
Route '/random2' handled with status: 200
Route '/random2' handled with status: 200
Route '/random2' handled with status: 200
Route '/sl_logger' handled with status: 200
Route '/sl_logger' handled with status: 200
Route '/random2' handled with status: 200
Route '/sl_logger' handled with status: 200
Route '/sl_logger' handled with status: 200
Route '/random2' handled with status: 200
Route '/sl_logger' handled with status: 200
Route '/sl_logger' handled with status: 200
Route '/random2' handled with status: 200
Route '/sl_logger' handled with status: 200
Route '/random2' handled with status: 200
Route '/random2' handled with status: 200
Route '/sl_logger' handled with status: 200
Route '/random2' handled with status: 200
Route '/random2' handled with status: 200
Route '/sl_logger' handled with status: 200
Route '/random2' handled with status: 200
Route '/random2' handled with status: 200
Route '/random2' handled with status: 200
Route '/random2' handled with status: 200
Route '/random2' handled with status: 200
Route '/random2' handled with status: 200
Route '/random2' handled with status: 200
Route '/random2' handled with status: 200
Route '/random2' handled with status: 200
Route '/random2' handled with status: 200
Route '/random2' handled with status: 200
Route '/random2' handled with status: 200
Route '/random2' handled with status: 200
Route '/random2' handled with status: 200
Route '/random2' handled with status: 200
Route '/sl_logger' handled with status: 200
Route '/random2' handled with status: 200
Route '/random2' handled with status: 200
Route '/random2' handled with status: 200
Route '/random2' handled with status: 200
Route '/random2' handled with status: 200
Route '/random2' handled with status: 200
Route '/random2' handled with status: 200
Route '/random2' handled with status: 200
Route '/random2' handled with status: 200
Route '/random2' handled with status: 200
Route '/random2' handled with status: 200
Route '/random2' handled with status: 200
Route '/random2' handled with status: 200
Route '/random2' handled with status: 200
Route '/sl_logger' handled with status: 200
Route '/random2' handled with status: 200
Route '/sl_logger' handled with status: 200
Route '/random2' handled with status: 200
Route '/random2' handled with status: 200
Route '/random2' handled with status: 200
Route '/random2' handled with status: 200
Route '/random2' handled with status: 200
Route '/random2' handled with status: 200
Route '/sl_logger' handled with status: 200
Route '/sl_logger' handled with status: 200
Route '/sl_logger' handled with status: 200
Route '/random2' handled with status: 200
Route '/sl_logger' handled with status: 200
Route '/random2' handled with status: 200
Route '/random2' handled with status: 200
Route '/sl_logger' handled with status: 200
Route '/random2' handled with status: 200
Route '/random2' handled with status: 200
Route '/random2' handled with status: 200
Route '/sl_logger' handled with status: 200
Route '/sl_logger' handled with status: 200
Route '/random2' handled with status: 200
Route '/sl_logger' handled with status: 200
Route '/random2' handled with status: 200
Route '/random2' handled with status: 200
Route '/sl_logger' handled with status: 200
Route '/random2' handled with status: 200
Route '/random2' handled with status: 200
Route '/random2' handled with status: 200
Route '/random2' handled with status: 200
Route '/random2' handled with status: 200
Route '/sl_logger' handled with status: 200
Route '/sl_logger' handled with status: 200
Route '/random2' handled with status: 200
Route '/random2' handled with status: 200
Route '/random2' handled with status: 200
Route '/random2' handled with status: 200
Route '/sl_logger' handled with status: 200
Route '/random2' handled with status: 200
Route '/random2' handled with status: 200
Route '/random2' handled with status: 200
Route '/random2' handled with status: 200
Route '/random2' handled with status: 200
Route '/random2' handled with status: 200
Route '/random2' handled with status: 200
Route '/random2' handled with status: 200
Route '/random2' handled with status: 200
Route '/sl_logger' handled with status: 200
Route '/random2' handled with status: 200
Route '/sl_logger' handled with status: 200
Route '/random2' handled with status: 200
Route '/random2' handled with status: 200
Route '/random2' handled with status: 200
Route '/random2' handled with status: 200
Route '/random2' handled with status: 200
Route '/random2' handled with status: 200
Route '/random2' handled with status: 200
Route '/sl_logger' handled with status: 200
Route '/random2' handled with status: 200
Route '/sl_logger' handled with status: 200
Route '/random2' handled with status: 200
Route '/random2' handled with status: 200
Route '/random2' handled with status: 200
Route '/random2' handled with status: 200
Route '/random2' handled with status: 200
Route '/random2' handled with status: 200
Route '/random2' handled with status: 200
Route '/random2' handled with status: 200
Route '/random2' handled with status: 200
Route '/random2' handled with status: 200
Route '/random2' handled with status: 200
Route '/random2' handled with status: 200
Route '/random2' handled with status: 200
Route '/sl_logger' handled with status: 200
Route '/random2' handled with status: 200
Route '/random2' handled with status: 200
Route '/random2' handled with status: 200
Route '/random2' handled with status: 200
Route '/random2' handled with status: 200
Route '/random2' handled with status: 200
Route '/random2' handled with status: 200
Route '/random2' handled with status: 200
Route '/random2' handled with status: 200
Route '/random2' handled with status: 200
Route '/random2' handled with status: 200
Route '/random2' handled with status: 200
Route '/random2' handled with status: 200
Route '/random2' handled with status: 200
Route '/random2' handled with status: 200
Route '/random2' handled with status: 200
Route '/random2' handled with status: 200
Route '/random2' handled with status: 200
Route '/random2' handled with status: 200
Route '/random2' handled with status: 200
Route '/random2' handled with status: 200
Route '/random2' handled with status: 200
Route '/sl_logger' handled with status: 200
Route '/random2' handled with status: 200
Route '/random2' handled with status: 200
Route '/sl_logger' handled with status: 200
Route '/random2' handled with status: 200
Route '/random2' handled with status: 200
Route '/random2' handled with status: 200
Route '/sl_logger' handled with status: 200
Route '/random2' handled with status: 200
Route '/random2' handled with status: 200
Route '/random2' handled with status: 200
Route '/sl_logger' handled with status: 200
Route '/random2' handled with status: 200
Route '/random2' handled with status: 200
Route '/random2' handled with status: 200
Route '/random2' handled with status: 200
Route '/random2' handled with status: 200
Route '/random2' handled with status: 200
Route '/random2' handled with status: 200
Route '/random2' handled with status: 200
Route '/random2' handled with status: 200
Route '/random2' handled with status: 200
Route '/random2' handled with status: 200
Route '/random2' handled with status: 200
Route '/random2' handled with status: 200
Route '/random2' handled with status: 200
Route '/random2' handled with status: 200
Route '/sl_logger' handled with status: 200
Route '/random2' handled with status: 200
Route '/sl_logger' handled with status: 200
Route '/random2' handled with status: 200
Route '/random2' handled with status: 200
Route '/random2' handled with status: 200
Route '/random2' handled with status: 200
Route '/sl_logger' handled with status: 200
Route '/random2' handled with status: 200
Route '/random2' handled with status: 200
Route '/random2' handled with status: 200
Route '/sl_logger' handled with status: 200
Route '/random2' handled with status: 200
Route '/sl_logger' handled with status: 200
Route '/random2' handled with status: 200
Route '/random2' handled with status: 200
Route '/random2' handled with status: 200
Route '/random2' handled with status: 200
Route '/random2' handled with status: 200
Route '/random2' handled with status: 200
Route '/sl_logger' handled with status: 200
Route '/random2' handled with status: 200
Route '/random2' handled with status: 200
Route '/random2' handled with status: 200
Route '/random2' handled with status: 200
Route '/random2' handled with status: 200
Route '/random2' handled with status: 200
Route '/random2' handled with status: 200
Route '/random2' handled with status: 200
Route '/random2' handled with status: 200
Route '/random2' handled with status: 200
Route '/random2' handled with status: 200
Route '/random2' handled with status: 200
Route '/random2' handled with status: 200
Route '/random2' handled with status: 200
Route '/random2' handled with status: 200
Route '/random2' handled with status: 200
Route '/random2' handled with status: 200
Route '/random2' handled with status: 200
Route '/random2' handled with status: 200
Route '/random2' handled with status: 200
Route '/random2' handled with status: 200
Route '/sl_logger' handled with status: 200
Route '/random2' handled with status: 200
Route '/random2' handled with status: 200
Route '/random2' handled with status: 200
Route '/random2' handled with status: 200
Route '/random2' handled with status: 200
Route '/random2' handled with status: 200
Route '/random2' handled with status: 200
Route '/random2' handled with status: 200
Route '/random2' handled with status: 200
Route '/random2' handled with status: 200
Route '/random2' handled with status: 200
Route '/random2' handled with status: 200
Route '/random2' handled with status: 200
Route '/random2' handled with status: 200
Route '/random2' handled with status: 200
Route '/sl_logger' handled with status: 200
Route '/random2' handled with status: 200
Route '/random2' handled with status: 200
Route '/random2' handled with status: 200
Route '/sl_logger' handled with status: 200
Route '/random2' handled with status: 200
Route '/random2' handled with status: 200
Route '/sl_logger' handled with status: 200
Route '/random2' handled with status: 200
Route '/sl_logger' handled with status: 200
Route '/random2' handled with status: 200
Route '/sl_logger' handled with status: 200
Route '/sl_logger' handled with status: 200
Route '/random2' handled with status: 200
Route '/random2' handled with status: 200
Route '/random2' handled with status: 200
Route '/random2' handled with status: 200
Route '/random2' handled with status: 200
Route '/random2' handled with status: 200
Route '/sl_logger' handled with status: 200
Route '/random2' handled with status: 200
Route '/random2' handled with status: 200
Route '/random2' handled with status: 200
Route '/random2' handled with status: 200
Route '/random2' handled with status: 200
Route '/random2' handled with status: 200
Route '/random2' handled with status: 200
Route '/random2' handled with status: 200
Route '/random2' handled with status: 200
Route '/sl_logger' handled with status: 200
Route '/random2' handled with status: 200
Route '/random2' handled with status: 200
Route '/sl_logger' handled with status: 200
Route '/random2' handled with status: 200
Route '/random2' handled with status: 200
Route '/random2' handled with status: 200
Route '/random2' handled with status: 200
Route '/random2' handled with status: 200
Route '/sl_logger' handled with status: 200
Route '/random2' handled with status: 200
Route '/random2' handled with status: 200
Route '/random2' handled with status: 200
Route '/random2' handled with status: 200
Route '/random2' handled with status: 200
Route '/random2' handled with status: 200
Route '/random2' handled with status: 200
Route '/sl_logger' handled with status: 200
Route '/sl_logger' handled with status: 200
Route '/random2' handled with status: 200
Route '/sl_logger' handled with status: 200
Route '/random2' handled with status: 200
Route '/random2' handled with status: 200
Route '/random2' handled with status: 200
Route '/sl_logger' handled with status: 200
Route '/sl_logger' handled with status: 200
Route '/random2' handled with status: 200
Route '/sl_logger' handled with status: 200
Route '/random2' handled with status: 200
Route '/random2' handled with status: 200
Route '/random2' handled with status: 200
Route '/sl_logger' handled with status: 200
Route '/random2' handled with status: 200
Route '/random2' handled with status: 200
Route '/random2' handled with status: 200
Route '/sl_logger' handled with status: 200
Route '/random2' handled with status: 200
Route '/sl_logger' handled with status: 200
Route '/random2' handled with status: 200
Route '/random2' handled with status: 200
Route '/sl_logger' handled with status: 200
Route '/sl_logger' handled with status: 200
Route '/random2' handled with status: 200
Route '/sl_logger' handled with status: 200
Route '/random2' handled with status: 200
Route '/sl_logger' handled with status: 200
Route '/random2' handled with status: 200
Route '/sl_logger' handled with status: 200
Route '/random2' handled with status: 200
Route '/random2' handled with status: 200
Route '/random2' handled with status: 200
Route '/sl_logger' handled with status: 200
Route '/random2' handled with status: 200
Route '/sl_logger' handled with status: 200
Route '/random2' handled with status: 200
Route '/random2' handled with status: 200
Route '/random2' handled with status: 200
Route '/sl_logger' handled with status: 200
Route '/random2' handled with status: 200
Route '/random2' handled with status: 200
Route '/random2' handled with status: 200
Route '/random2' handled with status: 200
Route '/random2' handled with status: 200
Route '/sl_logger' handled with status: 200
Route '/random2' handled with status: 200
Route '/random2' handled with status: 200
Route '/sl_logger' handled with status: 200
Route '/random2' handled with status: 200
Route '/random2' handled with status: 200
Route '/sl_logger' handled with status: 200
Route '/random2' handled with status: 200
Route '/random2' handled with status: 200
Route '/random2' handled with status: 200
Route '/random2' handled with status: 200
Route '/random2' handled with status: 200
Route '/random2' handled with status: 200
Route '/random2' handled with status: 200
Route '/random2' handled with status: 200
Route '/random2' handled with status: 200
Route '/random2' handled with status: 200
Route '/random2' handled with status: 200
Route '/random2' handled with status: 200
Route '/random2' handled with status: 200
Route '/random2' handled with status: 200
Route '/random2' handled with status: 200
Route '/random2' handled with status: 200
Route '/random2' handled with status: 200
Route '/random2' handled with status: 200
Route '/random2' handled with status: 200
Route '/random2' handled with status: 200
Route '/random2' handled with status: 200
Route '/random2' handled with status: 200
Route '/' handled with status: 200
Route '/random2' handled with status: 200
Route '/random2' handled with status: 200
Route '/random2' handled with status: 200
Route '/random2' handled with status: 200
Route '/random2' handled with status: 200
Route '/random2' handled with status: 200
Route '/random2' handled with status: 200
Route '/random2' handled with status: 200
Route '/random2' handled with status: 200
Route '/random2' handled with status: 200
Route '/sl_logger' handled with status: 200
Route '/random2' handled with status: 200
Route '/random2' handled with status: 200
Route '/sl_logger' handled with status: 200
Route '/random2' handled with status: 200
Route '/random2' handled with status: 200
Route '/random2' handled with status: 200
Route '/sl_logger' handled with status: 200
Route '/random2' handled with status: 200
Route '/random2' handled with status: 200
Route '/random2' handled with status: 200
Route '/' handled with status: 200
Route '/random2' handled with status: 200
Route '/random2' handled with status: 200
Route '/random2' handled with status: 200
Route '/random2' handled with status: 200
Route '/random2' handled with status: 200
Route '/random2' handled with status: 200
Route '/random2' handled with status: 200
Route '/random2' handled with status: 200
Route '/random2' handled with status: 200
Route '/random2' handled with status: 200
Route '/random2' handled with status: 200
Route '/random2' handled with status: 200
Route '/random2' handled with status: 200
Route '/random2' handled with status: 200
Route '/random2' handled with status: 200
Route '/random2' handled with status: 200
Route '/random2' handled with status: 200
Route '/random2' handled with status: 200
Route '/random2' handled with status: 200
Route '/random2' handled with status: 200
Route '/random2' handled with status: 200
Route '/random2' handled with status: 200
Route '/random2' handled with status: 200
Route '/random2' handled with status: 200
Route '/random2' handled with status: 200
Route '/random2' handled with status: 200
Route '/random2' handled with status: 200
Route '/random2' handled with status: 200
Route '/random2' handled with status: 200
Route '/random2' handled with status: 200
Route '/random2' handled with status: 200
Route '/random2' handled with status: 200
Route '/random2' handled with status: 200
Route '/random2' handled with status: 200
Route '/random2' handled with status: 200
Route '/random2' handled with status: 200
Route '/random2' handled with status: 200
Route '/random2' handled with status: 200
Route '/random2' handled with status: 200
Route '/random2' handled with status: 200
Route '/random2' handled with status: 200
Route '/random2' handled with status: 200
Route '/random2' handled with status: 200
Route '/random2' handled with status: 200
Route '/random2' handled with status: 200
Route '/random2' handled with status: 200
Route '/random2' handled with status: 200
Route '/random2' handled with status: 200
Route '/random2' handled with status: 200
Route '/random2' handled with status: 200
Route '/random2' handled with status: 200
Route '/random2' handled with status: 200
Route '/random2' handled with status: 200
Route '/random2' handled with status: 200
Route '/random2' handled with status: 200
Route '/random2' handled with status: 200
Route '/random2' handled with status: 200
Route '/random2' handled with status: 200
Route '/random2' handled with status: 200
Route '/random2' handled with status: 200
Route '/random2' handled with status: 200
Route '/random2' handled with status: 200
Route '/random2' handled with status: 200
Route '/random2' handled with status: 200
Route '/random2' handled with status: 200
Route '/random2' handled with status: 200
Route '/random2' handled with status: 200
Route '/random2' handled with status: 200
Route '/random2' handled with status: 200
Route '/random2' handled with status: 200
Route '/random2' handled with status: 200
Route '/random2' handled with status: 200
Route '/random2' handled with status: 200
Route '/random2' handled with status: 200
Route '/random2' handled with status: 200
Route '/random2' handled with status: 200
Route '/random2' handled with status: 200
Route '/random2' handled with status: 200
Route '/random2' handled with status: 200
Route '/random2' handled with status: 200
Route '/random2' handled with status: 200
Route '/random2' handled with status: 200
Route '/random2' handled with status: 200
Route '/random2' handled with status: 200
Route '/random2' handled with status: 200
Route '/random2' handled with status: 200
Route '/random2' handled with status: 200
Route '/random2' handled with status: 200
Route '/random2' handled with status: 200
Route '/random2' handled with status: 200
Route '/random2' handled with status: 200
Route '/random2' handled with status: 200
Route '/random2' handled with status: 200
Route '/random2' handled with status: 200
Route '/random2' handled with status: 200
Route '/random2' handled with status: 200
Route '/random2' handled with status: 200
Route '/random2' handled with status: 200
Route '/random2' handled with status: 200
Route '/random2' handled with status: 200
Route '/random2' handled with status: 200
Route '/random2' handled with status: 200
Route '/random2' handled with status: 200
Route '/random2' handled with status: 200
Route '/random2' handled with status: 200
Route '/random2' handled with status: 200
Route '/random2' handled with status: 200
Route '/random2' handled with status: 200
Route '/random2' handled with status: 200
Route '/random2' handled with status: 200
Route '/random2' handled with status: 200
Route '/random2' handled with status: 200
Route '/random2' handled with status: 200
Route '/random2' handled with status: 200
Route '/random2' handled with status: 200
Route '/random2' handled with status: 200
Route '/random2' handled with status: 200
Route '/random2' handled with status: 200
Route '/random2' handled with status: 200
Route '/random2' handled with status: 200
Route '/random2' handled with status: 200
Route '/random2' handled with status: 200
Route '/random2' handled with status: 200
Route '/random2' handled with status: 200
Route '/random2' handled with status: 200
Route '/random2' handled with status: 200
Route '/random2' handled with status: 200
Route '/random2' handled with status: 200
Route '/random2' handled with status: 200
Route '/random2' handled with status: 200
Route '/random2' handled with status: 200
Route '/random2' handled with status: 200
Route '/random2' handled with status: 200
Route '/random2' handled with status: 200
Route '/random2' handled with status: 200
Route '/random2' handled with status: 200
Route '/random2' handled with status: 200
Route '/random2' handled with status: 200
Route '/random2' handled with status: 200
Route '/random2' handled with status: 200
Route '/random2' handled with status: 200
Route '/random2' handled with status: 200
Route '/random2' handled with status: 200
Route '/random2' handled with status: 200
Route '/random2' handled with status: 200
Route '/random2' handled with status: 200
Route '/random2' handled with status: 200
Route '/random2' handled with status: 200
Route '/random2' handled with status: 200
Route '/random2' handled with status: 200
Route '/random2' handled with status: 200
Route '/random2' handled with status: 200
Route '/random2' handled with status: 200
Route '/random2' handled with status: 200
Route '/.well-known/atproto-did' handled with status: 404
Route '/random2' handled with status: 200
Route '/random2' handled with status: 200
Route '/random2' handled with status: 200
Route '/random2' handled with status: 200
Route '/random2' handled with status: 200
Route '/random2' handled with status: 200
Route '/random2' handled with status: 200
Route '/random2' handled with status: 200
Route '/random2' handled with status: 200
Route '/random2' handled with status: 200
Route '/random2' handled with status: 200
Route '/random2' handled with status: 200
Route '/random2' handled with status: 200
Route '/random2' handled with status: 200
Route '/random2' handled with status: 200
Route '/random2' handled with status: 200
Route '/random2' handled with status: 200
Route '/random2' handled with status: 200
Route '/random2' handled with status: 200
Route '/random2' handled with status: 200
Route '/random2' handled with status: 200
Route '/random2' handled with status: 200
Route '/random2' handled with status: 200
Route '/random2' handled with status: 200
Route '/random2' handled with status: 200
Route '/random2' handled with status: 200
Route '/random2' handled with status: 200
Route '/random2' handled with status: 200
Route '/random2' handled with status: 200
Route '/random2' handled with status: 200
Route '/random2' handled with status: 200
Route '/random2' handled with status: 200
Route '/random2' handled with status: 200
Route '/random2' handled with status: 200
Route '/random2' handled with status: 200
Route '/random2' handled with status: 200
Route '/random2' handled with status: 200
Route '/random2' handled with status: 200
Route '/random2' handled with status: 200
Route '/random2' handled with status: 200
Route '/random2' handled with status: 200
Route '/random2' handled with status: 200
Route '/random2' handled with status: 200
Route '/random2' handled with status: 200
Route '/random2' handled with status: 200
Route '/random2' handled with status: 200
Route '/random2' handled with status: 200
Route '/random2' handled with status: 200
Route '/random2' handled with status: 200
Route '/random2' handled with status: 200
Route '/random2' handled with status: 200
Route '/random2' handled with status: 200
Route '/random2' handled with status: 200
Route '/random2' handled with status: 200
Route '/random2' handled with status: 200
Route '/random2' handled with status: 200
Route '/random2' handled with status: 200
Route '/random2' handled with status: 200
Route '/random2' handled with status: 200
Route '/random2' handled with status: 200
Route '/random2' handled with status: 200
Route '/random2' handled with status: 200
Route '/random2' handled with status: 200
Route '/random2' handled with status: 200
Route '/random2' handled with status: 200
Route '/random2' handled with status: 200
Route '/random2' handled with status: 200
Route '/random2' handled with status: 200
Route '/random2' handled with status: 200
Route '/random2' handled with status: 200
Route '/random2' handled with status: 200
Route '/random2' handled with status: 200
Route '/random2' handled with status: 200
Route '/random2' handled with status: 200
Route '/random2' handled with status: 200
Route '/random2' handled with status: 200
Route '/random2' handled with status: 200
Route '/random2' handled with status: 200
Route '/random2' handled with status: 200
Route '/random2' handled with status: 200
Route '/random2' handled with status: 200
Route '/random2' handled with status: 200
Route '/random2' handled with status: 200
Route '/random2' handled with status: 200
Route '/random2' handled with status: 200
Route '/random2' handled with status: 200
Route '/random2' handled with status: 200
Route '/random2' handled with status: 200
Route '/random2' handled with status: 200
Route '/random2' handled with status: 200
Route '/random2' handled with status: 200
Route '/random2' handled with status: 200
Route '/random2' handled with status: 200
Route '/random2' handled with status: 200
Route '/random2' handled with status: 200
Route '/random2' handled with status: 200
Route '/random2' handled with status: 200
Route '/random2' handled with status: 200
Route '/random2' handled with status: 200
Route '/random2' handled with status: 200
Route '/random2' handled with status: 200
Route '/random2' handled with status: 200
Route '/random2' handled with status: 200
Route '/random2' handled with status: 200
Route '/random2' handled with status: 200
Route '/random2' handled with status: 200
Route '/random2' handled with status: 200
Route '/random2' handled with status: 200
Route '/random2' handled with status: 200
Route '/random2' handled with status: 200
Route '/random2' handled with status: 200
Route '/random2' handled with status: 200
Route '/random2' handled with status: 200
Route '/random2' handled with status: 200
Route '/random2' handled with status: 200
Route '/random2' handled with status: 200
Route '/random2' handled with status: 200
Route '/random2' handled with status: 200
Route '/random2' handled with status: 200
Route '/random2' handled with status: 200
Route '/random2' handled with status: 200
Route '/random2' handled with status: 200
Route '/random2' handled with status: 200
Route '/random2' handled with status: 200
Route '/random2' handled with status: 200
Route '/random2' handled with status: 200
Route '/random2' handled with status: 200
Route '/random2' handled with status: 200
Route '/random2' handled with status: 200
Route '/random2' handled with status: 200
Route '/random2' handled with status: 200
Route '/random2' handled with status: 200
Route '/random2' handled with status: 200
Route '/random2' handled with status: 200
Route '/random2' handled with status: 200
Route '/random2' handled with status: 200
Route '/random2' handled with status: 200
Route '/random2' handled with status: 200
Route '/random2' handled with status: 200
Route '/random2' handled with status: 200
Route '/random2' handled with status: 200
Route '/random2' handled with status: 200
Route '/random2' handled with status: 200
Route '/random2' handled with status: 200
Route '/random2' handled with status: 200
Route '/random2' handled with status: 200
Route '/random2' handled with status: 200
Route '/random2' handled with status: 200
Route '/random2' handled with status: 200
Route '/random2' handled with status: 200
Route '/random2' handled with status: 200
Route '/random2' handled with status: 200
Route '/random2' handled with status: 200
Route '/random2' handled with status: 200
Route '/random2' handled with status: 200
Route '/random2' handled with status: 200
Route '/random2' handled with status: 200
Route '/random2' handled with status: 200
Route '/random2' handled with status: 200
Route '/random2' handled with status: 200
Route '/random2' handled with status: 200
Route '/random2' handled with status: 200
Route '/random2' handled with status: 200
Route '/random2' handled with status: 200
Route '/random2' handled with status: 200
Route '/random2' handled with status: 200
Route '/random2' handled with status: 200
Route '/random2' handled with status: 200
Route '/random2' handled with status: 200
Route '/random2' handled with status: 200
Route '/random2' handled with status: 200
Route '/random2' handled with status: 200
Route '/random2' handled with status: 200
Route '/random2' handled with status: 200
Route '/random2' handled with status: 200
Route '/random2' handled with status: 200
Route '/random2' handled with status: 200
Route '/random2' handled with status: 200
Route '/random2' handled with status: 200
Route '/random2' handled with status: 200
Route '/random2' handled with status: 200
Route '/random2' handled with status: 200
Route '/random2' handled with status: 200
Route '/random2' handled with status: 200
Route '/random2' handled with status: 200
Route '/random2' handled with status: 200
Route '/random2' handled with status: 200
Route '/random2' handled with status: 200
Route '/random2' handled with status: 200
Route '/random2' handled with status: 200
Route '/random2' handled with status: 200
Route '/random2' handled with status: 200
Route '/random2' handled with status: 200
Route '/random2' handled with status: 200
Route '/random2' handled with status: 200
Route '/random2' handled with status: 200
Route '/random2' handled with status: 200
Route '/random2' handled with status: 200
Route '/random2' handled with status: 200
Route '/random2' handled with status: 200
Route '/random2' handled with status: 200
Route '/random2' handled with status: 200
Route '/random2' handled with status: 200
Route '/random2' handled with status: 200
Route '/random2' handled with status: 200
Route '/random2' handled with status: 200
Route '/random2' handled with status: 200
Route '/random2' handled with status: 200
Route '/random2' handled with status: 200
Route '/random2' handled with status: 200
Route '/random2' handled with status: 200
Route '/random2' handled with status: 200
Route '/random2' handled with status: 200
Route '/random2' handled with status: 200
Route '/random2' handled with status: 200
Route '/random2' handled with status: 200
Route '/random2' handled with status: 200
Route '/random2' handled with status: 200
Route '/random2' handled with status: 200
Route '/random2' handled with status: 200
Route '/random2' handled with status: 200
Route '/random2' handled with status: 200
Route '/random2' handled with status: 200
Route '/random2' handled with status: 200
Route '/random2' handled with status: 200
Route '/random2' handled with status: 200
Route '/random2' handled with status: 200
Route '/random2' handled with status: 200
Route '/random2' handled with status: 200
Route '/random2' handled with status: 200
Route '/random2' handled with status: 200
Route '/random2' handled with status: 200
Route '/random2' handled with status: 200
Route '/random2' handled with status: 200
Route '/random2' handled with status: 200
Route '/random2' handled with status: 200
Route '/random2' handled with status: 200
Route '/random2' handled with status: 200
Route '/random2' handled with status: 200
Route '/random2' handled with status: 200
Route '/random2' handled with status: 200
Route '/random2' handled with status: 200
Route '/random2' handled with status: 200
Route '/random2' handled with status: 200
Route '/random2' handled with status: 200
Route '/random2' handled with status: 200
Route '/random2' handled with status: 200
Route '/random2' handled with status: 200
Route '/random2' handled with status: 200
Route '/random2' handled with status: 200
Route '/random2' handled with status: 200
Route '/random2' handled with status: 200
Route '/random2' handled with status: 200
Route '/random2' handled with status: 200
Route '/random2' handled with status: 200
Route '/random2' handled with status: 200
Route '/random2' handled with status: 200
Route '/random2' handled with status: 200
Route '/random2' handled with status: 200
Route '/random2' handled with status: 200
Route '/random2' handled with status: 200
Route '/random2' handled with status: 200
Route '/random2' handled with status: 200
Route '/random2' handled with status: 200
Route '/random2' handled with status: 200
Route '/random2' handled with status: 200
Route '/random2' handled with status: 200
Route '/random2' handled with status: 200
Route '/random2' handled with status: 200
Route '/random2' handled with status: 200
Route '/random2' handled with status: 200
Route '/random2' handled with status: 200
Route '/random2' handled with status: 200
Route '/random2' handled with status: 200
Route '/random2' handled with status: 200
Route '/random2' handled with status: 200
Route '/random2' handled with status: 200
Route '/random2' handled with status: 200
Route '/random2' handled with status: 200
Route '/random2' handled with status: 200
Route '/random2' handled with status: 200
Route '/random2' handled with status: 200
Route '/random2' handled with status: 200
Route '/random2' handled with status: 200
Route '/random2' handled with status: 200
Route '/random2' handled with status: 200
Route '/random2' handled with status: 200
Route '/random2' handled with status: 200
Route '/random2' handled with status: 200
Route '/random2' handled with status: 200
Route '/random2' handled with status: 200
Route '/random2' handled with status: 200
Route '/random2' handled with status: 200
Route '/random2' handled with status: 200
Route '/random2' handled with status: 200
Route '/random2' handled with status: 200
Route '/random2' handled with status: 200
Route '/random2' handled with status: 200
Route '/random2' handled with status: 200
Route '/random2' handled with status: 200
Route '/random2' handled with status: 200
Route '/random2' handled with status: 200
Route '/random2' handled with status: 200
Route '/random2' handled with status: 200
Route '/random2' handled with status: 200
Route '/random2' handled with status: 200
Route '/random2' handled with status: 200
Route '/random2' handled with status: 200
Route '/random2' handled with status: 200
Route '/random2' handled with status: 200
Route '/random2' handled with status: 200
Route '/random2' handled with status: 200
Route '/random2' handled with status: 200
Route '/random2' handled with status: 200
Route '/random2' handled with status: 200
Route '/random2' handled with status: 200
Route '/random2' handled with status: 200
Route '/random2' handled with status: 200
Route '/random2' handled with status: 200
Route '/random2' handled with status: 200
Route '/random2' handled with status: 200
Route '/random2' handled with status: 200
Route '/random2' handled with status: 200
Route '/random2' handled with status: 200
Route '/random2' handled with status: 200
Route '/random2' handled with status: 200
Route '/random2' handled with status: 200
Route '/random2' handled with status: 200
Route '/random2' handled with status: 200
Route '/random2' handled with status: 200
Route '/random2' handled with status: 200
Route '/random2' handled with status: 200
Route '/random2' handled with status: 200
Route '/random2' handled with status: 200
Route '/random2' handled with status: 200
Route '/random2' handled with status: 200
Route '/random2' handled with status: 200
Route '/random2' handled with status: 200
Route '/random2' handled with status: 200
Route '/random2' handled with status: 200
Route '/random2' handled with status: 200
Route '/random2' handled with status: 200
Route '/random2' handled with status: 200
Route '/random2' handled with status: 200
Route '/random2' handled with status: 200
Route '/random2' handled with status: 200
Route '/random2' handled with status: 200
Route '/random2' handled with status: 200
Route '/random2' handled with status: 200
Route '/random2' handled with status: 200
Route '/random2' handled with status: 200
Route '/random2' handled with status: 200
Route '/random2' handled with status: 200
Route '/random2' handled with status: 200
Route '/random2' handled with status: 200
Route '/random2' handled with status: 200
Route '/random2' handled with status: 200
Route '/random2' handled with status: 200
Route '/random2' handled with status: 200
Route '/random2' handled with status: 200
Route '/random2' handled with status: 200
Route '/random2' handled with status: 200
Route '/random2' handled with status: 200
Route '/random2' handled with status: 200
Route '/random2' handled with status: 200
Route '/random2' handled with status: 200
Route '/random2' handled with status: 200
Route '/random2' handled with status: 200
Route '/random2' handled with status: 200
Route '/random2' handled with status: 200
Route '/random2' handled with status: 200
Route '/random2' handled with status: 200
Route '/random2' handled with status: 200
Route '/random2' handled with status: 200
Route '/random2' handled with status: 200
Route '/random2' handled with status: 200
Route '/random2' handled with status: 200
Route '/random2' handled with status: 200
Route '/random2' handled with status: 200
Route '/random2' handled with status: 200
Route '/random2' handled with status: 200
Route '/random2' handled with status: 200
Route '/random2' handled with status: 200
Route '/random2' handled with status: 200
Route '/random2' handled with status: 200
Route '/random2' handled with status: 200
Route '/random2' handled with status: 200
Route '/random2' handled with status: 200
Route '/random2' handled with status: 200
Route '/random2' handled with status: 200
Route '/random2' handled with status: 200
Route '/random2' handled with status: 200
Route '/random2' handled with status: 200
Route '/random2' handled with status: 200
Route '/random2' handled with status: 200
Route '/random2' handled with status: 200
Route '/random2' handled with status: 200
Route '/random2' handled with status: 200
Route '/random2' handled with status: 200
Route '/random2' handled with status: 200
Route '/random2' handled with status: 200
Route '/random2' handled with status: 200
Route '/random2' handled with status: 200
Route '/random2' handled with status: 200
Route '/random2' handled with status: 200
Route '/random2' handled with status: 200
Route '/random2' handled with status: 200
Route '/random2' handled with status: 200
Route '/random2' handled with status: 200
Route '/random2' handled with status: 200
Route '/random2' handled with status: 200
Route '/random2' handled with status: 200
Route '/random2' handled with status: 200
Route '/random2' handled with status: 200
Route '/random2' handled with status: 200
Route '/random2' handled with status: 200
Route '/random2' handled with status: 200
Route '/random2' handled with status: 200
Route '/random2' handled with status: 200
Route '/random2' handled with status: 200
Route '/random2' handled with status: 200
Route '/random2' handled with status: 200
Route '/random2' handled with status: 200
Route '/random2' handled with status: 200
Route '/random2' handled with status: 200
Route '/random2' handled with status: 200
Route '/random2' handled with status: 200
Route '/random2' handled with status: 200
Route '/random2' handled with status: 200
Route '/random2' handled with status: 200
Route '/random2' handled with status: 200
Route '/random2' handled with status: 200
Route '/random2' handled with status: 200
Route '/random2' handled with status: 200
Route '/random2' handled with status: 200
Route '/random2' handled with status: 200
Route '/random2' handled with status: 200
Route '/random2' handled with status: 200
Route '/random2' handled with status: 200
Route '/random2' handled with status: 200
Route '/random2' handled with status: 200
Route '/random2' handled with status: 200
Route '/random2' handled with status: 200
Route '/random2' handled with status: 200
Route '/random2' handled with status: 200
Route '/random2' handled with status: 200
Route '/random2' handled with status: 200
Route '/sl_logger' handled with status: 200
Route '/random2' handled with status: 200
Route '/random2' handled with status: 200
Route '/random2' handled with status: 200
Route '/random2' handled with status: 200
Route '/random2' handled with status: 200
Route '/random2' handled with status: 200
Route '/random2' handled with status: 200
Route '/random2' handled with status: 200
Route '/random2' handled with status: 200
Route '/random2' handled with status: 200
Route '/random2' handled with status: 200
Route '/random2' handled with status: 200
Route '/random2' handled with status: 200
Route '/random2' handled with status: 200
Route '/random2' handled with status: 200
Route '/random2' handled with status: 200
Route '/random2' handled with status: 200
Route '/random2' handled with status: 200
Route '/random2' handled with status: 200
Route '/random2' handled with status: 200
Route '/random2' handled with status: 200
Route '/random2' handled with status: 200
Route '/random2' handled with status: 200
Route '/random2' handled with status: 200
Route '/random2' handled with status: 200
Route '/random2' handled with status: 200
Route '/random2' handled with status: 200
Route '/random2' handled with status: 200
Route '/random2' handled with status: 200
Route '/random2' handled with status: 200
Route '/random2' handled with status: 200
Route '/random2' handled with status: 200
Route '/random2' handled with status: 200
Route '/random2' handled with status: 200
Route '/random2' handled with status: 200
Route '/random2' handled with status: 200
Route '/random2' handled with status: 200
Route '/random2' handled with status: 200
Route '/random2' handled with status: 200
Route '/random2' handled with status: 200
Route '/random2' handled with status: 200
Route '/random2' handled with status: 200
Route '/random2' handled with status: 200
Route '/random2' handled with status: 200
Route '/random2' handled with status: 200
Route '/random2' handled with status: 200
Route '/random2' handled with status: 200
Route '/random2' handled with status: 200
Route '/random2' handled with status: 200
Route '/random2' handled with status: 200
Route '/random2' handled with status: 200
Route '/random2' handled with status: 200
Route '/random2' handled with status: 200
Route '/random2' handled with status: 200
Route '/random2' handled with status: 200
Route '/random2' handled with status: 200
Route '/random2' handled with status: 200
Route '/random2' handled with status: 200
Route '/random2' handled with status: 200
Route '/random2' handled with status: 200
Route '/random2' handled with status: 200
Route '/random2' handled with status: 200
Route '/random2' handled with status: 200
Route '/random2' handled with status: 200
Route '/random2' handled with status: 200
Route '/random2' handled with status: 200
Route '/random2' handled with status: 200
Route '/random2' handled with status: 200
Route '/random2' handled with status: 200
Route '/random2' handled with status: 200
Route '/random2' handled with status: 200
Route '/random2' handled with status: 200
Route '/random2' handled with status: 200
Route '/random2' handled with status: 200
Route '/random2' handled with status: 200
Route '/random2' handled with status: 200
Route '/random2' handled with status: 200
Route '/random2' handled with status: 200
Route '/random2' handled with status: 200
Route '/random2' handled with status: 200
Route '/random2' handled with status: 200
Route '/random2' handled with status: 200
Route '/random2' handled with status: 200
Route '/random2' handled with status: 200
Route '/random2' handled with status: 200
Route '/random2' handled with status: 200
Route '/random2' handled with status: 200
Route '/random2' handled with status: 200
Route '/random2' handled with status: 200
Route '/random2' handled with status: 200
Route '/random2' handled with status: 200
Route '/random2' handled with status: 200
Route '/random2' handled with status: 200
Route '/random2' handled with status: 200
Route '/random2' handled with status: 200
Route '/random2' handled with status: 200
Route '/random2' handled with status: 200
Route '/random2' handled with status: 200
Route '/random2' handled with status: 200
Route '/random2' handled with status: 200
Route '/random2' handled with status: 200
Route '/random2' handled with status: 200
Route '/random2' handled with status: 200
Route '/random2' handled with status: 200
Route '/random2' handled with status: 200
Route '/random2' handled with status: 200
Route '/random2' handled with status: 200
Route '/random2' handled with status: 200
Route '/random2' handled with status: 200
Route '/random2' handled with status: 200
Route '/random2' handled with status: 200
Route '/random2' handled with status: 200
Route '/random2' handled with status: 200
Route '/random2' handled with status: 200
Route '/random2' handled with status: 200
Route '/random2' handled with status: 200
Route '/random2' handled with status: 200
Route '/random2' handled with status: 200
Route '/random2' handled with status: 200
Route '/random2' handled with status: 200
Route '/random2' handled with status: 200
Route '/random2' handled with status: 200
Route '/random2' handled with status: 200
Route '/random2' handled with status: 200
Route '/random2' handled with status: 200
Route '/random2' handled with status: 200
Route '/random2' handled with status: 200
Route '/random2' handled with status: 200
Route '/random2' handled with status: 200
Route '/random2' handled with status: 200
Route '/random2' handled with status: 200
Route '/random2' handled with status: 200
Route '/random2' handled with status: 200
Route '/random2' handled with status: 200
Route '/random2' handled with status: 200
Route '/random2' handled with status: 200
Route '/random2' handled with status: 200
Route '/random2' handled with status: 200
Route '/random2' handled with status: 200
Route '/random2' handled with status: 200
Route '/random2' handled with status: 200
Route '/random2' handled with status: 200
Route '/random2' handled with status: 200
Route '/random2' handled with status: 200
Route '/random2' handled with status: 200
Route '/random2' handled with status: 200
Route '/random2' handled with status: 200
Route '/random2' handled with status: 200
Route '/random2' handled with status: 200
Route '/sl_logger' handled with status: 200
Route '/random2' handled with status: 200
Route '/random2' handled with status: 200
Route '/random2' handled with status: 200
Route '/random2' handled with status: 200
Route '/random2' handled with status: 200
Route '/random2' handled with status: 200
Route '/random2' handled with status: 200
Route '/random2' handled with status: 200
Route '/random2' handled with status: 200
Route '/random2' handled with status: 200
Route '/random2' handled with status: 200
Route '/random2' handled with status: 200
Route '/random2' handled with status: 200
Route '/random2' handled with status: 200
Route '/random2' handled with status: 200
Route '/random2' handled with status: 200
Route '/random2' handled with status: 200
Route '/random2' handled with status: 200
Route '/random2' handled with status: 200
Route '/random2' handled with status: 200
Route '/random2' handled with status: 200
Route '/random2' handled with status: 200
Route '/random2' handled with status: 200
Route '/random2' handled with status: 200
Route '/random2' handled with status: 200
Route '/random2' handled with status: 200
Route '/random2' handled with status: 200
Route '/random2' handled with status: 200
Route '/random2' handled with status: 200
Route '/random2' handled with status: 200
Route '/random2' handled with status: 200
Route '/random2' handled with status: 200
Route '/random2' handled with status: 200
Route '/random2' handled with status: 200
Route '/random2' handled with status: 200
Route '/random2' handled with status: 200
Route '/random2' handled with status: 200
Route '/random2' handled with status: 200
Route '/random2' handled with status: 200
Route '/random2' handled with status: 200
Route '/random2' handled with status: 200
Route '/random2' handled with status: 200
Route '/random2' handled with status: 200
Route '/random2' handled with status: 200
Route '/random2' handled with status: 200
Route '/random2' handled with status: 200
Route '/random2' handled with status: 200
Route '/random2' handled with status: 200
Route '/random2' handled with status: 200
Route '/random2' handled with status: 200
Route '/random2' handled with status: 200
Route '/random2' handled with status: 200
Route '/random2' handled with status: 200
Route '/random2' handled with status: 200
Route '/random2' handled with status: 200
Route '/random2' handled with status: 200
Route '/random2' handled with status: 200
Route '/random2' handled with status: 200
Route '/random2' handled with status: 200
Route '/random2' handled with status: 200
Route '/random2' handled with status: 200
Route '/random2' handled with status: 200
Route '/random2' handled with status: 200
Route '/random2' handled with status: 200
Route '/random2' handled with status: 200
Route '/random2' handled with status: 200
Route '/random2' handled with status: 200
Route '/random2' handled with status: 200
Route '/random2' handled with status: 200
Route '/random2' handled with status: 200
Route '/random2' handled with status: 200
Route '/random2' handled with status: 200
Route '/random2' handled with status: 200
Route '/random2' handled with status: 200
Route '/random2' handled with status: 200
Route '/random2' handled with status: 200
Route '/random2' handled with status: 200
Route '/random2' handled with status: 200
Route '/random2' handled with status: 200
Route '/random2' handled with status: 200
Route '/random2' handled with status: 200
Route '/random2' handled with status: 200
Route '/random2' handled with status: 200
Route '/random2' handled with status: 200
Route '/random2' handled with status: 200
Route '/random2' handled with status: 200
Route '/random2' handled with status: 200
Route '/random2' handled with status: 200
Route '/random2' handled with status: 200
Route '/random2' handled with status: 200
Route '/random2' handled with status: 200
Route '/random2' handled with status: 200
Route '/random2' handled with status: 200
Route '/random2' handled with status: 200
Route '/random2' handled with status: 200
Route '/random2' handled with status: 200
Route '/random2' handled with status: 200
Route '/random2' handled with status: 200
Route '/random2' handled with status: 200
Route '/random2' handled with status: 200
Route '/random2' handled with status: 200
Route '/random2' handled with status: 200
Route '/sl_logger' handled with status: 200
Route '/random2' handled with status: 200
Route '/random2' handled with status: 200
Route '/random2' handled with status: 200
Route '/random2' handled with status: 200
Route '/random2' handled with status: 200
Route '/random2' handled with status: 200
Route '/random2' handled with status: 200
Route '/random2' handled with status: 200
Route '/random2' handled with status: 200
Route '/random2' handled with status: 200
Route '/random2' handled with status: 200
Route '/random2' handled with status: 200
Route '/random2' handled with status: 200
Route '/random2' handled with status: 200
Route '/random2' handled with status: 200
Route '/random2' handled with status: 200
Route '/random2' handled with status: 200
Route '/random2' handled with status: 200
Route '/random2' handled with status: 200
Route '/random2' handled with status: 200
Route '/random2' handled with status: 200
Route '/random2' handled with status: 200
Route '/random2' handled with status: 200
Route '/random2' handled with status: 200
Route '/random2' handled with status: 200
Route '/random2' handled with status: 200
Route '/random2' handled with status: 200
Route '/sl_logger' handled with status: 200
Route '/random2' handled with status: 200
Route '/random2' handled with status: 200
Route '/random2' handled with status: 200
Route '/random2' handled with status: 200
Route '/random2' handled with status: 200
Route '/random2' handled with status: 200
Route '/random2' handled with status: 200
Route '/random2' handled with status: 200
Route '/random2' handled with status: 200
Route '/random2' handled with status: 200
Route '/random2' handled with status: 200
Route '/random2' handled with status: 200
Route '/random2' handled with status: 200
Route '/random2' handled with status: 200
Route '/random2' handled with status: 200
Route '/random2' handled with status: 200
Route '/random2' handled with status: 200
Route '/random2' handled with status: 200
Route '/random2' handled with status: 200
Route '/random2' handled with status: 200
Route '/random2' handled with status: 200
Route '/random2' handled with status: 200
Route '/random2' handled with status: 200
Route '/random2' handled with status: 200
Route '/random2' handled with status: 200
Route '/random2' handled with status: 200
Route '/random2' handled with status: 200
Route '/random2' handled with status: 200
Route '/random2' handled with status: 200
Route '/random2' handled with status: 200
Route '/sl_logger' handled with status: 200
Route '/random2' handled with status: 200
Route '/random2' handled with status: 200
Route '/random2' handled with status: 200
Route '/random2' handled with status: 200
Route '/random2' handled with status: 200
Route '/random2' handled with status: 200
Route '/sl_logger' handled with status: 200
Route '/random2' handled with status: 200
Route '/' handled with status: 200
Route '/random2' handled with status: 200
Route '/random2' handled with status: 200
Route '/random2' handled with status: 200
Route '/random2' handled with status: 200
Route '/random2' handled with status: 200
Route '/random2' handled with status: 200
Route '/random2' handled with status: 200
Route '/random2' handled with status: 200
Route '/random2' handled with status: 200
Route '/random2' handled with status: 200
Route '/random2' handled with status: 200
Route '/random2' handled with status: 200
Route '/random2' handled with status: 200
Route '/random2' handled with status: 200
Route '/random2' handled with status: 200
Route '/random2' handled with status: 200
Route '/random2' handled with status: 200
Route '/random2' handled with status: 200
Route '/random2' handled with status: 200
Route '/random2' handled with status: 200
Route '/random2' handled with status: 200
Route '/random2' handled with status: 200
Route '/random2' handled with status: 200
Route '/random2' handled with status: 200
Route '/random2' handled with status: 200
Route '/random2' handled with status: 200
Route '/random2' handled with status: 200
Route '/random2' handled with status: 200
Route '/' handled with status: 200
Route '/random2' handled with status: 200
Route '/random2' handled with status: 200
Route '/random2' handled with status: 200
Route '/random2' handled with status: 200
Route '/random2' handled with status: 200
Route '/random2' handled with status: 200
Route '/random2' handled with status: 200
Route '/random2' handled with status: 200
Route '/random2' handled with status: 200
Route '/random2' handled with status: 200
Route '/random2' handled with status: 200
Route '/random2' handled with status: 200
Route '/random2' handled with status: 200
Route '/random2' handled with status: 200
Route '/random2' handled with status: 200
Route '/random2' handled with status: 200
Route '/random2' handled with status: 200
Route '/random2' handled with status: 200
Route '/random2' handled with status: 200
Route '/random2' handled with status: 200
Route '/random2' handled with status: 200
Route '/random2' handled with status: 200
Route '/random2' handled with status: 200
Route '/random2' handled with status: 200
Route '/random2' handled with status: 200
Route '/random2' handled with status: 200
Route '/random2' handled with status: 200
Route '/random2' handled with status: 200
Route '/random2' handled with status: 200
Route '/random2' handled with status: 200
Route '/random2' handled with status: 200
Route '/random2' handled with status: 200
Route '/random2' handled with status: 200
Route '/random2' handled with status: 200
Route '/random2' handled with status: 200
Route '/random2' handled with status: 200
Route '/random2' handled with status: 200
Route '/random2' handled with status: 200
Route '/random2' handled with status: 200
Route '/random2' handled with status: 200
Route '/random2' handled with status: 200
Route '/random2' handled with status: 200
Route '/random2' handled with status: 200
Route '/random2' handled with status: 200
Route '/random2' handled with status: 200
Route '/random2' handled with status: 200
Route '/random2' handled with status: 200
Route '/random2' handled with status: 200
Route '/random2' handled with status: 200
Route '/random2' handled with status: 200
Route '/random2' handled with status: 200
Route '/random2' handled with status: 200
Route '/random2' handled with status: 200
Route '/random2' handled with status: 200
Route '/random2' handled with status: 200
Route '/random2' handled with status: 200
Route '/random2' handled with status: 200
Route '/random2' handled with status: 200
Route '/random2' handled with status: 200
Route '/random2' handled with status: 200
Route '/random2' handled with status: 200
Route '/random2' handled with status: 200
Route '/random2' handled with status: 200
Route '/random2' handled with status: 200
Route '/random2' handled with status: 200
Route '/random2' handled with status: 200
Route '/random2' handled with status: 200
Route '/random2' handled with status: 200
Route '/random2' handled with status: 200
Route '/random2' handled with status: 200
Route '/random2' handled with status: 200
Route '/sl_logger' handled with status: 200
Route '/random2' handled with status: 200
Route '/random2' handled with status: 200
Route '/random2' handled with status: 200
Route '/random2' handled with status: 200
Route '/random2' handled with status: 200
Route '/random2' handled with status: 200
Route '/random2' handled with status: 200
Route '/random2' handled with status: 200
Route '/random2' handled with status: 200
Route '/random2' handled with status: 200
Route '/random2' handled with status: 200
Route '/random2' handled with status: 200
Route '/random2' handled with status: 200
Route '/random2' handled with status: 200
Route '/random2' handled with status: 200
Route '/random2' handled with status: 200
Route '/random2' handled with status: 200
Route '/random2' handled with status: 200
Route '/random2' handled with status: 200
Route '/random2' handled with status: 200
Route '/random2' handled with status: 200
Route '/random2' handled with status: 200
Route '/random2' handled with status: 200
Route '/random2' handled with status: 200
Route '/random2' handled with status: 200
Route '/random2' handled with status: 200
Route '/random2' handled with status: 200
Route '/random2' handled with status: 200
Route '/random2' handled with status: 200
Route '/random2' handled with status: 200
Route '/random2' handled with status: 200
Route '/random2' handled with status: 200
Route '/random2' handled with status: 200
Route '/random2' handled with status: 200
Route '/random2' handled with status: 200
Route '/random2' handled with status: 200
Route '/random2' handled with status: 200
Route '/random2' handled with status: 200
Route '/random2' handled with status: 200
Route '/random2' handled with status: 200
Route '/random2' handled with status: 200
Route '/random2' handled with status: 200
Route '/random2' handled with status: 200
Route '/random2' handled with status: 200
Route '/random2' handled with status: 200
Route '/random2' handled with status: 200
Route '/random2' handled with status: 200
Route '/random2' handled with status: 200
Route '/random2' handled with status: 200
Route '/' handled with status: 200
Route '/random2' handled with status: 200
Route '/random2' handled with status: 200
Route '/random2' handled with status: 200
Route '/random2' handled with status: 200
Route '/random2' handled with status: 200
Route '/random2' handled with status: 200
Route '/random2' handled with status: 200
Route '/random2' handled with status: 200
Route '/random2' handled with status: 200
Route '/random2' handled with status: 200
Route '/random2' handled with status: 200
Route '/random2' handled with status: 200
Route '/random2' handled with status: 200
Route '/random2' handled with status: 200
Route '/random2' handled with status: 200
Route '/random2' handled with status: 200
Route '/random2' handled with status: 200
Route '/random2' handled with status: 200
Route '/random2' handled with status: 200
Route '/random2' handled with status: 200
Route '/random2' handled with status: 200
Route '/random2' handled with status: 200
Route '/random2' handled with status: 200
Route '/random2' handled with status: 200
Route '/random2' handled with status: 200
Route '/random2' handled with status: 200
Route '/random2' handled with status: 200
Route '/random2' handled with status: 200
Route '/random2' handled with status: 200
Route '/random2' handled with status: 200
Route '/random2' handled with status: 200
Route '/random2' handled with status: 200
Route '/random2' handled with status: 200
Route '/random2' handled with status: 200
Route '/random2' handled with status: 200
Route '/random2' handled with status: 200
Route '/random2' handled with status: 200
Route '/random2' handled with status: 200
Route '/random2' handled with status: 200
Route '/random2' handled with status: 200
Route '/random2' handled with status: 200
Route '/random2' handled with status: 200
Route '/random2' handled with status: 200
Route '/random2' handled with status: 200
Route '/random2' handled with status: 200
Route '/random2' handled with status: 200
Route '/random2' handled with status: 200
Route '/random2' handled with status: 200
Route '/random2' handled with status: 200
Route '/sl_logger' handled with status: 200
Route '/random2' handled with status: 200
Route '/random2' handled with status: 200
Route '/sl_logger' handled with status: 200
Route '/random2' handled with status: 200
Route '/random2' handled with status: 200
Route '/random2' handled with status: 200
Route '/random2' handled with status: 200
Route '/random2' handled with status: 200
Route '/sl_logger' handled with status: 200
Route '/random2' handled with status: 200
Route '/random2' handled with status: 200
Route '/random2' handled with status: 200
Route '/random2' handled with status: 200
Route '/random2' handled with status: 200
Route '/dvr/brief.xml' handled with status: 404
Route '/sl_logger' handled with status: 200
Route '/random2' handled with status: 200
Route '/random2' handled with status: 200
Route '/random2' handled with status: 200
Route '/random2' handled with status: 200
Route '/random2' handled with status: 200
Route '/random2' handled with status: 200
Route '/random2' handled with status: 200
Route '/random2' handled with status: 200
Route '/random2' handled with status: 200
Route '/random2' handled with status: 200
Route '/random2' handled with status: 200
Route '/random2' handled with status: 200
Route '/random2' handled with status: 200
Route '/sl_logger' handled with status: 200
Route '/random2' handled with status: 200
Route '/random2' handled with status: 200
Route '/random2' handled with status: 200
Route '/random2' handled with status: 200
Route '/sl_logger' handled with status: 200
Route '/random2' handled with status: 200
Route '/random2' handled with status: 200
Route '/random2' handled with status: 200
Route '/random2' handled with status: 200
Route '/random2' handled with status: 200
Route '/sl_logger' handled with status: 200
Route '/random2' handled with status: 200
Route '/random2' handled with status: 200
Route '/random2' handled with status: 200
Route '/random2' handled with status: 200
Route '/random2' handled with status: 200
Route '/sl_logger' handled with status: 200
Route '/random2' handled with status: 200
Route '/random2' handled with status: 200
Route '/random2' handled with status: 200
Route '/random2' handled with status: 200
Route '/random2' handled with status: 200
Route '/random2' handled with status: 200
Route '/random2' handled with status: 200
Route '/random2' handled with status: 200
Route '/random2' handled with status: 200
Route '/random2' handled with status: 200
Route '/random2' handled with status: 200
Route '/sl_logger' handled with status: 200
Route '/random2' handled with status: 200
Route '/random2' handled with status: 200
Route '/random2' handled with status: 200
Route '/random2' handled with status: 200
Route '/random2' handled with status: 200
Route '/random2' handled with status: 200
Route '/random2' handled with status: 200
Route '/random2' handled with status: 200
Route '/random2' handled with status: 200
Route '/random2' handled with status: 200
Route '/random2' handled with status: 200
Route '/random2' handled with status: 200
Route '/random2' handled with status: 200
Route '/random2' handled with status: 200
Route '/random2' handled with status: 200
Route '/random2' handled with status: 200
Route '/random2' handled with status: 200
Route '/random2' handled with status: 200
Route '/random2' handled with status: 200
Route '/random2' handled with status: 200
Route '/random2' handled with status: 200
Route '/random2' handled with status: 200
Route '/random2' handled with status: 200
Route '/random2' handled with status: 200
Route '/random2' handled with status: 200
Route '/random2' handled with status: 200
Route '/random2' handled with status: 200
Route '/random2' handled with status: 200
Route '/random2' handled with status: 200
Route '/random2' handled with status: 200
Route '/random2' handled with status: 200
Route '/random2' handled with status: 200
Route '/random2' handled with status: 200
Route '/random2' handled with status: 200
Route '/random2' handled with status: 200
Route '/random2' handled with status: 200
Route '/random2' handled with status: 200
Route '/random2' handled with status: 200
Route '/random2' handled with status: 200
Route '/random2' handled with status: 200
Route '/random2' handled with status: 200
Route '/random2' handled with status: 200
Route '/random2' handled with status: 200
Route '/random2' handled with status: 200
Route '/random2' handled with status: 200
Route '/random2' handled with status: 200
Route '/random2' handled with status: 200
Route '/random2' handled with status: 200
Route '/random2' handled with status: 200
Route '/random2' handled with status: 200
Route '/random2' handled with status: 200
Route '/random2' handled with status: 200
Route '/random2' handled with status: 200
Route '/random2' handled with status: 200
Route '/random2' handled with status: 200
Route '/random2' handled with status: 200
Route '/random2' handled with status: 200
Route '/random2' handled with status: 200
Route '/random2' handled with status: 200
Route '/random2' handled with status: 200
Route '/sl_logger' handled with status: 200
Route '/random2' handled with status: 200
Route '/random2' handled with status: 200
Route '/random2' handled with status: 200
Route '/sl_logger' handled with status: 200
Route '/random2' handled with status: 200
Route '/random2' handled with status: 200
Route '/random2' handled with status: 200
Route '/.well-known/atproto-did' handled with status: 404
Route '/random2' handled with status: 200
Route '/random2' handled with status: 200
Route '/random2' handled with status: 200
Route '/random2' handled with status: 200
Route '/random2' handled with status: 200
Route '/random2' handled with status: 200
Route '/random2' handled with status: 200
Route '/sl_logger' handled with status: 200
Route '/random2' handled with status: 200
Route '/sl_logger' handled with status: 200
Route '/robots.txt' handled with status: 404
Route '/random2' handled with status: 200
Route '/random2' handled with status: 200
Route '/random2' handled with status: 200
Route '/random2' handled with status: 200
Route '/random2' handled with status: 200
Route '/random2' handled with status: 200
Route '/random2' handled with status: 200
Route '/random2' handled with status: 200
Route '/random2' handled with status: 200
Route '/random2' handled with status: 200
Route '/sl_logger' handled with status: 200
Route '/random2' handled with status: 200
Route '/random2' handled with status: 200
Route '/random2' handled with status: 200
Route '/random2' handled with status: 200
Route '/random2' handled with status: 200
Route '/random2' handled with status: 200
Route '/random2' handled with status: 200
Route '/robots.txt' handled with status: 404
Route '/random2' handled with status: 200
Route '/random2' handled with status: 200
Route '/random2' handled with status: 200
Route '/random2' handled with status: 200
Route '/random2' handled with status: 200
Route '/random2' handled with status: 200
Route '/random2' handled with status: 200
Route '/random2' handled with status: 200
Route '/random2' handled with status: 200
Route '/random2' handled with status: 200
Route '/random2' handled with status: 200
Route '/random2' handled with status: 200
Route '/random2' handled with status: 200
Route '/random2' handled with status: 200
Route '/random2' handled with status: 200
Route '/random2' handled with status: 200
Route '/random2' handled with status: 200
Route '/random2' handled with status: 200
Route '/random2' handled with status: 200
Route '/random2' handled with status: 200
Route '/random2' handled with status: 200
Route '/random2' handled with status: 200
Route '/random2' handled with status: 200
Route '/random2' handled with status: 200
Route '/random2' handled with status: 200
Route '/random2' handled with status: 200
Route '/random2' handled with status: 200
Route '/random2' handled with status: 200
Route '/random2' handled with status: 200
Route '/random2' handled with status: 200
Route '/random2' handled with status: 200
Route '/random2' handled with status: 200
Route '/random2' handled with status: 200
Route '/random2' handled with status: 200
Route '/random2' handled with status: 200
Route '/random2' handled with status: 200
Route '/random2' handled with status: 200
Route '/random2' handled with status: 200
Route '/random2' handled with status: 200
Route '/random2' handled with status: 200
Route '/random2' handled with status: 200
Route '/random2' handled with status: 200
Route '/random2' handled with status: 200
Route '/random2' handled with status: 200
Route '/random2' handled with status: 200
Route '/random2' handled with status: 200
Route '/random2' handled with status: 200
Route '/random2' handled with status: 200
Route '/random2' handled with status: 200
Route '/random2' handled with status: 200
Route '/random2' handled with status: 200
Route '/random2' handled with status: 200
Route '/random2' handled with status: 200
Route '/random2' handled with status: 200
Route '/random2' handled with status: 200
Route '/random2' handled with status: 200
Route '/random2' handled with status: 200
Route '/random2' handled with status: 200
Route '/random2' handled with status: 200
Route '/random2' handled with status: 200
Route '/random2' handled with status: 200
Route '/random2' handled with status: 200
Route '/random2' handled with status: 200
Route '/random2' handled with status: 200
Route '/random2' handled with status: 200
Route '/random2' handled with status: 200
Route '/random2' handled with status: 200
Route '/random2' handled with status: 200
Route '/random2' handled with status: 200
Route '/random2' handled with status: 200
Route '/random2' handled with status: 200
Route '/random2' handled with status: 200
Route '/random2' handled with status: 200
Route '/random2' handled with status: 200
Route '/random2' handled with status: 200
Route '/random2' handled with status: 200
Route '/random2' handled with status: 200
Route '/random2' handled with status: 200
Route '/random2' handled with status: 200
Route '/random2' handled with status: 200
Route '/random2' handled with status: 200
Route '/random2' handled with status: 200
Route '/random2' handled with status: 200
Route '/random2' handled with status: 200
Route '/random2' handled with status: 200
Route '/random2' handled with status: 200
Route '/random2' handled with status: 200
Route '/random2' handled with status: 200
Route '/random2' handled with status: 200
Route '/random2' handled with status: 200
Route '/random2' handled with status: 200
Route '/random2' handled with status: 200
Route '/random2' handled with status: 200
Route '/random2' handled with status: 200
Route '/random2' handled with status: 200
Route '/random2' handled with status: 200
Route '/random2' handled with status: 200
Route '/random2' handled with status: 200
Route '/random2' handled with status: 200
Route '/random2' handled with status: 200
Route '/random2' handled with status: 200
Route '/random2' handled with status: 200
Route '/random2' handled with status: 200
Route '/random2' handled with status: 200
Route '/random2' handled with status: 200
Route '/random2' handled with status: 200
Route '/random2' handled with status: 200
Route '/random2' handled with status: 200
Route '/random2' handled with status: 200
Route '/random2' handled with status: 200
Route '/random2' handled with status: 200
Route '/random2' handled with status: 200
Route '/random2' handled with status: 200
Route '/random2' handled with status: 200
Route '/random2' handled with status: 200
Route '/random2' handled with status: 200
Route '/random2' handled with status: 200
Route '/random2' handled with status: 200
Route '/random2' handled with status: 200
Route '/random2' handled with status: 200
Route '/random2' handled with status: 200
Route '/random2' handled with status: 200
Route '/random2' handled with status: 200
Route '/random2' handled with status: 200
Route '/random2' handled with status: 200
Route '/random2' handled with status: 200
Route '/random2' handled with status: 200
Route '/random2' handled with status: 200
Route '/random2' handled with status: 200
Route '/random2' handled with status: 200
Route '/random2' handled with status: 200
Route '/random2' handled with status: 200
Route '/random2' handled with status: 200
Route '/random2' handled with status: 200
Route '/random2' handled with status: 200
Route '/random2' handled with status: 200
Route '/random2' handled with status: 200
Route '/random2' handled with status: 200
Route '/random2' handled with status: 200
Route '/random2' handled with status: 200
Route '/random2' handled with status: 200
Route '/random2' handled with status: 200
Route '/random2' handled with status: 200
Route '/random2' handled with status: 200
Route '/random2' handled with status: 200
Route '/random2' handled with status: 200
Route '/random2' handled with status: 200
Route '/random2' handled with status: 200
Route '/random2' handled with status: 200
Route '/random2' handled with status: 200
Route '/random2' handled with status: 200
Route '/random2' handled with status: 200
Route '/random2' handled with status: 200
Route '/random2' handled with status: 200
Route '/random2' handled with status: 200
Route '/sl_logger' handled with status: 200
Route '/random2' handled with status: 200
Route '/random2' handled with status: 200
Route '/random2' handled with status: 200
Route '/random2' handled with status: 200
Route '/random2' handled with status: 200
Route '/random2' handled with status: 200
Route '/random2' handled with status: 200
Route '/random2' handled with status: 200
Route '/random2' handled with status: 200
Route '/random2' handled with status: 200
Route '/random2' handled with status: 200
Route '/random2' handled with status: 200
Route '/random2' handled with status: 200
Route '/random2' handled with status: 200
Route '/random2' handled with status: 200
Route '/random2' handled with status: 200
Route '/random2' handled with status: 200
Route '/random2' handled with status: 200
Route '/random2' handled with status: 200
Route '/random2' handled with status: 200
Route '/random2' handled with status: 200
Route '/random2' handled with status: 200
Route '/random2' handled with status: 200
Route '/random2' handled with status: 200
Route '/random2' handled with status: 200
Route '/random2' handled with status: 200
Route '/random2' handled with status: 200
Route '/random2' handled with status: 200
Route '/random2' handled with status: 200
Route '/random2' handled with status: 200
Route '/random2' handled with status: 200
Route '/random2' handled with status: 200
Route '/random2' handled with status: 200
Route '/random2' handled with status: 200
Route '/random2' handled with status: 200
Route '/random2' handled with status: 200
Route '/random2' handled with status: 200
Route '/random2' handled with status: 200
Route '/random2' handled with status: 200
Route '/random2' handled with status: 200
Route '/random2' handled with status: 200
Route '/random2' handled with status: 200
Route '/random2' handled with status: 200
Route '/random2' handled with status: 200
Route '/random2' handled with status: 200
Route '/random2' handled with status: 200
Route '/random2' handled with status: 200
Route '/random2' handled with status: 200
Route '/random2' handled with status: 200
Route '/random2' handled with status: 200
Route '/random2' handled with status: 200
Route '/random2' handled with status: 200
Route '/random2' handled with status: 200
Route '/random2' handled with status: 200
Route '/random2' handled with status: 200
Route '/random2' handled with status: 200
Route '/random2' handled with status: 200
Route '/random2' handled with status: 200
Route '/random2' handled with status: 200
Route '/random2' handled with status: 200
Route '/random2' handled with status: 200
Route '/random2' handled with status: 200
Route '/random2' handled with status: 200
Route '/random2' handled with status: 200
Route '/random2' handled with status: 200
Route '/random2' handled with status: 200
Route '/random2' handled with status: 200
Route '/random2' handled with status: 200
Route '/random2' handled with status: 200
Route '/random2' handled with status: 200
Route '/sl_logger' handled with status: 200
Route '/random2' handled with status: 200
Route '/random2' handled with status: 200
Route '/random2' handled with status: 200
Route '/random2' handled with status: 200
Route '/random2' handled with status: 200
Route '/random2' handled with status: 200
Route '/random2' handled with status: 200
Route '/random2' handled with status: 200
Route '/random2' handled with status: 200
Route '/random2' handled with status: 200
Route '/random2' handled with status: 200
Route '/random2' handled with status: 200
Route '/random2' handled with status: 200
Route '/random2' handled with status: 200
Route '/random2' handled with status: 200
Route '/random2' handled with status: 200
Route '/random2' handled with status: 200
Route '/random2' handled with status: 200
Route '/random2' handled with status: 200
Route '/random2' handled with status: 200
Route '/random2' handled with status: 200
Route '/random2' handled with status: 200
Route '/random2' handled with status: 200
Route '/random2' handled with status: 200
Route '/random2' handled with status: 200
Route '/random2' handled with status: 200
Route '/random2' handled with status: 200
Route '/random2' handled with status: 200
Route '/random2' handled with status: 200
Route '/random2' handled with status: 200
Route '/random2' handled with status: 200
Route '/random2' handled with status: 200
Route '/random2' handled with status: 200
Route '/random2' handled with status: 200
Route '/random2' handled with status: 200
Route '/random2' handled with status: 200
Route '/random2' handled with status: 200
Route '/random2' handled with status: 200
Route '/random2' handled with status: 200
Route '/random2' handled with status: 200
Route '/random2' handled with status: 200
Route '/random2' handled with status: 200
Route '/random2' handled with status: 200
Route '/random2' handled with status: 200
Route '/random2' handled with status: 200
Route '/random2' handled with status: 200
Route '/random2' handled with status: 200
Route '/random2' handled with status: 200
Route '/random2' handled with status: 200
Route '/random2' handled with status: 200
Route '/random2' handled with status: 200
Route '/random2' handled with status: 200
Route '/random2' handled with status: 200
Route '/random2' handled with status: 200
Route '/random2' handled with status: 200
Route '/random2' handled with status: 200
Route '/sl_logger' handled with status: 200
Route '/random2' handled with status: 200
Route '/random2' handled with status: 200
Route '/random2' handled with status: 200
Route '/random2' handled with status: 200
Route '/random2' handled with status: 200
Route '/random2' handled with status: 200
Route '/random2' handled with status: 200
Route '/random2' handled with status: 200
Route '/random2' handled with status: 200
Route '/random2' handled with status: 200
Route '/random2' handled with status: 200
Route '/random2' handled with status: 200
Route '/random2' handled with status: 200
Route '/random2' handled with status: 200
Route '/random2' handled with status: 200
Route '/random2' handled with status: 200
Route '/random2' handled with status: 200
Route '/random2' handled with status: 200
Route '/random2' handled with status: 200
Route '/random2' handled with status: 200
Route '/random2' handled with status: 200
Route '/random2' handled with status: 200
Route '/random2' handled with status: 200
Route '/random2' handled with status: 200
Route '/random2' handled with status: 200
Route '/random2' handled with status: 200
Route '/random2' handled with status: 200
Route '/random2' handled with status: 200
Route '/random2' handled with status: 200
Route '/random2' handled with status: 200
Route '/random2' handled with status: 200
Route '/random2' handled with status: 200
Route '/random2' handled with status: 200
Route '/random2' handled with status: 200
Route '/random2' handled with status: 200
Route '/random2' handled with status: 200
Route '/random2' handled with status: 200
Route '/random2' handled with status: 200
Route '/random2' handled with status: 200
Route '/random2' handled with status: 200
Route '/random2' handled with status: 200
Route '/random2' handled with status: 200
Route '/random2' handled with status: 200
Route '/random2' handled with status: 200
Route '/random2' handled with status: 200
Route '/random2' handled with status: 200
Route '/random2' handled with status: 200
Route '/random2' handled with status: 200
Route '/random2' handled with status: 200
Route '/random2' handled with status: 200
Route '/random2' handled with status: 200
Route '/random2' handled with status: 200
Route '/random2' handled with status: 200
Route '/random2' handled with status: 200
Route '/random2' handled with status: 200
Route '/random2' handled with status: 200
Route '/random2' handled with status: 200
Route '/random2' handled with status: 200
Route '/random2' handled with status: 200
Route '/random2' handled with status: 200
Route '/random2' handled with status: 200
Route '/random2' handled with status: 200
Route '/random2' handled with status: 200
Route '/random2' handled with status: 200
Route '/random2' handled with status: 200
Route '/random2' handled with status: 200
Route '/random2' handled with status: 200
Route '/random2' handled with status: 200
Route '/random2' handled with status: 200
Route '/random2' handled with status: 200
Route '/random2' handled with status: 200
Route '/random2' handled with status: 200
Route '/random2' handled with status: 200
Route '/random2' handled with status: 200
Route '/random2' handled with status: 200
Route '/random2' handled with status: 200
Route '/random2' handled with status: 200
Route '/random2' handled with status: 200
Route '/random2' handled with status: 200
Route '/random2' handled with status: 200
Route '/random2' handled with status: 200
Route '/random2' handled with status: 200
Route '/random2' handled with status: 200
Route '/random2' handled with status: 200
Route '/random2' handled with status: 200
Route '/random2' handled with status: 200
Route '/random2' handled with status: 200
Route '/random2' handled with status: 200
Route '/random2' handled with status: 200
Route '/random2' handled with status: 200
Route '/random2' handled with status: 200
Route '/random2' handled with status: 200
Route '/random2' handled with status: 200
Route '/random2' handled with status: 200
Route '/random2' handled with status: 200
Route '/random2' handled with status: 200
Route '/random2' handled with status: 200
Route '/random2' handled with status: 200
Route '/random2' handled with status: 200
Route '/random2' handled with status: 200
Route '/random2' handled with status: 200
Route '/random2' handled with status: 200
Route '/random2' handled with status: 200
Route '/random2' handled with status: 200
Route '/random2' handled with status: 200
Route '/random2' handled with status: 200
Route '/random2' handled with status: 200
Route '/random2' handled with status: 200
Route '/random2' handled with status: 200
Route '/random2' handled with status: 200
Route '/random2' handled with status: 200
Route '/random2' handled with status: 200
Route '/random2' handled with status: 200
Route '/random2' handled with status: 200
Route '/random2' handled with status: 200
Route '/random2' handled with status: 200
Route '/random2' handled with status: 200
Route '/random2' handled with status: 200
Route '/random2' handled with status: 200
Route '/random2' handled with status: 200
Route '/random2' handled with status: 200
Route '/random2' handled with status: 200
Route '/random2' handled with status: 200
Route '/random2' handled with status: 200
Route '/random2' handled with status: 200
Route '/random2' handled with status: 200
Route '/random2' handled with status: 200
Route '/random2' handled with status: 200
Route '/random2' handled with status: 200
Route '/random2' handled with status: 200
Route '/random2' handled with status: 200
Route '/random2' handled with status: 200
Route '/random2' handled with status: 200
Route '/random2' handled with status: 200
Route '/random2' handled with status: 200
Route '/random2' handled with status: 200
Route '/random2' handled with status: 200
Route '/random2' handled with status: 200
Route '/random2' handled with status: 200
Route '/random2' handled with status: 200
Route '/random2' handled with status: 200
Route '/random2' handled with status: 200
Route '/random2' handled with status: 200
Route '/random2' handled with status: 200
Route '/random2' handled with status: 200
Route '/random2' handled with status: 200
Route '/random2' handled with status: 200
Route '/random2' handled with status: 200
Route '/random2' handled with status: 200
Route '/random2' handled with status: 200
Route '/random2' handled with status: 200
Route '/random2' handled with status: 200
Route '/random2' handled with status: 200
Route '/random2' handled with status: 200
Route '/random2' handled with status: 200
Route '/random2' handled with status: 200
Route '/random2' handled with status: 200
Route '/random2' handled with status: 200
Route '/random2' handled with status: 200
Route '/random2' handled with status: 200
Route '/random2' handled with status: 200
Route '/random2' handled with status: 200
Route '/random2' handled with status: 200
Route '/random2' handled with status: 200
Route '/random2' handled with status: 200
Route '/random2' handled with status: 200
Route '/random2' handled with status: 200
Route '/random2' handled with status: 200
Route '/random2' handled with status: 200
Route '/random2' handled with status: 200
Route '/random2' handled with status: 200
Route '/random2' handled with status: 200
Route '/random2' handled with status: 200
Route '/random2' handled with status: 200
Route '/random2' handled with status: 200
Route '/random2' handled with status: 200
Route '/random2' handled with status: 200
Route '/sl_logger' handled with status: 200
Route '/sl_logger' handled with status: 200
Route '/sl_logger' handled with status: 200
Route '/random2' handled with status: 200
Route '/sl_logger' handled with status: 200
Route '/sl_logger' handled with status: 200
Route '/sl_logger' handled with status: 200
Route '/sl_logger' handled with status: 200
Route '/random2' handled with status: 200
Route '/sl_logger' handled with status: 200
Route '/sl_logger' handled with status: 200
Route '/sl_logger' handled with status: 200
Route '/random2' handled with status: 200
Route '/sl_logger' handled with status: 200
Route '/sl_logger' handled with status: 200
Route '/sl_logger' handled with status: 200
Route '/random2' handled with status: 200
Route '/sl_logger' handled with status: 200
Route '/sl_logger' handled with status: 200
Route '/sl_logger' handled with status: 200
Route '/sl_logger' handled with status: 200
Route '/random2' handled with status: 200
Route '/sl_logger' handled with status: 200
Route '/sl_logger' handled with status: 200
Route '/sl_logger' handled with status: 200
Route '/sl_logger' handled with status: 200
Route '/sl_logger' handled with status: 200
Route '/sl_logger' handled with status: 200
Route '/random2' handled with status: 200
Route '/sl_logger' handled with status: 200
Route '/sl_logger' handled with status: 200
Route '/random2' handled with status: 200
Route '/random2' handled with status: 200
Route '/random2' handled with status: 200
Route '/random2' handled with status: 200
Route '/random2' handled with status: 200
Route '/random2' handled with status: 200
Route '/random2' handled with status: 200
Route '/random2' handled with status: 200
Route '/random2' handled with status: 200
Route '/random2' handled with status: 200
Route '/random2' handled with status: 200
Route '/random2' handled with status: 200
Route '/random2' handled with status: 200
Route '/random2' handled with status: 200
Route '/random2' handled with status: 200
Route '/random2' handled with status: 200
Route '/random2' handled with status: 200
Route '/random2' handled with status: 200
Route '/random2' handled with status: 200
Route '/random2' handled with status: 200
Route '/random2' handled with status: 200
Route '/random2' handled with status: 200
Route '/random2' handled with status: 200
Route '/sl_logger' handled with status: 200
Route '/random2' handled with status: 200
Route '/random2' handled with status: 200
Route '/random2' handled with status: 200
Route '/random2' handled with status: 200
Route '/random2' handled with status: 200
Route '/sl_logger' handled with status: 200
Route '/random2' handled with status: 200
Route '/random2' handled with status: 200
Route '/' handled with status: 200
Route '/random2' handled with status: 200
Route '/random2' handled with status: 200
Route '/random2' handled with status: 200
Route '/random2' handled with status: 200
Route '/random2' handled with status: 200
Route '/random2' handled with status: 200
Route '/random2' handled with status: 200
Route '/random2' handled with status: 200
Route '/random2' handled with status: 200
Route '/random2' handled with status: 200
Route '/random2' handled with status: 200
Route '/random2' handled with status: 200
Route '/random2' handled with status: 200
Route '/sl_logger' handled with status: 200
Route '/random2' handled with status: 200
Route '/sl_logger' handled with status: 200
Route '/sl_logger' handled with status: 200
Route '/random2' handled with status: 200
Route '/sl_logger' handled with status: 200
Route '/random2' handled with status: 200
Route '/random2' handled with status: 200
Route '/sl_logger' handled with status: 200
Route '/random2' handled with status: 200
Route '/sl_logger' handled with status: 200
Route '/random2' handled with status: 200
Route '/random2' handled with status: 200
Route '/sl_logger' handled with status: 200
Route '/random2' handled with status: 200
Route '/random2' handled with status: 200
Route '/random2' handled with status: 200
Route '/random2' handled with status: 200
Route '/random2' handled with status: 200
Route '/random2' handled with status: 200
Route '/random2' handled with status: 200
Route '/random2' handled with status: 200
Route '/random2' handled with status: 200
Route '/random2' handled with status: 200
Route '/random2' handled with status: 200
Route '/random2' handled with status: 200
Route '/random2' handled with status: 200
Route '/random2' handled with status: 200
Route '/random2' handled with status: 200
Route '/random2' handled with status: 200
Route '/random2' handled with status: 200
Route '/random2' handled with status: 200
Route '/random2' handled with status: 200
Route '/random2' handled with status: 200
Route '/random2' handled with status: 200
Route '/random2' handled with status: 200
Route '/random2' handled with status: 200
Route '/sl_logger' handled with status: 200
Route '/random2' handled with status: 200
Route '/random2' handled with status: 200
Route '/robots.txt' handled with status: 404
Route '/random2' handled with status: 200
Route '/random2' handled with status: 200
Route '/random2' handled with status: 200
Route '/random2' handled with status: 200
Route '/random2' handled with status: 200
Route '/sl_logger' handled with status: 200
Route '/random2' handled with status: 200
Route '/random2' handled with status: 200
Route '/random2' handled with status: 200
Route '/random2' handled with status: 200
Route '/random2' handled with status: 200
Route '/random2' handled with status: 200
Route '/random2' handled with status: 200
Route '/random2' handled with status: 200
Route '/random2' handled with status: 200
Route '/random2' handled with status: 200
Route '/random2' handled with status: 200
Route '/sl_logger' handled with status: 200
Route '/random2' handled with status: 200
Route '/random2' handled with status: 200
Route '/random2' handled with status: 200
Route '/random2' handled with status: 200
Route '/random2' handled with status: 200
Route '/random2' handled with status: 200
Route '/random2' handled with status: 200
Route '/random2' handled with status: 200
Route '/random2' handled with status: 200
Route '/random2' handled with status: 200
Route '/random2' handled with status: 200
Route '/random2' handled with status: 200
Route '/random2' handled with status: 200
Route '/random2' handled with status: 200
Route '/sl_logger' handled with status: 200
Route '/random2' handled with status: 200
Route '/random2' handled with status: 200
Route '/random2' handled with status: 200
Route '/random2' handled with status: 200
Route '/random2' handled with status: 200
Route '/random2' handled with status: 200
Route '/random2' handled with status: 200
Route '/random2' handled with status: 200
Route '/random2' handled with status: 200
Route '/random2' handled with status: 200
Route '/random2' handled with status: 200
Route '/random2' handled with status: 200
Route '/random2' handled with status: 200
Route '/random2' handled with status: 200
Route '/random2' handled with status: 200
Route '/' handled with status: 200
Route '/random2' handled with status: 200
Route '/random2' handled with status: 200
Route '/random2' handled with status: 200
Route '/random2' handled with status: 200
Route '/random2' handled with status: 200
Route '/random2' handled with status: 200
Route '/' handled with status: 200
Route '/random2' handled with status: 200
Route '/random2' handled with status: 200
Route '/random2' handled with status: 200
Route '/random2' handled with status: 200
Route '/random2' handled with status: 200
Route '/random2' handled with status: 200
Route '/random2' handled with status: 200
Route '/random2' handled with status: 200
Route '/random2' handled with status: 200
Route '/random2' handled with status: 200
Route '/random2' handled with status: 200
Route '/random2' handled with status: 200
Route '/random2' handled with status: 200
Route '/random2' handled with status: 200
Route '/random2' handled with status: 200
Route '/random2' handled with status: 200
Route '/random2' handled with status: 200
Route '/random2' handled with status: 200
Route '/sl_logger' handled with status: 200
Route '/random2' handled with status: 200
Route '/random2' handled with status: 200
Route '/random2' handled with status: 200
Route '/random2' handled with status: 200
Route '/random2' handled with status: 200
Route '/random2' handled with status: 200
Route '/random2' handled with status: 200
Route '/random2' handled with status: 200
Route '/random2' handled with status: 200
Route '/random2' handled with status: 200
Route '/random2' handled with status: 200
Route '/random2' handled with status: 200
Route '/random2' handled with status: 200
Route '/random2' handled with status: 200
Route '/random2' handled with status: 200
Route '/random2' handled with status: 200
Route '/random2' handled with status: 200
Route '/random2' handled with status: 200
Route '/random2' handled with status: 200
Route '/random2' handled with status: 200
Route '/random2' handled with status: 200
Route '/random2' handled with status: 200
Route '/random2' handled with status: 200
Route '/random2' handled with status: 200
Route '/random2' handled with status: 200
Route '/random2' handled with status: 200
Route '/random2' handled with status: 200
Route '/random2' handled with status: 200
Route '/random2' handled with status: 200
Route '/random2' handled with status: 200
Route '/random2' handled with status: 200
Route '/random2' handled with status: 200
Route '/random2' handled with status: 200
Route '/random2' handled with status: 200
Route '/random2' handled with status: 200
Route '/sl_logger' handled with status: 200
Route '/random2' handled with status: 200
Route '/random2' handled with status: 200
Route '/random2' handled with status: 200
Route '/random2' handled with status: 200
Route '/random2' handled with status: 200
Route '/random2' handled with status: 200
Route '/random2' handled with status: 200
Route '/random2' handled with status: 200
Route '/random2' handled with status: 200
Route '/random2' handled with status: 200
Route '/random2' handled with status: 200
Route '/random2' handled with status: 200
Route '/random2' handled with status: 200
Route '/random2' handled with status: 200
Route '/random2' handled with status: 200
Route '/random2' handled with status: 200
Route '/random2' handled with status: 200
Route '/random2' handled with status: 200
Route '/random2' handled with status: 200
Route '/random2' handled with status: 200
Route '/random2' handled with status: 200
Route '/random2' handled with status: 200
Route '/random2' handled with status: 200
Route '/random2' handled with status: 200
Route '/random2' handled with status: 200
Route '/random2' handled with status: 200
Route '/random2' handled with status: 200
Route '/random2' handled with status: 200
Route '/random2' handled with status: 200
Route '/random2' handled with status: 200
Route '/random2' handled with status: 200
Route '/random2' handled with status: 200
Route '/random2' handled with status: 200
Route '/random2' handled with status: 200
Route '/random2' handled with status: 200
Route '/random2' handled with status: 200
Route '/random2' handled with status: 200
Route '/random2' handled with status: 200
Route '/random2' handled with status: 200
Route '/random2' handled with status: 200
Route '/random2' handled with status: 200
Route '/random2' handled with status: 200
Route '/random2' handled with status: 200
Route '/random2' handled with status: 200
Route '/random2' handled with status: 200
Route '/random2' handled with status: 200
Route '/random2' handled with status: 200
Route '/random2' handled with status: 200
Route '/random2' handled with status: 200
Route '/random2' handled with status: 200
Route '/random2' handled with status: 200
Route '/random2' handled with status: 200
Route '/random2' handled with status: 200
Route '/random2' handled with status: 200
Route '/random2' handled with status: 200
Route '/random2' handled with status: 200
Route '/random2' handled with status: 200
Route '/random2' handled with status: 200
Route '/random2' handled with status: 200
Route '/random2' handled with status: 200
Route '/random2' handled with status: 200
Route '/random2' handled with status: 200
Route '/random2' handled with status: 200
Route '/random2' handled with status: 200
Route '/random2' handled with status: 200
Route '/random2' handled with status: 200
Route '/random2' handled with status: 200
Route '/random2' handled with status: 200
Route '/random2' handled with status: 200
Route '/random2' handled with status: 200
Route '/random2' handled with status: 200
Route '/random2' handled with status: 200
Route '/random2' handled with status: 200
Route '/random2' handled with status: 200
Route '/random2' handled with status: 200
Route '/random2' handled with status: 200
Route '/random2' handled with status: 200
Route '/random2' handled with status: 200
Route '/sl_logger' handled with status: 200
Route '/random2' handled with status: 200
Route '/sl_logger' handled with status: 200
Route '/random2' handled with status: 200
Route '/random2' handled with status: 200
Route '/sl_logger' handled with status: 200
Route '/random2' handled with status: 200
Route '/random2' handled with status: 200
Route '/random2' handled with status: 200
Route '/random2' handled with status: 200
Route '/random2' handled with status: 200
Route '/random2' handled with status: 200
Route '/sl_logger' handled with status: 200
Route '/random2' handled with status: 200
Route '/random2' handled with status: 200
Route '/random2' handled with status: 200
Route '/random2' handled with status: 200
Route '/random2' handled with status: 200
Route '/random2' handled with status: 200
Route '/sl_logger' handled with status: 200
Route '/random2' handled with status: 200
Route '/random2' handled with status: 200
Route '/random2' handled with status: 200
Route '/random2' handled with status: 200
Route '/random2' handled with status: 200
Route '/random2' handled with status: 200
Route '/random2' handled with status: 200
Route '/random2' handled with status: 200
Route '/random2' handled with status: 200
Route '/random2' handled with status: 200
Route '/random2' handled with status: 200
Route '/random2' handled with status: 200
Route '/random2' handled with status: 200
Route '/random2' handled with status: 200
Route '/random2' handled with status: 200
Route '/random2' handled with status: 200
Route '/random2' handled with status: 200
Route '/random2' handled with status: 200
Route '/sl_logger' handled with status: 200
Route '/random2' handled with status: 200
Route '/random2' handled with status: 200
Route '/random2' handled with status: 200
Route '/random2' handled with status: 200
Route '/random2' handled with status: 200
Route '/random2' handled with status: 200
Route '/random2' handled with status: 200
Route '/random2' handled with status: 200
Route '/random2' handled with status: 200
Route '/random2' handled with status: 200
Route '/random2' handled with status: 200
Route '/random2' handled with status: 200
Route '/random2' handled with status: 200
Route '/random2' handled with status: 200
Route '/random2' handled with status: 200
Route '/sl_logger' handled with status: 200
Route '/random2' handled with status: 200
Route '/random2' handled with status: 200
Route '/random2' handled with status: 200
Route '/random2' handled with status: 200
Route '/sl_logger' handled with status: 200
Route '/random2' handled with status: 200
Route '/random2' handled with status: 200
Route '/random2' handled with status: 200
Route '/random2' handled with status: 200
Route '/random2' handled with status: 200
Route '/random2' handled with status: 200
Route '/random2' handled with status: 200
Route '/random2' handled with status: 200
Route '/random2' handled with status: 200
Route '/random2' handled with status: 200
Route '/random2' handled with status: 200
Route '/random2' handled with status: 200
Route '/random2' handled with status: 200
Route '/random2' handled with status: 200
Route '/random2' handled with status: 200
Route '/sl_logger' handled with status: 200
Route '/random2' handled with status: 200
Route '/sl_logger' handled with status: 200
Route '/random2' handled with status: 200
Route '/random2' handled with status: 200
Route '/sl_logger' handled with status: 200
Route '/random2' handled with status: 200
Route '/sl_logger' handled with status: 200
Route '/random2' handled with status: 200
Route '/sl_logger' handled with status: 200
Route '/random2' handled with status: 200
Route '/sl_logger' handled with status: 200
Route '/sl_logger' handled with status: 200
Route '/random2' handled with status: 200
Route '/sl_logger' handled with status: 200
Route '/random2' handled with status: 200
Route '/sl_logger' handled with status: 200
Route '/sl_logger' handled with status: 200
Route '/random2' handled with status: 200
Route '/random2' handled with status: 200
Route '/sl_logger' handled with status: 200
Route '/random2' handled with status: 200
Route '/random2' handled with status: 200
Route '/sl_logger' handled with status: 200
Route '/random2' handled with status: 200
Route '/sl_logger' handled with status: 200
Route '/random2' handled with status: 200
Route '/sl_logger' handled with status: 200
Route '/random2' handled with status: 200
Route '/random2' handled with status: 200
Route '/sl_logger' handled with status: 200
Route '/sl_logger' handled with status: 200
Route '/random2' handled with status: 200
Route '/sl_logger' handled with status: 200
Route '/random2' handled with status: 200
Route '/sl_logger' handled with status: 200
Route '/sl_logger' handled with status: 200
Route '/sl_logger' handled with status: 200
Route '/sl_logger' handled with status: 200
Route '/random2' handled with status: 200
Route '/random2' handled with status: 200
Route '/random2' handled with status: 200
Route '/random2' handled with status: 200
Route '/random2' handled with status: 200
Route '/random2' handled with status: 200
Route '/random2' handled with status: 200
Route '/random2' handled with status: 200
Route '/random2' handled with status: 200
Route '/random2' handled with status: 200
Route '/random2' handled with status: 200
Route '/random2' handled with status: 200
Route '/random2' handled with status: 200
Route '/random2' handled with status: 200
Route '/random2' handled with status: 200
Route '/random2' handled with status: 200
Route '/random2' handled with status: 200
Route '/random2' handled with status: 200
Route '/random2' handled with status: 200
Route '/random2' handled with status: 200
Route '/random2' handled with status: 200
Route '/random2' handled with status: 200
Route '/random2' handled with status: 200
Route '/random2' handled with status: 200
Route '/random2' handled with status: 200
Route '/random2' handled with status: 200
Route '/random2' handled with status: 200
Route '/random2' handled with status: 200
Route '/random2' handled with status: 200
Route '/random2' handled with status: 200
Route '/random2' handled with status: 200
Route '/random2' handled with status: 200
Route '/random2' handled with status: 200
Route '/random2' handled with status: 200
Route '/random2' handled with status: 200
Route '/random2' handled with status: 200
Route '/random2' handled with status: 200
Route '/random2' handled with status: 200
Route '/random2' handled with status: 200
Route '/random2' handled with status: 200
Route '/random2' handled with status: 200
Route '/random2' handled with status: 200
Route '/random2' handled with status: 200
Route '/random2' handled with status: 200
Route '/random2' handled with status: 200
Route '/random2' handled with status: 200
Route '/random2' handled with status: 200
Route '/random2' handled with status: 200
Route '/random2' handled with status: 200
Route '/random2' handled with status: 200
Route '/random2' handled with status: 200
Route '/random2' handled with status: 200
Route '/random2' handled with status: 200
Route '/random2' handled with status: 200
Route '/random2' handled with status: 200
Route '/random2' handled with status: 200
Route '/random2' handled with status: 200
Route '/random2' handled with status: 200
Route '/random2' handled with status: 200
Route '/random2' handled with status: 200
Route '/random2' handled with status: 200
Route '/sl_logger' handled with status: 200
Route '/random2' handled with status: 200
Route '/random2' handled with status: 200
Route '/random2' handled with status: 200
Route '/random2' handled with status: 200
Route '/random2' handled with status: 200
Route '/random2' handled with status: 200
Route '/random2' handled with status: 200
Route '/random2' handled with status: 200
Route '/random2' handled with status: 200
Route '/random2' handled with status: 200
Route '/random2' handled with status: 200
Route '/random2' handled with status: 200
Route '/random2' handled with status: 200
Route '/random2' handled with status: 200
Route '/random2' handled with status: 200
Route '/random2' handled with status: 200
Route '/random2' handled with status: 200
Route '/random2' handled with status: 200
Route '/random2' handled with status: 200
Route '/random2' handled with status: 200
Route '/sl_logger' handled with status: 200
Route '/random2' handled with status: 200
Route '/sl_logger' handled with status: 200
Route '/random2' handled with status: 200
Route '/sl_logger' handled with status: 200
Route '/sl_logger' handled with status: 200
Route '/sl_logger' handled with status: 200
Route '/sl_logger' handled with status: 200
Route '/random2' handled with status: 200
Route '/sl_logger' handled with status: 200
Route '/sl_logger' handled with status: 200
Route '/sl_logger' handled with status: 200
Route '/sl_logger' handled with status: 200
Route '/sl_logger' handled with status: 200
Route '/random2' handled with status: 200
Route '/sl_logger' handled with status: 200
Route '/sl_logger' handled with status: 200
Route '/random2' handled with status: 200
Route '/random2' handled with status: 200
Route '/sl_logger' handled with status: 200
Route '/random2' handled with status: 200
Route '/sl_logger' handled with status: 200
Route '/random2' handled with status: 200
Route '/random2' handled with status: 200
Route '/random2' handled with status: 200
Route '/random2' handled with status: 200
Route '/random2' handled with status: 200
Route '/random2' handled with status: 200
Route '/random2' handled with status: 200
Route '/random2' handled with status: 200
Route '/random2' handled with status: 200
Route '/random2' handled with status: 200
Route '/random2' handled with status: 200
Route '/random2' handled with status: 200
Route '/random2' handled with status: 200
Route '/random2' handled with status: 200
Route '/random2' handled with status: 200
Route '/random2' handled with status: 200
Route '/random2' handled with status: 200
Route '/random2' handled with status: 200
Route '/random2' handled with status: 200
Route '/random2' handled with status: 200
Route '/random2' handled with status: 200
Route '/random2' handled with status: 200
Route '/random2' handled with status: 200
Route '/random2' handled with status: 200
Route '/random2' handled with status: 200
Route '/random2' handled with status: 200
Route '/random2' handled with status: 200
Route '/sl_logger' handled with status: 200
Route '/random2' handled with status: 200
Route '/random2' handled with status: 200
Route '/random2' handled with status: 200
Route '/random2' handled with status: 200
Route '/random2' handled with status: 200
Route '/random2' handled with status: 200
Route '/random2' handled with status: 200
Route '/random2' handled with status: 200
Route '/random2' handled with status: 200
Route '/random2' handled with status: 200
Route '/random2' handled with status: 200
Route '/random2' handled with status: 200
Route '/random2' handled with status: 200
Route '/random2' handled with status: 200
Route '/random2' handled with status: 200
Route '/random2' handled with status: 200
Route '/random2' handled with status: 200
Route '/random2' handled with status: 200
Route '/random2' handled with status: 200
Route '/random2' handled with status: 200
Route '/random2' handled with status: 200
Route '/random2' handled with status: 200
Route '/random2' handled with status: 200
Route '/random2' handled with status: 200
Route '/random2' handled with status: 200
Route '/random2' handled with status: 200
Route '/random2' handled with status: 200
Route '/random2' handled with status: 200
Route '/random2' handled with status: 200
Route '/random2' handled with status: 200
Route '/random2' handled with status: 200
Route '/random2' handled with status: 200
Route '/random2' handled with status: 200
Route '/random2' handled with status: 200
Route '/random2' handled with status: 200
Route '/random2' handled with status: 200
Route '/random2' handled with status: 200
Route '/random2' handled with status: 200
Route '/random2' handled with status: 200
Route '/random2' handled with status: 200
Route '/random2' handled with status: 200
Route '/random2' handled with status: 200
Route '/random2' handled with status: 200
Route '/random2' handled with status: 200
Route '/random2' handled with status: 200
Route '/random2' handled with status: 200
Route '/random2' handled with status: 200
Route '/random2' handled with status: 200
Route '/random2' handled with status: 200
Route '/random2' handled with status: 200
Route '/random2' handled with status: 200
Route '/random2' handled with status: 200
Route '/random2' handled with status: 200
Route '/random2' handled with status: 200
Route '/random2' handled with status: 200
Route '/random2' handled with status: 200
Route '/random2' handled with status: 200
Route '/random2' handled with status: 200
Route '/random2' handled with status: 200
Route '/random2' handled with status: 200
Route '/random2' handled with status: 200
Route '/random2' handled with status: 200
Route '/random2' handled with status: 200
Route '/random2' handled with status: 200
Route '/random2' handled with status: 200
Route '/random2' handled with status: 200
Route '/random2' handled with status: 200
Route '/random2' handled with status: 200
Route '/random2' handled with status: 200
Route '/random2' handled with status: 200
Route '/random2' handled with status: 200
Route '/random2' handled with status: 200
Route '/random2' handled with status: 200
Route '/random2' handled with status: 200
Route '/random2' handled with status: 200
Route '/random2' handled with status: 200
Route '/random2' handled with status: 200
Route '/random2' handled with status: 200
Route '/random2' handled with status: 200
Route '/random2' handled with status: 200
Route '/random2' handled with status: 200
Route '/random2' handled with status: 200
Route '/random2' handled with status: 200
Route '/random2' handled with status: 200
Route '/random2' handled with status: 200
Route '/random2' handled with status: 200
Route '/random2' handled with status: 200
Route '/random2' handled with status: 200
Route '/random2' handled with status: 200
Route '/random2' handled with status: 200
Route '/random2' handled with status: 200
Route '/random2' handled with status: 200
Route '/random2' handled with status: 200
Route '/random2' handled with status: 200
Route '/random2' handled with status: 200
Route '/random2' handled with status: 200
Route '/random2' handled with status: 200
Route '/random2' handled with status: 200
Route '/random2' handled with status: 200
Route '/random2' handled with status: 200
Route '/random2' handled with status: 200
Route '/random2' handled with status: 200
Route '/random2' handled with status: 200
Route '/random2' handled with status: 200
Route '/random2' handled with status: 200
Route '/random2' handled with status: 200
Route '/random2' handled with status: 200
Route '/random2' handled with status: 200
Route '/random2' handled with status: 200
Route '/random2' handled with status: 200
Route '/random2' handled with status: 200
Route '/random2' handled with status: 200
Route '/' handled with status: 200
Route '/random2' handled with status: 200
Route '/random2' handled with status: 200
Route '/random2' handled with status: 200
Route '/random2' handled with status: 200
Route '/random2' handled with status: 200
Route '/random2' handled with status: 200
Route '/random2' handled with status: 200
Route '/random2' handled with status: 200
Route '/random2' handled with status: 200
Route '/random2' handled with status: 200
Route '/random2' handled with status: 200
Route '/random2' handled with status: 200
Route '/random2' handled with status: 200
Route '/random2' handled with status: 200
Route '/random2' handled with status: 200
Route '/random2' handled with status: 200
Route '/random2' handled with status: 200
Route '/random2' handled with status: 200
Route '/random2' handled with status: 200
Route '/random2' handled with status: 200
Route '/random2' handled with status: 200
Route '/random2' handled with status: 200
Route '/random2' handled with status: 200
Route '/random2' handled with status: 200
Route '/random2' handled with status: 200
Route '/random2' handled with status: 200
Route '/random2' handled with status: 200
Route '/random2' handled with status: 200
Route '/random2' handled with status: 200
Route '/random2' handled with status: 200
Route '/random2' handled with status: 200
Route '/random2' handled with status: 200
Route '/random2' handled with status: 200
Route '/random2' handled with status: 200
Route '/random2' handled with status: 200
Route '/random2' handled with status: 200
Route '/random2' handled with status: 200
Route '/random2' handled with status: 200
Route '/random2' handled with status: 200
Route '/random2' handled with status: 200
Route '/random2' handled with status: 200
Route '/random2' handled with status: 200
Route '/random2' handled with status: 200
Route '/random2' handled with status: 200
Route '/random2' handled with status: 200
Route '/random2' handled with status: 200
Route '/random2' handled with status: 200
Route '/random2' handled with status: 200
Route '/random2' handled with status: 200
Route '/random2' handled with status: 200
Route '/random2' handled with status: 200
Route '/random2' handled with status: 200
Route '/random2' handled with status: 200
Route '/random2' handled with status: 200
Route '/random2' handled with status: 200
Route '/random2' handled with status: 200
Route '/random2' handled with status: 200
Route '/random2' handled with status: 200
Route '/random2' handled with status: 200
Route '/random2' handled with status: 200
Route '/random2' handled with status: 200
Route '/random2' handled with status: 200
Route '/random2' handled with status: 200
Route '/random2' handled with status: 200
Route '/random2' handled with status: 200
Route '/random2' handled with status: 200
Route '/random2' handled with status: 200
Route '/random2' handled with status: 200
Route '/random2' handled with status: 200
Route '/random2' handled with status: 200
Route '/random2' handled with status: 200
Route '/random2' handled with status: 200
Route '/random2' handled with status: 200
Route '/random2' handled with status: 200
Route '/random2' handled with status: 200
Route '/random2' handled with status: 200
Route '/random2' handled with status: 200
Route '/random2' handled with status: 200
Route '/random2' handled with status: 200
Route '/random2' handled with status: 200
Route '/random2' handled with status: 200
Route '/random2' handled with status: 200
Route '/random2' handled with status: 200
Route '/random2' handled with status: 200
Route '/random2' handled with status: 200
Route '/random2' handled with status: 200
Route '/random2' handled with status: 200
Route '/random2' handled with status: 200
Route '/random2' handled with status: 200
Route '/random2' handled with status: 200
Route '/random2' handled with status: 200
Route '/random2' handled with status: 200
Route '/random2' handled with status: 200
Route '/random2' handled with status: 200
Route '/random2' handled with status: 200
Route '/random2' handled with status: 200
Route '/random2' handled with status: 200
Route '/random2' handled with status: 200
Route '/random2' handled with status: 200
Route '/random2' handled with status: 200
Route '/random2' handled with status: 200
Route '/random2' handled with status: 200
Route '/random2' handled with status: 200
Route '/random2' handled with status: 200
Route '/random2' handled with status: 200
Route '/random2' handled with status: 200
Route '/random2' handled with status: 200
Route '/random2' handled with status: 200
Route '/random2' handled with status: 200
Route '/random2' handled with status: 200
Route '/random2' handled with status: 200
Route '/random2' handled with status: 200
Route '/random2' handled with status: 200
Route '/random2' handled with status: 200
Route '/random2' handled with status: 200
Route '/random2' handled with status: 200
Route '/random2' handled with status: 200
Route '/random2' handled with status: 200
Route '/random2' handled with status: 200
Route '/random2' handled with status: 200
Route '/random2' handled with status: 200
Route '/random2' handled with status: 200
Route '/random2' handled with status: 200
Route '/random2' handled with status: 200
Route '/random2' handled with status: 200
Route '/random2' handled with status: 200
Route '/random2' handled with status: 200
Route '/random2' handled with status: 200
Route '/random2' handled with status: 200
Route '/random2' handled with status: 200
Route '/random2' handled with status: 200
Route '/random2' handled with status: 200
Route '/random2' handled with status: 200
Route '/random2' handled with status: 200
Route '/random2' handled with status: 200
Route '/random2' handled with status: 200
Route '/random2' handled with status: 200
Route '/random2' handled with status: 200
Route '/random2' handled with status: 200
Route '/random2' handled with status: 200
Route '/random2' handled with status: 200
Route '/random2' handled with status: 200
Route '/random2' handled with status: 200
Route '/random2' handled with status: 200
Route '/random2' handled with status: 200
Route '/random2' handled with status: 200
Route '/random2' handled with status: 200
Route '/random2' handled with status: 200
Route '/random2' handled with status: 200
Route '/random2' handled with status: 200
Route '/random2' handled with status: 200
Route '/random2' handled with status: 200
Route '/random2' handled with status: 200
Route '/random2' handled with status: 200
Route '/random2' handled with status: 200
Route '/random2' handled with status: 200
Route '/random2' handled with status: 200
Route '/random2' handled with status: 200
Route '/random2' handled with status: 200
Route '/random2' handled with status: 200
Route '/random2' handled with status: 200
Route '/random2' handled with status: 200
Route '/random2' handled with status: 200
Route '/random2' handled with status: 200
Route '/random2' handled with status: 200
Route '/random2' handled with status: 200
Route '/random2' handled with status: 200
Route '/random2' handled with status: 200
Route '/random2' handled with status: 200
Route '/random2' handled with status: 200
Route '/random2' handled with status: 200
Route '/random2' handled with status: 200
Route '/random2' handled with status: 200
Route '/random2' handled with status: 200
Route '/random2' handled with status: 200
Route '/random2' handled with status: 200
Route '/random2' handled with status: 200
Route '/random2' handled with status: 200
Route '/random2' handled with status: 200
Route '/random2' handled with status: 200
Route '/random2' handled with status: 200
Route '/random2' handled with status: 200
Route '/random2' handled with status: 200
Route '/random2' handled with status: 200
Route '/random2' handled with status: 200
Route '/random2' handled with status: 200
Route '/random2' handled with status: 200
Route '/random2' handled with status: 200
Route '/random2' handled with status: 200
Route '/random2' handled with status: 200
Route '/random2' handled with status: 200
Route '/random2' handled with status: 200
Route '/random2' handled with status: 200
Route '/random2' handled with status: 200
Route '/random2' handled with status: 200
Route '/random2' handled with status: 200
Route '/random2' handled with status: 200
Route '/random2' handled with status: 200
Route '/random2' handled with status: 200
Route '/random2' handled with status: 200
Route '/random2' handled with status: 200
Route '/random2' handled with status: 200
Route '/random2' handled with status: 200
Route '/random2' handled with status: 200
Route '/random2' handled with status: 200
Route '/random2' handled with status: 200
Route '/random2' handled with status: 200
Route '/random2' handled with status: 200
Route '/random2' handled with status: 200
Route '/random2' handled with status: 200
Route '/random2' handled with status: 200
Route '/random2' handled with status: 200
Route '/random2' handled with status: 200
Route '/random2' handled with status: 200
Route '/random2' handled with status: 200
Route '/random2' handled with status: 200
Route '/random2' handled with status: 200
Route '/random2' handled with status: 200
Route '/random2' handled with status: 200
Route '/random2' handled with status: 200
Route '/random2' handled with status: 200
Route '/random2' handled with status: 200
Route '/random2' handled with status: 200
Route '/random2' handled with status: 200
Route '/random2' handled with status: 200
Route '/random2' handled with status: 200
Route '/random2' handled with status: 200
Route '/random2' handled with status: 200
Route '/random2' handled with status: 200
Route '/random2' handled with status: 200
Route '/random2' handled with status: 200
Route '/random2' handled with status: 200
Route '/random2' handled with status: 200
Route '/random2' handled with status: 200
Route '/random2' handled with status: 200
Route '/random2' handled with status: 200
Route '/random2' handled with status: 200
Route '/random2' handled with status: 200
Route '/random2' handled with status: 200
Route '/random2' handled with status: 200
Route '/random2' handled with status: 200
Route '/random2' handled with status: 200
Route '/random2' handled with status: 200
Route '/random2' handled with status: 200
Route '/random2' handled with status: 200
Route '/random2' handled with status: 200
Route '/random2' handled with status: 200
Route '/random2' handled with status: 200
Route '/random2' handled with status: 200
Route '/random2' handled with status: 200
Route '/random2' handled with status: 200
Route '/random2' handled with status: 200
Route '/random2' handled with status: 200
Route '/random2' handled with status: 200
Route '/random2' handled with status: 200
Route '/random2' handled with status: 200
Route '/random2' handled with status: 200
Route '/random2' handled with status: 200
Route '/random2' handled with status: 200
Route '/random2' handled with status: 200
Route '/random2' handled with status: 200
Route '/random2' handled with status: 200
Route '/random2' handled with status: 200
Route '/random2' handled with status: 200
Route '/random2' handled with status: 200
Route '/random2' handled with status: 200
Route '/random2' handled with status: 200
Route '/random2' handled with status: 200
Route '/random2' handled with status: 200
Route '/random2' handled with status: 200
Route '/random2' handled with status: 200
Route '/random2' handled with status: 200
Route '/random2' handled with status: 200
Route '/random2' handled with status: 200
Route '/random2' handled with status: 200
Route '/random2' handled with status: 200
Route '/random2' handled with status: 200
Route '/random2' handled with status: 200
Route '/random2' handled with status: 200
Route '/random2' handled with status: 200
Route '/random2' handled with status: 200
Route '/random2' handled with status: 200
Route '/random2' handled with status: 200
Route '/random2' handled with status: 200
Route '/random2' handled with status: 200
Route '/random2' handled with status: 200
Route '/random2' handled with status: 200
Route '/random2' handled with status: 200
Route '/random2' handled with status: 200
Route '/random2' handled with status: 200
Route '/random2' handled with status: 200
Route '/random2' handled with status: 200
Route '/random2' handled with status: 200
Route '/random2' handled with status: 200
Route '/random2' handled with status: 200
Route '/random2' handled with status: 200
Route '/random2' handled with status: 200
Route '/random2' handled with status: 200
Route '/random2' handled with status: 200
Route '/random2' handled with status: 200
Route '/random2' handled with status: 200
Route '/random2' handled with status: 200
Route '/random2' handled with status: 200
Route '/random2' handled with status: 200
Route '/random2' handled with status: 200
Route '/random2' handled with status: 200
Route '/random2' handled with status: 200
Route '/random2' handled with status: 200
Route '/random2' handled with status: 200
Route '/random2' handled with status: 200
Route '/random2' handled with status: 200
Route '/random2' handled with status: 200
Route '/random2' handled with status: 200
Route '/random2' handled with status: 200
Route '/random2' handled with status: 200
Route '/random2' handled with status: 200
Route '/random2' handled with status: 200
Route '/random2' handled with status: 200
Route '/random2' handled with status: 200
Route '/random2' handled with status: 200
Route '/random2' handled with status: 200
Route '/random2' handled with status: 200
Route '/random2' handled with status: 200
Route '/random2' handled with status: 200
Route '/random2' handled with status: 200
Route '/random2' handled with status: 200
Route '/random2' handled with status: 200
Route '/random2' handled with status: 200
Route '/random2' handled with status: 200
Route '/random2' handled with status: 200
Route '/random2' handled with status: 200
Route '/random2' handled with status: 200
Route '/random2' handled with status: 200
Route '/random2' handled with status: 200
Route '/random2' handled with status: 200
Route '/random2' handled with status: 200
Route '/random2' handled with status: 200
Route '/random2' handled with status: 200
Route '/random2' handled with status: 200
Route '/random2' handled with status: 200
Route '/random2' handled with status: 200
Route '/random2' handled with status: 200
Route '/random2' handled with status: 200
Route '/random2' handled with status: 200
Route '/random2' handled with status: 200
Route '/random2' handled with status: 200
Route '/random2' handled with status: 200
Route '/random2' handled with status: 200
Route '/random2' handled with status: 200
Route '/random2' handled with status: 200
Route '/random2' handled with status: 200
Route '/random2' handled with status: 200
Route '/random2' handled with status: 200
Route '/random2' handled with status: 200
Route '/random2' handled with status: 200
Route '/random2' handled with status: 200
Route '/random2' handled with status: 200
Route '/random2' handled with status: 200
Route '/random2' handled with status: 200
Route '/random2' handled with status: 200
Route '/random2' handled with status: 200
Route '/gallery/view/infinivaeria' handled with status: 404
Route '/random2' handled with status: 200
Route '/random2' handled with status: 200
Route '/random2' handled with status: 200
Route '/random2' handled with status: 200
Route '/random2' handled with status: 200
Route '/random2' handled with status: 200
Route '/random2' handled with status: 200
Route '/random2' handled with status: 200
Route '/random2' handled with status: 200
Route '/random2' handled with status: 200
Route '/random2' handled with status: 200
Route '/random2' handled with status: 200
Route '/random2' handled with status: 200
Route '/random2' handled with status: 200
Route '/random2' handled with status: 200
Route '/random2' handled with status: 200
Route '/random2' handled with status: 200
Route '/random2' handled with status: 200
Route '/random2' handled with status: 200
Route '/random2' handled with status: 200
Route '/random2' handled with status: 200
Route '/random2' handled with status: 200
Route '/random2' handled with status: 200
Route '/random2' handled with status: 200
Route '/random2' handled with status: 200
Route '/random2' handled with status: 200
Route '/random2' handled with status: 200
Route '/random2' handled with status: 200
Route '/random2' handled with status: 200
Route '/random2' handled with status: 200
Route '/random2' handled with status: 200
Route '/random2' handled with status: 200
Route '/random2' handled with status: 200
Route '/random2' handled with status: 200
Route '/random2' handled with status: 200
Route '/random2' handled with status: 200
Route '/random2' handled with status: 200
Route '/random2' handled with status: 200
Route '/random2' handled with status: 200
Route '/random2' handled with status: 200
Route '/random2' handled with status: 200
Route '/random2' handled with status: 200
Route '/random2' handled with status: 200
Route '/random2' handled with status: 200
Route '/random2' handled with status: 200
Route '/random2' handled with status: 200
Route '/random2' handled with status: 200
Route '/random2' handled with status: 200
Route '/random2' handled with status: 200
Route '/random2' handled with status: 200
Route '/random2' handled with status: 200
Route '/random2' handled with status: 200
Route '/random2' handled with status: 200
Route '/random2' handled with status: 200
Route '/random2' handled with status: 200
Route '/random2' handled with status: 200
Route '/random2' handled with status: 200
Route '/random2' handled with status: 200
Route '/random2' handled with status: 200
Route '/random2' handled with status: 200
Route '/random2' handled with status: 200
Route '/random2' handled with status: 200
Route '/random2' handled with status: 200
Route '/random2' handled with status: 200
Route '/random2' handled with status: 200
Route '/random2' handled with status: 200
Route '/random2' handled with status: 200
Route '/random2' handled with status: 200
Route '/random2' handled with status: 200
Route '/robots.txt' handled with status: 404
Route '/' handled with status: 200
Route '/' handled with status: 200
Route '/' handled with status: 200
Route '/' handled with status: 200
Route '/' handled with status: 200
Route '/.env' handled with status: 404
Route '/random2' handled with status: 200
Route '/random2' handled with status: 200
Route '/random2' handled with status: 200
Route '/random2' handled with status: 200
Route '/random2' handled with status: 200
Route '/random2' handled with status: 200
Route '/analytics' handled with status: 200
Route '/analytics' handled with status: 200
Route '/epa/scripts/win/nsepa_setup.exe' handled with status: 404
Route '/' handled with status: 200
Route '/favicon.ico' handled with status: 404
Route '/' handled with status: 200
Route '/.well-known/atproto-did' handled with status: 404
Route '/' handled with status: 405
Route '/index.php' handled with status: 404
Route '/index.php' handled with status: 404
Route '/' handled with status: 405
Route '/' handled with status: 405
Route '/' handled with status: 405
Route '/wp-json/batch/v1' handled with status: 404
Route '/wp-json/Batch/v1' handled with status: 404
Route '//wp-json/batch/v1' handled with status: 404
Route '/wp-json/batch/v1/' handled with status: 404
Route '/blog/wp-json/batch/v1' handled with status: 404
Route '/wordpress/wp-json/batch/v1' handled with status: 404
Route '/index.php' handled with status: 404
Route '/index.php' handled with status: 404
Route '/' handled with status: 405
Route '/' handled with status: 405
Route '/' handled with status: 405
Route '/wp-json/batch/v1' handled with status: 404
Route '/wp-json/Batch/v1' handled with status: 404
Route '//wp-json/batch/v1' handled with status: 404
Route '/wp-json/batch/v1/' handled with status: 404
Route '/blog/wp-json/batch/v1' handled with status: 404
Route '/wordpress/wp-json/batch/v1' handled with status: 404
Route '/index.php' handled with status: 404
Route '/index.php' handled with status: 404
Route '/' handled with status: 405
Route '/' handled with status: 405
Route '/' handled with status: 405
Route '/wp-json/batch/v1' handled with status: 404
Route '/wp-json/Batch/v1' handled with status: 404
Route '//wp-json/batch/v1' handled with status: 404
Route '/wp-json/batch/v1/' handled with status: 404
Route '/blog/wp-json/batch/v1' handled with status: 404
Route '/wordpress/wp-json/batch/v1' handled with status: 404
Route '/index.php' handled with status: 404
Route '/index.php' handled with status: 404
Route '/' handled with status: 405
Route '/' handled with status: 405
Route '/' handled with status: 405
Route '/wp-json/batch/v1' handled with status: 404
Route '/wp-json/Batch/v1' handled with status: 404
Route '//wp-json/batch/v1' handled with status: 404
Route '/wp-json/batch/v1/' handled with status: 404
Route '/blog/wp-json/batch/v1' handled with status: 404
Route '/wordpress/wp-json/batch/v1' handled with status: 404
Route '/index.php' handled with status: 404
Route '/index.php' handled with status: 404
Route '/' handled with status: 405
Route '/' handled with status: 405
Route '/' handled with status: 405
Route '/wp-json/batch/v1' handled with status: 404
Route '/wp-json/Batch/v1' handled with status: 404
Route '//wp-json/batch/v1' handled with status: 404
Route '/wp-json/batch/v1/' handled with status: 404
Route '/blog/wp-json/batch/v1' handled with status: 404
Route '/wordpress/wp-json/batch/v1' handled with status: 404
Route '/index.php' handled with status: 404
Route '/index.php' handled with status: 404
Route '/' handled with status: 405
Route '/' handled with status: 405
Route '/' handled with status: 405
Route '/wp-json/batch/v1' handled with status: 404
Route '/wp-json/Batch/v1' handled with status: 404
Route '//wp-json/batch/v1' handled with status: 404
Route '/wp-json/batch/v1/' handled with status: 404
Route '/blog/wp-json/batch/v1' handled with status: 404
Route '/wordpress/wp-json/batch/v1' handled with status: 404
Route '/index.php' handled with status: 404
Route '/index.php' handled with status: 404
Route '/' handled with status: 405
Route '/' handled with status: 405
Route '/' handled with status: 405
Route '/wp-json/batch/v1' handled with status: 404
Route '/wp-json/Batch/v1' handled with status: 404
Route '//wp-json/batch/v1' handled with status: 404
Route '/wp-json/batch/v1/' handled with status: 404
Route '/blog/wp-json/batch/v1' handled with status: 404
Route '/wordpress/wp-json/batch/v1' handled with status: 404
Route '/wp/v2/posts/999999' handled with status: 404
Route '/' handled with status: 200
Route '/wp/v2/pages' handled with status: 404
Route '/' handled with status: 200
Route '/wp/v2/media' handled with status: 404
Route '/' handled with status: 200
Route '/wp/v2/categories' handled with status: 404
Route '/' handled with status: 200
Route '/wp/v2/tags' handled with status: 404
Route '/' handled with status: 200
Route '/wp/v2/posts/999998' handled with status: 404
Route '/' handled with status: 200
Route '/wp/v2/posts/99999' handled with status: 404
Route '/' handled with status: 200
Route '/wp/v2/posts/9999999' handled with status: 404
Route '/' handled with status: 200
Route '/wp/v2/users' handled with status: 404
Route '/' handled with status: 200
Route '/' handled with status: 405
Route '/' handled with status: 405
Route '/wp-json/batch/v1' handled with status: 404
Route '/wp-json/batch/v1' handled with status: 404
Route '/wp-json/gravitysmtp/v1/tests/mock-data' handled with status: 404
Route '/' handled with status: 200
Route '/' handled with status: 200
Route '/wp-json/gravitysmtp/v1/tests/mock-data' handled with status: 404
Route '/' handled with status: 200
Route '/livewire/update' handled with status: 404
Route '/' handled with status: 405
Route '/' handled with status: 405
Route '/' handled with status: 405
Route '/index.php' handled with status: 404
Route '/wp-json/gravitysmtp/v1/tests/mock-data' handled with status: 404
Route '/' handled with status: 405
Route '/' handled with status: 405
Route '/' handled with status: 405
Route '/' handled with status: 405
Route '/' handled with status: 405
Route '/' handled with status: 405
Route '/' handled with status: 405
Route '/' handled with status: 405
Route '/' handled with status: 405
Route '/' handled with status: 405
Route '/' handled with status: 405
Route '/' handled with status: 405
Route '/' handled with status: 405
Route '/' handled with status: 405
Route '/' handled with status: 405
Route '/' handled with status: 405
Route '/' handled with status: 405
Route '/' handled with status: 405
Route '/' handled with status: 405
Route '/' handled with status: 405
Route '/' handled with status: 405
Route '/' handled with status: 405
Route '/' handled with status: 405
Route '/' handled with status: 405
Route '/' handled with status: 405
Route '/' handled with status: 405
Route '/' handled with status: 405
Route '/' handled with status: 405
Route '/' handled with status: 405
Route '/' handled with status: 405
Route '/' handled with status: 405
Route '/' handled with status: 405
Route '/' handled with status: 405
Route '/' handled with status: 405
Route '/' handled with status: 405
Route '/' handled with status: 405
Route '/' handled with status: 405
Route '/' handled with status: 405
Route '/' handled with status: 405
Route '/' handled with status: 405
Route '/' handled with status: 405
Route '/' handled with status: 405
Route '/' handled with status: 405
Route '/' handled with status: 405
Route '/' handled with status: 405
Route '/' handled with status: 405
Route '/' handled with status: 405
Route '/' handled with status: 405
Route '/' handled with status: 405
Route '/' handled with status: 405
Route '/' handled with status: 405
Route '/' handled with status: 405
Route '/' handled with status: 405
Route '/' handled with status: 405
Route '/' handled with status: 405
Route '/' handled with status: 405
Route '/' handled with status: 405
Route '/' handled with status: 405
Route '/' handled with status: 405
Route '/' handled with status: 405
Route '/' handled with status: 405
Route '/' handled with status: 405
Route '/' handled with status: 405
Route '/' handled with status: 405
Route '/' handled with status: 405
Route '/' handled with status: 405
Route '/' handled with status: 405
Route '/' handled with status: 405
Route '/' handled with status: 405
Route '/' handled with status: 405
Route '/' handled with status: 405
Route '/' handled with status: 405
Route '/' handled with status: 405
Route '/' handled with status: 405
Route '/' handled with status: 405
Route '/' handled with status: 405
Route '/' handled with status: 405
Route '/' handled with status: 405
Route '/' handled with status: 405
Route '/' handled with status: 405
Route '/' handled with status: 405
Route '/' handled with status: 405
Route '/' handled with status: 405
Route '/' handled with status: 405
Route '/' handled with status: 405
Route '/' handled with status: 405
Route '/' handled with status: 405
Route '/' handled with status: 405
Route '/' handled with status: 405
Route '/' handled with status: 405
Route '/' handled with status: 405
Route '/' handled with status: 405
Route '/' handled with status: 405
Route '/' handled with status: 405
Route '/' handled with status: 405
Route '/' handled with status: 405
Route '/' handled with status: 405
Route '/' handled with status: 405
Route '/' handled with status: 405
Route '/' handled with status: 405
Route '/' handled with status: 405
Route '/' handled with status: 405
Route '/' handled with status: 405
Route '/' handled with status: 405
Route '/' handled with status: 405
Route '/' handled with status: 405
Route '/' handled with status: 405
Route '/' handled with status: 405
Route '/' handled with status: 405
Route '/' handled with status: 405
Route '/' handled with status: 405
Route '/' handled with status: 405
Route '/' handled with status: 405
Route '/' handled with status: 405
Route '/' handled with status: 405
Route '/' handled with status: 405
Route '/' handled with status: 405
Route '/' handled with status: 405
Route '/' handled with status: 405
Route '/' handled with status: 405
Route '/' handled with status: 405
Route '/' handled with status: 405
Route '/' handled with status: 405
Route '/' handled with status: 405
Route '/' handled with status: 405
Route '/' handled with status: 405
Route '/' handled with status: 405
Route '/' handled with status: 405
Route '/' handled with status: 405
Route '/login' handled with status: 404
Route '/login' handled with status: 404
Route '/login' handled with status: 404
Route '/login' handled with status: 404
Route '/login' handled with status: 404
Route '/login' handled with status: 404
Route '/login' handled with status: 404
Route '/login' handled with status: 404
Route '/login' handled with status: 404
Route '/login' handled with status: 404
Route '/login' handled with status: 404
Route '/login' handled with status: 404
Route '/login' handled with status: 404
Route '/login' handled with status: 404
Route '/login' handled with status: 404
Route '/login' handled with status: 404
Route '/login' handled with status: 404
Route '/login' handled with status: 404
Route '/login' handled with status: 404
Route '/login' handled with status: 404
Route '/login' handled with status: 404
Route '/login' handled with status: 404
Route '/login' handled with status: 404
Route '/login' handled with status: 404
Route '/login' handled with status: 404
Route '/login' handled with status: 404
Route '/login' handled with status: 404
Route '/login' handled with status: 404
Route '/login' handled with status: 404
Route '/login' handled with status: 404
Route '/login' handled with status: 404
Route '/login' handled with status: 404
Route '/login' handled with status: 404
Route '/login' handled with status: 404
Route '/login' handled with status: 404
Route '/login' handled with status: 404
Route '/login' handled with status: 404
Route '/login' handled with status: 404
Route '/login' handled with status: 404
Route '/login' handled with status: 404
Route '/login' handled with status: 404
Route '/login' handled with status: 404
Route '/login' handled with status: 404
Route '/login' handled with status: 404
Route '/signin' handled with status: 404
Route '/signin' handled with status: 404
Route '/signin' handled with status: 404
Route '/signin' handled with status: 404
Route '/signin' handled with status: 404
Route '/signin' handled with status: 404
Route '/signin' handled with status: 404
Route '/signin' handled with status: 404
Route '/signin' handled with status: 404
Route '/signin' handled with status: 404
Route '/signin' handled with status: 404
Route '/signin' handled with status: 404
Route '/signin' handled with status: 404
Route '/signin' handled with status: 404
Route '/signin' handled with status: 404
Route '/signin' handled with status: 404
Route '/signin' handled with status: 404
Route '/signin' handled with status: 404
Route '/signin' handled with status: 404
Route '/signin' handled with status: 404
Route '/signin' handled with status: 404
Route '/signin' handled with status: 404
Route '/signin' handled with status: 404
Route '/signin' handled with status: 404
Route '/signin' handled with status: 404
Route '/signin' handled with status: 404
Route '/signin' handled with status: 404
Route '/signin' handled with status: 404
Route '/signin' handled with status: 404
Route '/signin' handled with status: 404
Route '/signin' handled with status: 404
Route '/signin' handled with status: 404
Route '/signin' handled with status: 404
Route '/signin' handled with status: 404
Route '/signin' handled with status: 404
Route '/signin' handled with status: 404
Route '/signin' handled with status: 404
Route '/signin' handled with status: 404
Route '/signin' handled with status: 404
Route '/signin' handled with status: 404
Route '/signin' handled with status: 404
Route '/signin' handled with status: 404
Route '/signin' handled with status: 404
Route '/signin' handled with status: 404
Route '/signup' handled with status: 404
Route '/signup' handled with status: 404
Route '/signup' handled with status: 404
Route '/signup' handled with status: 404
Route '/signup' handled with status: 404
Route '/signup' handled with status: 404
Route '/signup' handled with status: 404
Route '/signup' handled with status: 404
Route '/signup' handled with status: 404
Route '/signup' handled with status: 404
Route '/signup' handled with status: 404
Route '/signup' handled with status: 404
Route '/signup' handled with status: 404
Route '/signup' handled with status: 404
Route '/signup' handled with status: 404
Route '/signup' handled with status: 404
Route '/signup' handled with status: 404
Route '/signup' handled with status: 404
Route '/signup' handled with status: 404
Route '/signup' handled with status: 404
Route '/signup' handled with status: 404
Route '/signup' handled with status: 404
Route '/signup' handled with status: 404
Route '/signup' handled with status: 404
Route '/signup' handled with status: 404
Route '/signup' handled with status: 404
Route '/signup' handled with status: 404
Route '/signup' handled with status: 404
Route '/signup' handled with status: 404
Route '/signup' handled with status: 404
Route '/signup' handled with status: 404
Route '/signup' handled with status: 404
Route '/signup' handled with status: 404
Route '/signup' handled with status: 404
Route '/signup' handled with status: 404
Route '/signup' handled with status: 404
Route '/signup' handled with status: 404
Route '/signup' handled with status: 404
Route '/signup' handled with status: 404
Route '/signup' handled with status: 404
Route '/signup' handled with status: 404
Route '/signup' handled with status: 404
Route '/signup' handled with status: 404
Route '/signup' handled with status: 404
Route '/register' handled with status: 404
Route '/register' handled with status: 404
Route '/register' handled with status: 404
Route '/register' handled with status: 404
Route '/register' handled with status: 404
Route '/register' handled with status: 404
Route '/register' handled with status: 404
Route '/register' handled with status: 404
Route '/register' handled with status: 404
Route '/register' handled with status: 404
Route '/register' handled with status: 404
Route '/register' handled with status: 404
Route '/register' handled with status: 404
Route '/register' handled with status: 404
Route '/register' handled with status: 404
Route '/register' handled with status: 404
Route '/register' handled with status: 404
Route '/register' handled with status: 404
Route '/register' handled with status: 404
Route '/register' handled with status: 404
Route '/register' handled with status: 404
Route '/register' handled with status: 404
Route '/register' handled with status: 404
Route '/register' handled with status: 404
Route '/register' handled with status: 404
Route '/register' handled with status: 404
Route '/register' handled with status: 404
Route '/register' handled with status: 404
Route '/register' handled with status: 404
Route '/register' handled with status: 404
Route '/register' handled with status: 404
Route '/register' handled with status: 404
Route '/register' handled with status: 404
Route '/register' handled with status: 404
Route '/register' handled with status: 404
Route '/register' handled with status: 404
Route '/register' handled with status: 404
Route '/register' handled with status: 404
Route '/register' handled with status: 404
Route '/register' handled with status: 404
Route '/register' handled with status: 404
Route '/register' handled with status: 404
Route '/register' handled with status: 404
Route '/register' handled with status: 404
Route '/api/auth/signin' handled with status: 404
Route '/api/auth/signin' handled with status: 404
Route '/api/auth/signin' handled with status: 404
Route '/api/auth/signin' handled with status: 404
Route '/api/auth/signin' handled with status: 404
Route '/api/auth/signin' handled with status: 404
Route '/api/auth/signin' handled with status: 404
Route '/api/auth/signin' handled with status: 404
Route '/api/auth/signin' handled with status: 404
Route '/api/auth/signin' handled with status: 404
Route '/api/auth/signin' handled with status: 404
Route '/api/auth/signin' handled with status: 404
Route '/api/auth/signin' handled with status: 404
Route '/api/auth/signin' handled with status: 404
Route '/api/auth/signin' handled with status: 404
Route '/api/auth/signin' handled with status: 404
Route '/api/auth/signin' handled with status: 404
Route '/api/auth/signin' handled with status: 404
Route '/api/auth/signin' handled with status: 404
Route '/api/auth/signin' handled with status: 404
Route '/api/auth/signin' handled with status: 404
Route '/api/auth/signin' handled with status: 404
Route '/api/auth/signin' handled with status: 404
Route '/api/auth/signin' handled with status: 404
Route '/api/auth/signin' handled with status: 404
Route '/api/auth/signin' handled with status: 404
Route '/api/auth/signin' handled with status: 404
Route '/api/auth/signin' handled with status: 404
Route '/api/auth/signin' handled with status: 404
Route '/api/auth/signin' handled with status: 404
Route '/api/auth/signin' handled with status: 404
Route '/api/auth/signin' handled with status: 404
Route '/api/auth/signin' handled with status: 404
Route '/api/auth/signin' handled with status: 404
Route '/api/auth/signin' handled with status: 404
Route '/api/auth/signin' handled with status: 404
Route '/api/auth/signin' handled with status: 404
Route '/api/auth/signin' handled with status: 404
Route '/api/auth/signin' handled with status: 404
Route '/api/auth/signin' handled with status: 404
Route '/api/auth/signin' handled with status: 404
Route '/api/auth/signin' handled with status: 404
Route '/api/auth/signin' handled with status: 404
Route '/api/auth/signin' handled with status: 404
Route '/dashboard' handled with status: 404
Route '/dashboard' handled with status: 404
Route '/dashboard' handled with status: 404
Route '/dashboard' handled with status: 404
Route '/dashboard' handled with status: 404
Route '/dashboard' handled with status: 404
Route '/dashboard' handled with status: 404
Route '/dashboard' handled with status: 404
Route '/dashboard' handled with status: 404
Route '/dashboard' handled with status: 404
Route '/dashboard' handled with status: 404
Route '/dashboard' handled with status: 404
Route '/dashboard' handled with status: 404
Route '/dashboard' handled with status: 404
Route '/dashboard' handled with status: 404
Route '/dashboard' handled with status: 404
Route '/dashboard' handled with status: 404
Route '/dashboard' handled with status: 404
Route '/dashboard' handled with status: 404
Route '/dashboard' handled with status: 404
Route '/dashboard' handled with status: 404
Route '/dashboard' handled with status: 404
Route '/dashboard' handled with status: 404
Route '/dashboard' handled with status: 404
Route '/dashboard' handled with status: 404
Route '/dashboard' handled with status: 404
Route '/dashboard' handled with status: 404
Route '/dashboard' handled with status: 404
Route '/dashboard' handled with status: 404
Route '/dashboard' handled with status: 404
Route '/dashboard' handled with status: 404
Route '/dashboard' handled with status: 404
Route '/dashboard' handled with status: 404
Route '/dashboard' handled with status: 404
Route '/dashboard' handled with status: 404
Route '/dashboard' handled with status: 404
Route '/dashboard' handled with status: 404
Route '/dashboard' handled with status: 404
Route '/dashboard' handled with status: 404
Route '/dashboard' handled with status: 404
Route '/dashboard' handled with status: 404
Route '/dashboard' handled with status: 404
Route '/dashboard' handled with status: 404
Route '/dashboard' handled with status: 404
Route '/admin' handled with status: 404
Route '/admin' handled with status: 404
Route '/admin' handled with status: 404
Route '/admin' handled with status: 404
Route '/admin' handled with status: 404
Route '/admin' handled with status: 404
Route '/admin' handled with status: 404
Route '/admin' handled with status: 404
Route '/admin' handled with status: 404
Route '/admin' handled with status: 404
Route '/admin' handled with status: 404
Route '/admin' handled with status: 404
Route '/admin' handled with status: 404
Route '/admin' handled with status: 404
Route '/admin' handled with status: 404
Route '/admin' handled with status: 404
Route '/admin' handled with status: 404
Route '/admin' handled with status: 404
Route '/admin' handled with status: 404
Route '/admin' handled with status: 404
Route '/admin' handled with status: 404
Route '/admin' handled with status: 404
Route '/admin' handled with status: 404
Route '/admin' handled with status: 404
Route '/admin' handled with status: 404
Route '/admin' handled with status: 404
Route '/admin' handled with status: 404
Route '/admin' handled with status: 404
Route '/admin' handled with status: 404
Route '/admin' handled with status: 404
Route '/admin' handled with status: 404
Route '/admin' handled with status: 404
Route '/admin' handled with status: 404
Route '/admin' handled with status: 404
Route '/admin' handled with status: 404
Route '/admin' handled with status: 404
Route '/admin' handled with status: 404
Route '/admin' handled with status: 404
Route '/admin' handled with status: 404
Route '/admin' handled with status: 404
Route '/admin' handled with status: 404
Route '/admin' handled with status: 404
Route '/admin' handled with status: 404
Route '/admin' handled with status: 404
Route '/account' handled with status: 404
Route '/account' handled with status: 404
Route '/account' handled with status: 404
Route '/account' handled with status: 404
Route '/account' handled with status: 404
Route '/account' handled with status: 404
Route '/account' handled with status: 404
Route '/account' handled with status: 404
Route '/account' handled with status: 404
Route '/account' handled with status: 404
Route '/account' handled with status: 404
Route '/account' handled with status: 404
Route '/account' handled with status: 404
Route '/account' handled with status: 404
Route '/account' handled with status: 404
Route '/account' handled with status: 404
Route '/account' handled with status: 404
Route '/account' handled with status: 404
Route '/account' handled with status: 404
Route '/account' handled with status: 404
Route '/account' handled with status: 404
Route '/account' handled with status: 404
Route '/account' handled with status: 404
Route '/account' handled with status: 404
Route '/account' handled with status: 404
Route '/account' handled with status: 404
Route '/account' handled with status: 404
Route '/account' handled with status: 404
Route '/account' handled with status: 404
Route '/account' handled with status: 404
Route '/account' handled with status: 404
Route '/account' handled with status: 404
Route '/account' handled with status: 404
Route '/account' handled with status: 404
Route '/account' handled with status: 404
Route '/account' handled with status: 404
Route '/account' handled with status: 404
Route '/account' handled with status: 404
Route '/account' handled with status: 404
Route '/account' handled with status: 404
Route '/account' handled with status: 404
Route '/account' handled with status: 404
Route '/account' handled with status: 404
Route '/account' handled with status: 404
Route '/auth/callback' handled with status: 404
Route '/auth/callback' handled with status: 404
Route '/auth/callback' handled with status: 404
Route '/auth/callback' handled with status: 404
Route '/auth/callback' handled with status: 404
Route '/auth/callback' handled with status: 404
Route '/auth/callback' handled with status: 404
Route '/auth/callback' handled with status: 404
Route '/auth/callback' handled with status: 404
Route '/auth/callback' handled with status: 404
Route '/auth/callback' handled with status: 404
Route '/auth/callback' handled with status: 404
Route '/auth/callback' handled with status: 404
Route '/auth/callback' handled with status: 404
Route '/auth/callback' handled with status: 404
Route '/auth/callback' handled with status: 404
Route '/auth/callback' handled with status: 404
Route '/auth/callback' handled with status: 404
Route '/auth/callback' handled with status: 404
Route '/auth/callback' handled with status: 404
Route '/auth/callback' handled with status: 404
Route '/auth/callback' handled with status: 404
Route '/auth/callback' handled with status: 404
Route '/auth/callback' handled with status: 404
Route '/auth/callback' handled with status: 404
Route '/auth/callback' handled with status: 404
Route '/auth/callback' handled with status: 404
Route '/auth/callback' handled with status: 404
Route '/auth/callback' handled with status: 404
Route '/auth/callback' handled with status: 404
Route '/auth/callback' handled with status: 404
Route '/auth/callback' handled with status: 404
Route '/auth/callback' handled with status: 404
Route '/auth/callback' handled with status: 404
Route '/auth/callback' handled with status: 404
Route '/auth/callback' handled with status: 404
Route '/auth/callback' handled with status: 404
Route '/auth/callback' handled with status: 404
Route '/auth/callback' handled with status: 404
Route '/auth/callback' handled with status: 404
Route '/auth/callback' handled with status: 404
Route '/auth/callback' handled with status: 404
Route '/auth/callback' handled with status: 404
Route '/auth/callback' handled with status: 404
Route '/' handled with status: 200
Route '/' handled with status: 200
Route '/.env' handled with status: 404
Route '/.env' handled with status: 404
Route '/owa/auth/logon.aspx' handled with status: 404
Route '/' handled with status: 200
Route '/' handled with status: 200
Route '/' handled with status: 200
Route '/administrator/' handled with status: 404
Route '/administrator/manifests/files/joomla.xml' handled with status: 404
Route '/administrator/' handled with status: 404
Route '/language/en-GB/en-GB.xml' handled with status: 404
Route '/administrator/manifests/files/joomla.xml' handled with status: 404
Route '/media/system/js/core.js' handled with status: 404
Route '/zzx9q7_not_exist_8123x/' handled with status: 404
Route '/language/en-GB/en-GB.xml' handled with status: 404
Route '/wp-login.php' handled with status: 404
Route '/media/system/js/core.js' handled with status: 404
Route '/wp-admin/' handled with status: 404
Route '/zzx9q7_not_exist_8123x/' handled with status: 404
Route '/wp-includes/js/wp-emoji.js' handled with status: 404
Route '/_ignition/health-check' handled with status: 404
Route '/wp-login.php' handled with status: 404
Route '/_next/static/' handled with status: 404
Route '/wp-admin/' handled with status: 404
Route '/_next/webpack-hmr' handled with status: 404
Route '/wp-includes/js/wp-emoji.js' handled with status: 404
Route '/_ignition/health-check' handled with status: 404
Route '/_next/static/' handled with status: 404
Route '/_next/webpack-hmr' handled with status: 404
Route '/robots.txt' handled with status: 404
Route '/robots.txt' handled with status: 404
Route '/' handled with status: 200
Route '/owa/auth/logon.aspx' handled with status: 404
Route '/.git/HEAD' handled with status: 404
Route '/random2' handled with status: 200
Route '/random2' handled with status: 200
Route '/random2' handled with status: 200
Route '/random2' handled with status: 200
Route '/random2' handled with status: 200
Route '/random2' handled with status: 200
Route '/random2' handled with status: 200
Route '/random2' handled with status: 200
Route '/random2' handled with status: 200
Route '/random2' handled with status: 200
Route '/random2' handled with status: 200
Route '/random2' handled with status: 200
Route '/random2' handled with status: 200
Route '/random2' handled with status: 200
Route '/random2' handled with status: 200
Route '/random2' handled with status: 200
Route '/random2' handled with status: 200
Route '/random2' handled with status: 200
Route '/random2' handled with status: 200
Route '/random2' handled with status: 200
Route '/random2' handled with status: 200
Route '/random2' handled with status: 200
Route '/random2' handled with status: 200
Route '/random2' handled with status: 200
Route '/random2' handled with status: 200
Route '/random2' handled with status: 200
Route '/random2' handled with status: 200
Route '/random2' handled with status: 200
Route '/random2' handled with status: 200
Route '/random2' handled with status: 200
Route '/random2' handled with status: 200
Route '/random2' handled with status: 200
Route '/random2' handled with status: 200
Route '/random2' handled with status: 200
Route '/random2' handled with status: 200
Route '/random2' handled with status: 200
Route '/random2' handled with status: 200
Route '/random2' handled with status: 200
Route '/random2' handled with status: 200
Route '/random2' handled with status: 200
Route '/random2' handled with status: 200
Route '/random2' handled with status: 200
Route '/random2' handled with status: 200
Route '/random2' handled with status: 200
Route '/random2' handled with status: 200
Route '/random2' handled with status: 200
Route '/random2' handled with status: 200
Route '/random2' handled with status: 200
Route '/random2' handled with status: 200
Route '/random2' handled with status: 200
Route '/random2' handled with status: 200
Route '/random2' handled with status: 200
Route '/random2' handled with status: 200
Route '/random2' handled with status: 200
Route '/random2' handled with status: 200
Route '/random2' handled with status: 200
Route '/random2' handled with status: 200
Route '/random2' handled with status: 200
Route '/random2' handled with status: 200
Route '/random2' handled with status: 200
Route '/random2' handled with status: 200
Route '/random2' handled with status: 200
Route '/random2' handled with status: 200
Route '/random2' handled with status: 200
Route '/random2' handled with status: 200
Route '/random2' handled with status: 200
Route '/random2' handled with status: 200
Route '/random2' handled with status: 200
Route '/random2' handled with status: 200
Route '/random2' handled with status: 200
Route '/random2' handled with status: 200
Route '/random2' handled with status: 200
Route '/random2' handled with status: 200
Route '/random2' handled with status: 200
Route '/random2' handled with status: 200
Route '/random2' handled with status: 200
Route '/random2' handled with status: 200
Route '/random2' handled with status: 200
Route '/random2' handled with status: 200
Route '/random2' handled with status: 200
Route '/random2' handled with status: 200
Route '/random2' handled with status: 200
Route '/random2' handled with status: 200
Route '/random2' handled with status: 200
Route '/random2' handled with status: 200
Route '/random2' handled with status: 200
Route '/random2' handled with status: 200
Route '/random2' handled with status: 200
Route '/random2' handled with status: 200
Route '/random2' handled with status: 200
Route '/random2' handled with status: 200
Route '/random2' handled with status: 200
Route '/random2' handled with status: 200
Route '/random2' handled with status: 200
Route '/random2' handled with status: 200
Route '/random2' handled with status: 200
Route '/random2' handled with status: 200
Route '/random2' handled with status: 200
Route '/random2' handled with status: 200
Route '/random2' handled with status: 200
Route '/random2' handled with status: 200
Route '/random2' handled with status: 200
Route '/random2' handled with status: 200
Route '/random2' handled with status: 200
Route '/random2' handled with status: 200
Route '/random2' handled with status: 200
Route '/random2' handled with status: 200
Route '/random2' handled with status: 200
Route '/random2' handled with status: 200
Route '/random2' handled with status: 200
Route '/random2' handled with status: 200
Route '/random2' handled with status: 200
Route '/random2' handled with status: 200
Route '/random2' handled with status: 200
Route '/random2' handled with status: 200
Route '/random2' handled with status: 200
Route '/random2' handled with status: 200
Route '/random2' handled with status: 200
Route '/random2' handled with status: 200
Route '/random2' handled with status: 200
Route '/random2' handled with status: 200
Route '/random2' handled with status: 200
Route '/random2' handled with status: 200
Route '/random2' handled with status: 200
Route '/random2' handled with status: 200
Route '/random2' handled with status: 200
Route '/random2' handled with status: 200
Route '/random2' handled with status: 200
Route '/random2' handled with status: 200
Route '/random2' handled with status: 200
Route '/random2' handled with status: 200
Route '/random2' handled with status: 200
Route '/random2' handled with status: 200
Route '/random2' handled with status: 200
Route '/random2' handled with status: 200
Route '/random2' handled with status: 200
Route '/random2' handled with status: 200
Route '/random2' handled with status: 200
Route '/random2' handled with status: 200
Route '/random2' handled with status: 200
Route '/random2' handled with status: 200
Route '/random2' handled with status: 200
Route '/random2' handled with status: 200
Route '/random2' handled with status: 200
Route '/random2' handled with status: 200
Route '/random2' handled with status: 200
Route '/random2' handled with status: 200
Route '/random2' handled with status: 200
Route '/random2' handled with status: 200
Route '/random2' handled with status: 200
Route '/random2' handled with status: 200
Route '/random2' handled with status: 200
Route '/random2' handled with status: 200
Route '/random2' handled with status: 200
Route '/random2' handled with status: 200
Route '/random2' handled with status: 200
Route '/random2' handled with status: 200
Route '/random2' handled with status: 200
Route '/random2' handled with status: 200
Route '/random2' handled with status: 200
Route '/sl_logger' handled with status: 200
Route '/random2' handled with status: 200
Route '/random2' handled with status: 200
Route '/random2' handled with status: 200
Route '/random2' handled with status: 200
Route '/random2' handled with status: 200
Route '/random2' handled with status: 200
Route '/random2' handled with status: 200
Route '/random2' handled with status: 200
Route '/random2' handled with status: 200
Route '/random2' handled with status: 200
Route '/random2' handled with status: 200
Route '/random2' handled with status: 200
Route '/random2' handled with status: 200
Route '/random2' handled with status: 200
Route '/random2' handled with status: 200
Route '/random2' handled with status: 200
Route '/random2' handled with status: 200
Route '/random2' handled with status: 200
Route '/random2' handled with status: 200
Route '/random2' handled with status: 200
Route '/random2' handled with status: 200
Route '/random2' handled with status: 200
Route '/random2' handled with status: 200
Route '/random2' handled with status: 200
Route '/sl_logger' handled with status: 200
Route '/random2' handled with status: 200
Route '/random2' handled with status: 200
Route '/random2' handled with status: 200
Route '/random2' handled with status: 200
Route '/random2' handled with status: 200
Route '/random2' handled with status: 200
Route '/sl_logger' handled with status: 200
Route '/random2' handled with status: 200
Route '/random2' handled with status: 200
Route '/random2' handled with status: 200
Route '/random2' handled with status: 200
Route '/random2' handled with status: 200
Route '/random2' handled with status: 200
Route '/random2' handled with status: 200
Route '/random2' handled with status: 200
Route '/random2' handled with status: 200
Route '/random2' handled with status: 200
Route '/random2' handled with status: 200
Route '/random2' handled with status: 200
Route '/random2' handled with status: 200
Route '/random2' handled with status: 200
Route '/random2' handled with status: 200
Route '/random2' handled with status: 200
Route '/random2' handled with status: 200
Route '/random2' handled with status: 200
Route '/random2' handled with status: 200
Route '/random2' handled with status: 200
Route '/random2' handled with status: 200
Route '/random2' handled with status: 200
Route '/random2' handled with status: 200
Route '/random2' handled with status: 200
Route '/sl_logger' handled with status: 200
Route '/random2' handled with status: 200
Route '/random2' handled with status: 200
Route '/random2' handled with status: 200
Route '/random2' handled with status: 200
Route '/random2' handled with status: 200
Route '/random2' handled with status: 200
Route '/random2' handled with status: 200
Route '/random2' handled with status: 200
Route '/random2' handled with status: 200
Route '/random2' handled with status: 200
Route '/random2' handled with status: 200
Route '/random2' handled with status: 200
Route '/random2' handled with status: 200
Route '/random2' handled with status: 200
Route '/random2' handled with status: 200
Route '/random2' handled with status: 200
Route '/random2' handled with status: 200
Route '/random2' handled with status: 200
Route '/random2' handled with status: 200
Route '/random2' handled with status: 200
Route '/random2' handled with status: 200
Route '/random2' handled with status: 200
Route '/sl_logger' handled with status: 200
Route '/random2' handled with status: 200
Route '/random2' handled with status: 200
Route '/random2' handled with status: 200
Route '/random2' handled with status: 200
Route '/random2' handled with status: 200
Route '/random2' handled with status: 200
Route '/random2' handled with status: 200
Route '/random2' handled with status: 200
Route '/random2' handled with status: 200
Route '/random2' handled with status: 200
Route '/random2' handled with status: 200
Route '/random2' handled with status: 200
Route '/random2' handled with status: 200
Route '/random2' handled with status: 200
Route '/random2' handled with status: 200
Route '/random2' handled with status: 200
Route '/random2' handled with status: 200
Route '/random2' handled with status: 200
Route '/random2' handled with status: 200
Route '/sl_logger' handled with status: 200
Route '/random2' handled with status: 200
Route '/random2' handled with status: 200
Route '/random2' handled with status: 200
Route '/sl_logger' handled with status: 200
Route '/random2' handled with status: 200
Route '/random2' handled with status: 200
Route '/random2' handled with status: 200
Route '/random2' handled with status: 200
Route '/random2' handled with status: 200
Route '/random2' handled with status: 200
Route '/random2' handled with status: 200
Route '/random2' handled with status: 200
Route '/sl_logger' handled with status: 200
Route '/random2' handled with status: 200
Route '/random2' handled with status: 200
Route '/random2' handled with status: 200
Route '/sl_logger' handled with status: 200
Route '/random2' handled with status: 200
Route '/random2' handled with status: 200
Route '/random2' handled with status: 200
Route '/random2' handled with status: 200
Route '/random2' handled with status: 200
Route '/random2' handled with status: 200
Route '/sl_logger' handled with status: 200
Route '/random2' handled with status: 200
Route '/random2' handled with status: 200
Route '/random2' handled with status: 200
Route '/random2' handled with status: 200
Route '/random2' handled with status: 200
Route '/random2' handled with status: 200
Route '/random2' handled with status: 200
Route '/random2' handled with status: 200
Route '/random2' handled with status: 200
Route '/random2' handled with status: 200
Route '/random2' handled with status: 200
Route '/random2' handled with status: 200
Route '/random2' handled with status: 200
Route '/sl_logger' handled with status: 200
Route '/random2' handled with status: 200
Route '/random2' handled with status: 200
Route '/random2' handled with status: 200
Route '/random2' handled with status: 200
Route '/random2' handled with status: 200
Route '/random2' handled with status: 200
Route '/random2' handled with status: 200
Route '/random2' handled with status: 200
Route '/random2' handled with status: 200
Route '/random2' handled with status: 200
Route '/sl_logger' handled with status: 200
Route '/random2' handled with status: 200
Route '/random2' handled with status: 200
Route '/random2' handled with status: 200
Route '/random2' handled with status: 200
Route '/random2' handled with status: 200
Route '/random2' handled with status: 200
Route '/random2' handled with status: 200
Route '/random2' handled with status: 200
Route '/sl_logger' handled with status: 200
Route '/random2' handled with status: 200
Route '/random2' handled with status: 200
Route '/random2' handled with status: 200
Route '/random2' handled with status: 200
Route '/sl_logger' handled with status: 200
Route '/random2' handled with status: 200
Route '/random2' handled with status: 200
Route '/random2' handled with status: 200
Route '/random2' handled with status: 200
Route '/random2' handled with status: 200
Route '/random2' handled with status: 200
Route '/random2' handled with status: 200
Route '/random2' handled with status: 200
Route '/random2' handled with status: 200
Route '/random2' handled with status: 200
Route '/random2' handled with status: 200
Route '/random2' handled with status: 200
Route '/random2' handled with status: 200
Route '/random2' handled with status: 200
Route '/random2' handled with status: 200
Route '/random2' handled with status: 200
Route '/random2' handled with status: 200
Route '/random2' handled with status: 200
Route '/random2' handled with status: 200
Route '/random2' handled with status: 200
Route '/random2' handled with status: 200
Route '/random2' handled with status: 200
Route '/random2' handled with status: 200
Route '/random2' handled with status: 200
Route '/random2' handled with status: 200
Route '/random2' handled with status: 200
Route '/random2' handled with status: 200
Route '/random2' handled with status: 200
Route '/random2' handled with status: 200
Route '/random2' handled with status: 200
Route '/random2' handled with status: 200
Route '/random2' handled with status: 200
Route '/random2' handled with status: 200
Route '/random2' handled with status: 200
Route '/random2' handled with status: 200
Route '/random2' handled with status: 200
Route '/random2' handled with status: 200
Route '/random2' handled with status: 200
Route '/random2' handled with status: 200
Route '/random2' handled with status: 200
Route '/random2' handled with status: 200
Route '/random2' handled with status: 200
Route '/random2' handled with status: 200
Route '/random2' handled with status: 200
Route '/random2' handled with status: 200
Route '/random2' handled with status: 200
Route '/sl_logger' handled with status: 200
Route '/random2' handled with status: 200
Route '/random2' handled with status: 200
Route '/random2' handled with status: 200
Route '/random2' handled with status: 200
Route '/.well-known/atproto-did' handled with status: 404
Route '/random2' handled with status: 200
Route '/random2' handled with status: 200
Route '/random2' handled with status: 200
Route '/random2' handled with status: 200
Route '/random2' handled with status: 200
Route '/random2' handled with status: 200
Route '/random2' handled with status: 200
Route '/random2' handled with status: 200
Route '/random2' handled with status: 200
Route '/random2' handled with status: 200
Route '/random2' handled with status: 200
Route '/random2' handled with status: 200
Route '/random2' handled with status: 200
Route '/random2' handled with status: 200
Route '/random2' handled with status: 200
Route '/random2' handled with status: 200
Route '/sl_logger' handled with status: 200
Route '/random2' handled with status: 200
Route '/random2' handled with status: 200
Route '/random2' handled with status: 200
Route '/random2' handled with status: 200
Route '/random2' handled with status: 200
Route '/random2' handled with status: 200
Route '/random2' handled with status: 200
Route '/random2' handled with status: 200
Route '/random2' handled with status: 200
Route '/random2' handled with status: 200
Route '/random2' handled with status: 200
Route '/random2' handled with status: 200
Route '/random2' handled with status: 200
Route '/random2' handled with status: 200
Route '/random2' handled with status: 200
Route '/random2' handled with status: 200
Route '/random2' handled with status: 200
Route '/random2' handled with status: 200
Route '/random2' handled with status: 200
Route '/random2' handled with status: 200
Route '/random2' handled with status: 200
Route '/random2' handled with status: 200
Route '/sl_logger' handled with status: 200
Route '/random2' handled with status: 200
Route '/random2' handled with status: 200
Route '/random2' handled with status: 200
Route '/random2' handled with status: 200
Route '/sl_logger' handled with status: 200
Route '/random2' handled with status: 200
Route '/random2' handled with status: 200
Route '/random2' handled with status: 200
Route '/random2' handled with status: 200
Route '/random2' handled with status: 200
Route '/random2' handled with status: 200
Route '/sl_logger' handled with status: 200
Route '/random2' handled with status: 200
Route '/sl_logger' handled with status: 200
Route '/random2' handled with status: 200
Route '/random2' handled with status: 200
Route '/random2' handled with status: 200
Route '/random2' handled with status: 200
Route '/random2' handled with status: 200
Route '/random2' handled with status: 200
Route '/random2' handled with status: 200
Route '/random2' handled with status: 200
Route '/random2' handled with status: 200
Route '/random2' handled with status: 200
Route '/random2' handled with status: 200
Route '/random2' handled with status: 200
Route '/random2' handled with status: 200
Route '/random2' handled with status: 200
Route '/random2' handled with status: 200
Route '/random2' handled with status: 200
Route '/random2' handled with status: 200
Route '/random2' handled with status: 200
Route '/random2' handled with status: 200
Route '/random2' handled with status: 200
Route '/random2' handled with status: 200
Route '/random2' handled with status: 200
Route '/random2' handled with status: 200
Route '/random2' handled with status: 200
Route '/sl_logger' handled with status: 200
Route '/random2' handled with status: 200
Route '/random2' handled with status: 200
Route '/random2' handled with status: 200
Route '/random2' handled with status: 200
Route '/random2' handled with status: 200
Route '/random2' handled with status: 200
Route '/random2' handled with status: 200
Route '/sl_logger' handled with status: 200
Route '/random2' handled with status: 200
Route '/random2' handled with status: 200
Route '/random2' handled with status: 200
Route '/random2' handled with status: 200
Route '/random2' handled with status: 200
Route '/random2' handled with status: 200
Route '/random2' handled with status: 200
Route '/random2' handled with status: 200
Route '/random2' handled with status: 200
Route '/random2' handled with status: 200
Route '/random2' handled with status: 200
Route '/random2' handled with status: 200
Route '/random2' handled with status: 200
Route '/random2' handled with status: 200
Route '/random2' handled with status: 200
Route '/random2' handled with status: 200
Route '/random2' handled with status: 200
Route '/random2' handled with status: 200
Route '/random2' handled with status: 200
Route '/random2' handled with status: 200
Route '/random2' handled with status: 200
Route '/random2' handled with status: 200
Route '/random2' handled with status: 200
Route '/random2' handled with status: 200
Route '/random2' handled with status: 200
Route '/random2' handled with status: 200
Route '/sl_logger' handled with status: 200
Route '/random2' handled with status: 200
Route '/random2' handled with status: 200
Route '/random2' handled with status: 200
Route '/random2' handled with status: 200
Route '/random2' handled with status: 200
Route '/random2' handled with status: 200
Route '/sl_logger' handled with status: 200
Route '/random2' handled with status: 200
Route '/random2' handled with status: 200
Route '/random2' handled with status: 200
Route '/random2' handled with status: 200
Route '/sl_logger' handled with status: 200
Route '/random2' handled with status: 200
Route '/random2' handled with status: 200
Route '/random2' handled with status: 200
Route '/random2' handled with status: 200
Route '/random2' handled with status: 200
Route '/random2' handled with status: 200
Route '/random2' handled with status: 200
Route '/random2' handled with status: 200
Route '/random2' handled with status: 200
Route '/random2' handled with status: 200
Route '/random2' handled with status: 200
Route '/random2' handled with status: 200
Route '/random2' handled with status: 200
Route '/random2' handled with status: 200
Route '/random2' handled with status: 200
Route '/random2' handled with status: 200
Route '/random2' handled with status: 200
Route '/random2' handled with status: 200
Route '/random2' handled with status: 200
Route '/random2' handled with status: 200
Route '/random2' handled with status: 200
Route '/random2' handled with status: 200
Route '/random2' handled with status: 200
Route '/random2' handled with status: 200
Route '/random2' handled with status: 200
Route '/random2' handled with status: 200
Route '/random2' handled with status: 200
Route '/random2' handled with status: 200
Route '/random2' handled with status: 200
Route '/random2' handled with status: 200
Route '/random2' handled with status: 200
Route '/random2' handled with status: 200
Route '/random2' handled with status: 200
Route '/random2' handled with status: 200
Route '/random2' handled with status: 200
Route '/random2' handled with status: 200
Route '/random2' handled with status: 200
Route '/random2' handled with status: 200
Route '/random2' handled with status: 200
Route '/random2' handled with status: 200
Route '/random2' handled with status: 200
Route '/random2' handled with status: 200
Route '/sl_logger' handled with status: 200
Route '/random2' handled with status: 200
Route '/random2' handled with status: 200
Route '/sl_logger' handled with status: 200
Route '/random2' handled with status: 200
Route '/random2' handled with status: 200
Route '/random2' handled with status: 200
Route '/random2' handled with status: 200
Route '/sl_logger' handled with status: 200
Route '/random2' handled with status: 200
Route '/random2' handled with status: 200
Route '/random2' handled with status: 200
Route '/random2' handled with status: 200
Route '/random2' handled with status: 200
Route '/random2' handled with status: 200
Route '/sl_logger' handled with status: 200
Route '/random2' handled with status: 200
Route '/random2' handled with status: 200
Route '/random2' handled with status: 200
Route '/random2' handled with status: 200
Route '/sl_logger' handled with status: 200
Route '/random2' handled with status: 200
Route '/random2' handled with status: 200
Route '/random2' handled with status: 200
Route '/random2' handled with status: 200
Route '/random2' handled with status: 200
Route '/random2' handled with status: 200
Route '/random2' handled with status: 200
Route '/random2' handled with status: 200
Route '/random2' handled with status: 200
Route '/random2' handled with status: 200
Route '/random2' handled with status: 200
Route '/random2' handled with status: 200
Route '/random2' handled with status: 200
Route '/random2' handled with status: 200
Route '/random2' handled with status: 200
Route '/random2' handled with status: 200
Route '/random2' handled with status: 200
Route '/random2' handled with status: 200
Route '/random2' handled with status: 200
Route '/random2' handled with status: 200
Route '/random2' handled with status: 200
Route '/random2' handled with status: 200
Route '/random2' handled with status: 200
Route '/random2' handled with status: 200
Route '/random2' handled with status: 200
Route '/random2' handled with status: 200
Route '/sl_logger' handled with status: 200
Route '/random2' handled with status: 200
Route '/random2' handled with status: 200
Route '/random2' handled with status: 200
Route '/random2' handled with status: 200
Route '/sl_logger' handled with status: 200
Route '/random2' handled with status: 200
Route '/random2' handled with status: 200
Route '/sl_logger' handled with status: 200
Route '/random2' handled with status: 200
Route '/random2' handled with status: 200
Route '/random2' handled with status: 200
Route '/random2' handled with status: 200
Route '/sl_logger' handled with status: 200
Route '/random2' handled with status: 200
Route '/random2' handled with status: 200
Route '/random2' handled with status: 200
Route '/random2' handled with status: 200
Route '/random2' handled with status: 200
Route '/random2' handled with status: 200
Route '/random2' handled with status: 200
Route '/random2' handled with status: 200
Route '/random2' handled with status: 200
Route '/random2' handled with status: 200
Route '/random2' handled with status: 200
Route '/random2' handled with status: 200
Route '/sl_logger' handled with status: 200
Route '/random2' handled with status: 200
Route '/random2' handled with status: 200
Route '/random2' handled with status: 200
Route '/random2' handled with status: 200
Route '/random2' handled with status: 200
Route '/random2' handled with status: 200
Route '/random2' handled with status: 200
Route '/random2' handled with status: 200
Route '/random2' handled with status: 200
Route '/random2' handled with status: 200
Route '/random2' handled with status: 200
Route '/random2' handled with status: 200
Route '/random2' handled with status: 200
Route '/random2' handled with status: 200
Route '/random2' handled with status: 200
Route '/random2' handled with status: 200
Route '/random2' handled with status: 200
Route '/random2' handled with status: 200
Route '/random2' handled with status: 200
Route '/random2' handled with status: 200
Route '/sl_logger' handled with status: 200
Route '/random2' handled with status: 200
Route '/random2' handled with status: 200
Route '/random2' handled with status: 200
Route '/random2' handled with status: 200
Route '/random2' handled with status: 200
Route '/random2' handled with status: 200
Route '/random2' handled with status: 200
Route '/random2' handled with status: 200
Route '/random2' handled with status: 200
Route '/sl_logger' handled with status: 200
Route '/random2' handled with status: 200
Route '/sl_logger' handled with status: 200
Route '/random2' handled with status: 200
Route '/random2' handled with status: 200
Route '/random2' handled with status: 200
Route '/random2' handled with status: 200
Route '/random2' handled with status: 200
Route '/random2' handled with status: 200
Route '/random2' handled with status: 200
Route '/random2' handled with status: 200
Route '/random2' handled with status: 200
Route '/sl_logger' handled with status: 200
Route '/random2' handled with status: 200
Route '/random2' handled with status: 200
Route '/random2' handled with status: 200
Route '/random2' handled with status: 200
Route '/random2' handled with status: 200
Route '/random2' handled with status: 200
Route '/random2' handled with status: 200
Route '/random2' handled with status: 200
Route '/random2' handled with status: 200
Route '/random2' handled with status: 200
Route '/random2' handled with status: 200
Route '/random2' handled with status: 200
Route '/random2' handled with status: 200
Route '/random2' handled with status: 200
Route '/random2' handled with status: 200
Route '/random2' handled with status: 200
Route '/random2' handled with status: 200
Route '/random2' handled with status: 200
Route '/random2' handled with status: 200
Route '/random2' handled with status: 200
Route '/random2' handled with status: 200
Route '/random2' handled with status: 200
Route '/random2' handled with status: 200
Route '/random2' handled with status: 200
Route '/random2' handled with status: 200
Route '/random2' handled with status: 200
Route '/random2' handled with status: 200
Route '/random2' handled with status: 200
Route '/sl_logger' handled with status: 200
Route '/random2' handled with status: 200
Route '/random2' handled with status: 200
Route '/random2' handled with status: 200
Route '/random2' handled with status: 200
Route '/random2' handled with status: 200
Route '/random2' handled with status: 200
Route '/random2' handled with status: 200
Route '/random2' handled with status: 200
Route '/random2' handled with status: 200
Route '/random2' handled with status: 200
Route '/random2' handled with status: 200
Route '/random2' handled with status: 200
Route '/random2' handled with status: 200
Route '/random2' handled with status: 200
Route '/random2' handled with status: 200
Route '/random2' handled with status: 200
Route '/random2' handled with status: 200
Route '/random2' handled with status: 200
Route '/random2' handled with status: 200
Route '/random2' handled with status: 200
Route '/random2' handled with status: 200
Route '/random2' handled with status: 200
Route '/random2' handled with status: 200
Route '/random2' handled with status: 200
Route '/random2' handled with status: 200
Route '/random2' handled with status: 200
Route '/random2' handled with status: 200
Route '/sl_logger' handled with status: 200
Route '/random2' handled with status: 200
Route '/random2' handled with status: 200
Route '/random2' handled with status: 200
Route '/random2' handled with status: 200
Route '/random2' handled with status: 200
Route '/random2' handled with status: 200
Route '/random2' handled with status: 200
Route '/random2' handled with status: 200
Route '/random2' handled with status: 200
Route '/random2' handled with status: 200
Route '/random2' handled with status: 200
Route '/random2' handled with status: 200
Route '/random2' handled with status: 200
Route '/random2' handled with status: 200
Route '/random2' handled with status: 200
Route '/sl_logger' handled with status: 200
Route '/random2' handled with status: 200
Route '/random2' handled with status: 200
Route '/random2' handled with status: 200
Route '/random2' handled with status: 200
Route '/sl_logger' handled with status: 200
Route '/random2' handled with status: 200
Route '/random2' handled with status: 200
Route '/random2' handled with status: 200
Route '/random2' handled with status: 200
Route '/random2' handled with status: 200
Route '/random2' handled with status: 200
Route '/random2' handled with status: 200
Route '/random2' handled with status: 200
Route '/random2' handled with status: 200
Route '/random2' handled with status: 200
Route '/random2' handled with status: 200
Route '/random2' handled with status: 200
Route '/random2' handled with status: 200
Route '/random2' handled with status: 200
Route '/random2' handled with status: 200
Route '/random2' handled with status: 200
Route '/random2' handled with status: 200
Route '/random2' handled with status: 200
Route '/random2' handled with status: 200
Route '/sl_logger' handled with status: 200
Route '/random2' handled with status: 200
Route '/random2' handled with status: 200
Route '/random2' handled with status: 200
Route '/random2' handled with status: 200
Route '/random2' handled with status: 200
Route '/random2' handled with status: 200
Route '/random2' handled with status: 200
Route '/random2' handled with status: 200
Route '/random2' handled with status: 200
Route '/random2' handled with status: 200
Route '/random2' handled with status: 200
Route '/random2' handled with status: 200
Route '/random2' handled with status: 200
Route '/random2' handled with status: 200
Route '/random2' handled with status: 200
Route '/random2' handled with status: 200
Route '/random2' handled with status: 200
Route '/random2' handled with status: 200
Route '/random2' handled with status: 200
Route '/random2' handled with status: 200
Route '/random2' handled with status: 200
Route '/random2' handled with status: 200
Route '/random2' handled with status: 200
Route '/random2' handled with status: 200
Route '/random2' handled with status: 200
Route '/random2' handled with status: 200
Route '/random2' handled with status: 200
Route '/random2' handled with status: 200
Route '/random2' handled with status: 200
Route '/random2' handled with status: 200
Route '/random2' handled with status: 200
Route '/random2' handled with status: 200
Route '/random2' handled with status: 200
Route '/random2' handled with status: 200
Route '/random2' handled with status: 200
Route '/random2' handled with status: 200
Route '/random2' handled with status: 200
Route '/random2' handled with status: 200
Route '/random2' handled with status: 200
Route '/random2' handled with status: 200
Route '/random2' handled with status: 200
Route '/random2' handled with status: 200
Route '/random2' handled with status: 200
Route '/random2' handled with status: 200
Route '/random2' handled with status: 200
Route '/random2' handled with status: 200
Route '/random2' handled with status: 200
Route '/random2' handled with status: 200
Route '/random2' handled with status: 200
Route '/random2' handled with status: 200
Route '/sl_logger' handled with status: 200
Route '/random2' handled with status: 200
Route '/random2' handled with status: 200
Route '/random2' handled with status: 200
Route '/random2' handled with status: 200
Route '/sl_logger' handled with status: 200
Route '/random2' handled with status: 200
Route '/random2' handled with status: 200
Route '/random2' handled with status: 200
Route '/random2' handled with status: 200
Route '/random2' handled with status: 200
Route '/random2' handled with status: 200
Route '/random2' handled with status: 200
Route '/random2' handled with status: 200
Route '/random2' handled with status: 200
Route '/random2' handled with status: 200
Route '/random2' handled with status: 200
Route '/random2' handled with status: 200
Route '/random2' handled with status: 200
Route '/random2' handled with status: 200
Route '/random2' handled with status: 200
Route '/random2' handled with status: 200
Route '/random2' handled with status: 200
Route '/random2' handled with status: 200
Route '/random2' handled with status: 200
Route '/random2' handled with status: 200
Route '/random2' handled with status: 200
Route '/random2' handled with status: 200
Route '/random2' handled with status: 200
Route '/random2' handled with status: 200
Route '/random2' handled with status: 200
Route '/random2' handled with status: 200
Route '/random2' handled with status: 200
Route '/random2' handled with status: 200
Route '/random2' handled with status: 200
Route '/random2' handled with status: 200
Route '/random2' handled with status: 200
Route '/random2' handled with status: 200
Route '/random2' handled with status: 200
Route '/random2' handled with status: 200
Route '/random2' handled with status: 200
Route '/random2' handled with status: 200
Route '/random2' handled with status: 200
Route '/random2' handled with status: 200
Route '/sl_logger' handled with status: 200
Route '/random2' handled with status: 200
Route '/random2' handled with status: 200
Route '/random2' handled with status: 200
Route '/random2' handled with status: 200
Route '/random2' handled with status: 200
Route '/random2' handled with status: 200
Route '/random2' handled with status: 200
Route '/random2' handled with status: 200
Route '/random2' handled with status: 200
Route '/random2' handled with status: 200
Route '/random2' handled with status: 200
Route '/random2' handled with status: 200
Route '/sl_logger' handled with status: 200
Route '/random2' handled with status: 200
Route '/random2' handled with status: 200
Route '/random2' handled with status: 200
Route '/random2' handled with status: 200
Route '/sl_logger' handled with status: 200
Route '/random2' handled with status: 200
Route '/random2' handled with status: 200
Route '/sl_logger' handled with status: 200
Route '/sl_logger' handled with status: 200
Route '/random2' handled with status: 200
Route '/random2' handled with status: 200
Route '/sl_logger' handled with status: 200
Route '/random2' handled with status: 200
Route '/random2' handled with status: 200
Route '/sl_logger' handled with status: 200
Route '/sl_logger' handled with status: 200
Route '/random2' handled with status: 200
Route '/random2' handled with status: 200
Route '/random2' handled with status: 200
Route '/random2' handled with status: 200
Route '/sl_logger' handled with status: 200
Route '/random2' handled with status: 200
Route '/random2' handled with status: 200
Route '/random2' handled with status: 200
Route '/random2' handled with status: 200
Route '/random2' handled with status: 200
Route '/random2' handled with status: 200
Route '/random2' handled with status: 200
Route '/random2' handled with status: 200
Route '/random2' handled with status: 200
Route '/random2' handled with status: 200
Route '/sl_logger' handled with status: 200
Route '/sl_logger' handled with status: 200
Route '/random2' handled with status: 200
Route '/random2' handled with status: 200
Route '/random2' handled with status: 200
Route '/random2' handled with status: 200
Route '/random2' handled with status: 200
Route '/random2' handled with status: 200
Route '/random2' handled with status: 200
Route '/random2' handled with status: 200
Route '/random2' handled with status: 200
Route '/random2' handled with status: 200
Route '/random2' handled with status: 200
Route '/random2' handled with status: 200
Route '/random2' handled with status: 200
Route '/random2' handled with status: 200
Route '/random2' handled with status: 200
Route '/random2' handled with status: 200
Route '/random2' handled with status: 200
Route '/random2' handled with status: 200
Route '/random2' handled with status: 200
Route '/random2' handled with status: 200
Route '/random2' handled with status: 200
Route '/random2' handled with status: 200
Route '/random2' handled with status: 200
Route '/random2' handled with status: 200
Route '/' handled with status: 200
Route '/random2' handled with status: 200
Route '/random2' handled with status: 200
Route '/random2' handled with status: 200
Route '/random2' handled with status: 200
Route '/random2' handled with status: 200
Route '/random2' handled with status: 200
Route '/random2' handled with status: 200
Route '/random2' handled with status: 200
Route '/random2' handled with status: 200
Route '/random2' handled with status: 200
Route '/random2' handled with status: 200
Route '/random2' handled with status: 200
Route '/random2' handled with status: 200
Route '/random2' handled with status: 200
Route '/random2' handled with status: 200
Route '/random2' handled with status: 200
Route '/sl_logger' handled with status: 200
Route '/random2' handled with status: 200
Route '/random2' handled with status: 200
Route '/sl_logger' handled with status: 200
Route '/random2' handled with status: 200
Route '/random2' handled with status: 200
Route '/random2' handled with status: 200
Route '/random2' handled with status: 200
Route '/random2' handled with status: 200
Route '/random2' handled with status: 200
Route '/random2' handled with status: 200
Route '/random2' handled with status: 200
Route '/random2' handled with status: 200
Route '/random2' handled with status: 200
Route '/random2' handled with status: 200
Route '/random2' handled with status: 200
Route '/random2' handled with status: 200
Route '/random2' handled with status: 200
Route '/random2' handled with status: 200
Route '/random2' handled with status: 200
Route '/random2' handled with status: 200
Route '/random2' handled with status: 200
Route '/random2' handled with status: 200
Route '/random2' handled with status: 200
Route '/sl_logger' handled with status: 200
Route '/random2' handled with status: 200
Route '/random2' handled with status: 200
Route '/random2' handled with status: 200
Route '/random2' handled with status: 200
Route '/random2' handled with status: 200
Route '/random2' handled with status: 200
Route '/random2' handled with status: 200
Route '/random2' handled with status: 200
Route '/random2' handled with status: 200
Route '/random2' handled with status: 200
Route '/random2' handled with status: 200
Route '/random2' handled with status: 200
Route '/random2' handled with status: 200
Route '/random2' handled with status: 200
Route '/random2' handled with status: 200
Route '/random2' handled with status: 200
Route '/random2' handled with status: 200
Route '/random2' handled with status: 200
Route '/random2' handled with status: 200
Route '/random2' handled with status: 200
Route '/random2' handled with status: 200
Route '/random2' handled with status: 200
Route '/random2' handled with status: 200
Route '/random2' handled with status: 200
Route '/random2' handled with status: 200
Route '/random2' handled with status: 200
Route '/random2' handled with status: 200
Route '/random2' handled with status: 200
Route '/random2' handled with status: 200
Route '/random2' handled with status: 200
Route '/random2' handled with status: 200
Route '/random2' handled with status: 200
Route '/random2' handled with status: 200
Route '/random2' handled with status: 200
Route '/random2' handled with status: 200
Route '/random2' handled with status: 200
Route '/random2' handled with status: 200
Route '/random2' handled with status: 200
Route '/random2' handled with status: 200
Route '/random2' handled with status: 200
Route '/sl_logger' handled with status: 200
Route '/random2' handled with status: 200
Route '/random2' handled with status: 200
Route '/random2' handled with status: 200
Route '/random2' handled with status: 200
Route '/random2' handled with status: 200
Route '/random2' handled with status: 200
Route '/sl_logger' handled with status: 200
Route '/random2' handled with status: 200
Route '/random2' handled with status: 200
Route '/random2' handled with status: 200
Route '/random2' handled with status: 200
Route '/random2' handled with status: 200
Route '/random2' handled with status: 200
Route '/sl_logger' handled with status: 200
Route '/random2' handled with status: 200
Route '/random2' handled with status: 200
Route '/random2' handled with status: 200
Route '/random2' handled with status: 200
Route '/random2' handled with status: 200
Route '/sl_logger' handled with status: 200
Route '/sl_logger' handled with status: 200
Route '/random2' handled with status: 200
Route '/random2' handled with status: 200
Route '/random2' handled with status: 200
Route '/random2' handled with status: 200
Route '/random2' handled with status: 200
Route '/random2' handled with status: 200
Route '/random2' handled with status: 200
Route '/random2' handled with status: 200
Route '/random2' handled with status: 200
Route '/random2' handled with status: 200
Route '/random2' handled with status: 200
Route '/random2' handled with status: 200
Route '/random2' handled with status: 200
Route '/random2' handled with status: 200
Route '/random2' handled with status: 200
Route '/random2' handled with status: 200
Route '/random2' handled with status: 200
Route '/random2' handled with status: 200
Route '/random2' handled with status: 200
Route '/random2' handled with status: 200
Route '/random2' handled with status: 200
Route '/random2' handled with status: 200
Route '/random2' handled with status: 200
Route '/random2' handled with status: 200
Route '/random2' handled with status: 200
Route '/random2' handled with status: 200
Route '/random2' handled with status: 200
Route '/random2' handled with status: 200
Route '/random2' handled with status: 200
Route '/random2' handled with status: 200
Route '/random2' handled with status: 200
Route '/random2' handled with status: 200
Route '/random2' handled with status: 200
Route '/random2' handled with status: 200
Route '/sl_logger' handled with status: 200
Route '/random2' handled with status: 200
Route '/random2' handled with status: 200
Route '/random2' handled with status: 200
Route '/random2' handled with status: 200
Route '/sl_logger' handled with status: 200
Route '/random2' handled with status: 200
Route '/random2' handled with status: 200
Route '/random2' handled with status: 200
Route '/random2' handled with status: 200
Route '/random2' handled with status: 200
Route '/random2' handled with status: 200
Route '/random2' handled with status: 200
Route '/sl_logger' handled with status: 200
Route '/random2' handled with status: 200
Route '/random2' handled with status: 200
Route '/random2' handled with status: 200
Route '/random2' handled with status: 200
Route '/random2' handled with status: 200
Route '/random2' handled with status: 200
Route '/random2' handled with status: 200
Route '/random2' handled with status: 200
Route '/sl_logger' handled with status: 200
Route '/random2' handled with status: 200
Route '/random2' handled with status: 200
Route '/random2' handled with status: 200
Route '/random2' handled with status: 200
Route '/random2' handled with status: 200
Route '/random2' handled with status: 200
Route '/random2' handled with status: 200
Route '/random2' handled with status: 200
Route '/random2' handled with status: 200
Route '/random2' handled with status: 200
Route '/random2' handled with status: 200
Route '/random2' handled with status: 200
Route '/random2' handled with status: 200
Route '/random2' handled with status: 200
Route '/random2' handled with status: 200
Route '/random2' handled with status: 200
Route '/random2' handled with status: 200
Route '/random2' handled with status: 200
Route '/random2' handled with status: 200
Route '/random2' handled with status: 200
Route '/random2' handled with status: 200
Route '/random2' handled with status: 200
Route '/random2' handled with status: 200
Route '/random2' handled with status: 200
Route '/random2' handled with status: 200
Route '/random2' handled with status: 200
Route '/random2' handled with status: 200
Route '/random2' handled with status: 200
Route '/random2' handled with status: 200
Route '/random2' handled with status: 200
Route '/random2' handled with status: 200
Route '/random2' handled with status: 200
Route '/random2' handled with status: 200
Route '/random2' handled with status: 200
Route '/random2' handled with status: 200
Route '/random2' handled with status: 200
Route '/random2' handled with status: 200
Route '/random2' handled with status: 200
Route '/random2' handled with status: 200
Route '/random2' handled with status: 200
Route '/random2' handled with status: 200
Route '/random2' handled with status: 200
Route '/random2' handled with status: 200
Route '/random2' handled with status: 200
Route '/random2' handled with status: 200
Route '/random2' handled with status: 200
Route '/random2' handled with status: 200
Route '/random2' handled with status: 200
Route '/random2' handled with status: 200
Route '/random2' handled with status: 200
Route '/random2' handled with status: 200
Route '/random2' handled with status: 200
Route '/random2' handled with status: 200
Route '/random2' handled with status: 200
Route '/random2' handled with status: 200
Route '/random2' handled with status: 200
Route '/random2' handled with status: 200
Route '/random2' handled with status: 200
Route '/random2' handled with status: 200
Route '/random2' handled with status: 200
Route '/random2' handled with status: 200
Route '/random2' handled with status: 200
Route '/random2' handled with status: 200
Route '/random2' handled with status: 200
Route '/random2' handled with status: 200
Route '/random2' handled with status: 200
Route '/random2' handled with status: 200
Route '/random2' handled with status: 200
Route '/random2' handled with status: 200
Route '/random2' handled with status: 200
Route '/random2' handled with status: 200
Route '/random2' handled with status: 200
Route '/random2' handled with status: 200
Route '/random2' handled with status: 200
Route '/random2' handled with status: 200
Route '/random2' handled with status: 200
Route '/random2' handled with status: 200
Route '/random2' handled with status: 200
Route '/random2' handled with status: 200
Route '/random2' handled with status: 200
Route '/random2' handled with status: 200
Route '/random2' handled with status: 200
Route '/random2' handled with status: 200
Route '/random2' handled with status: 200
Route '/random2' handled with status: 200
Route '/random2' handled with status: 200
Route '/random2' handled with status: 200
Route '/random2' handled with status: 200
Route '/random2' handled with status: 200
Route '/random2' handled with status: 200
Route '/random2' handled with status: 200
Route '/random2' handled with status: 200
Route '/random2' handled with status: 200
Route '/random2' handled with status: 200
Route '/random2' handled with status: 200
Route '/random2' handled with status: 200
Route '/random2' handled with status: 200
Route '/random2' handled with status: 200
Route '/random2' handled with status: 200
Route '/random2' handled with status: 200
Route '/random2' handled with status: 200
Route '/random2' handled with status: 200
Route '/random2' handled with status: 200
Route '/random2' handled with status: 200
Route '/random2' handled with status: 200
Route '/random2' handled with status: 200
Route '/random2' handled with status: 200
Route '/random2' handled with status: 200
Route '/random2' handled with status: 200
Route '/random2' handled with status: 200
Route '/random2' handled with status: 200
Route '/random2' handled with status: 200
Route '/random2' handled with status: 200
Route '/random2' handled with status: 200
Route '/random2' handled with status: 200
Route '/random2' handled with status: 200
Route '/random2' handled with status: 200
Route '/random2' handled with status: 200
Route '/random2' handled with status: 200
Route '/random2' handled with status: 200
Route '/random2' handled with status: 200
Route '/random2' handled with status: 200
Route '/random2' handled with status: 200
Route '/random2' handled with status: 200
Route '/random2' handled with status: 200
Route '/random2' handled with status: 200
Route '/random2' handled with status: 200
Route '/random2' handled with status: 200
Route '/random2' handled with status: 200
Route '/random2' handled with status: 200
Route '/random2' handled with status: 200
Route '/random2' handled with status: 200
Route '/random2' handled with status: 200
Route '/random2' handled with status: 200
Route '/random2' handled with status: 200
Route '/random2' handled with status: 200
Route '/random2' handled with status: 200
Route '/random2' handled with status: 200
Route '/random2' handled with status: 200
Route '/random2' handled with status: 200
Route '/random2' handled with status: 200
Route '/random2' handled with status: 200
Route '/random2' handled with status: 200
Route '/random2' handled with status: 200
Route '/random2' handled with status: 200
Route '/random2' handled with status: 200
Route '/random2' handled with status: 200
Route '/random2' handled with status: 200
Route '/random2' handled with status: 200
Route '/random2' handled with status: 200
Route '/random2' handled with status: 200
Route '/random2' handled with status: 200
Route '/random2' handled with status: 200
Route '/random2' handled with status: 200
Route '/random2' handled with status: 200
Route '/random2' handled with status: 200
Route '/random2' handled with status: 200
Route '/random2' handled with status: 200
Route '/random2' handled with status: 200
Route '/random2' handled with status: 200
Route '/random2' handled with status: 200
Route '/random2' handled with status: 200
Route '/random2' handled with status: 200
Route '/random2' handled with status: 200
Route '/random2' handled with status: 200
Route '/random2' handled with status: 200
Route '/random2' handled with status: 200
Route '/random2' handled with status: 200
Route '/random2' handled with status: 200
Route '/random2' handled with status: 200
Route '/random2' handled with status: 200
Route '/random2' handled with status: 200
Route '/random2' handled with status: 200
Route '/random2' handled with status: 200
Route '/random2' handled with status: 200
Route '/random2' handled with status: 200
Route '/random2' handled with status: 200
Route '/random2' handled with status: 200
Route '/random2' handled with status: 200
Route '/random2' handled with status: 200
Route '/random2' handled with status: 200
Route '/random2' handled with status: 200
Route '/random2' handled with status: 200
Route '/random2' handled with status: 200
Route '/random2' handled with status: 200
Route '/random2' handled with status: 200
Route '/random2' handled with status: 200
Route '/random2' handled with status: 200
Route '/random2' handled with status: 200
Route '/analytics' handled with status: 200
Route '/random2' handled with status: 200
Route '/random2' handled with status: 200
Route '/random2' handled with status: 200
Route '/random2' handled with status: 200
Route '/random2' handled with status: 200
Route '/random2' handled with status: 200
Route '/random2' handled with status: 200
Route '/random2' handled with status: 200
Route '/random2' handled with status: 200
Route '/random2' handled with status: 200
Route '/random2' handled with status: 200
Route '/random2' handled with status: 200
Route '/random2' handled with status: 200
Route '/random2' handled with status: 200
Route '/random2' handled with status: 200
Route '/random2' handled with status: 200
Route '/random2' handled with status: 200
Route '/random2' handled with status: 200
Route '/random2' handled with status: 200
Route '/random2' handled with status: 200
Route '/random2' handled with status: 200
Route '/random2' handled with status: 200
Route '/random2' handled with status: 200
Route '/random2' handled with status: 200
Route '/random2' handled with status: 200
Route '/random2' handled with status: 200
Route '/random2' handled with status: 200
Route '/random2' handled with status: 200
Route '/random2' handled with status: 200
Route '/random2' handled with status: 200
Route '/random2' handled with status: 200
Route '/random2' handled with status: 200
Route '/random2' handled with status: 200
Route '/random2' handled with status: 200
Route '/random2' handled with status: 200
Route '/random2' handled with status: 200
Route '/random2' handled with status: 200
Route '/random2' handled with status: 200
Route '/random2' handled with status: 200
Route '/random2' handled with status: 200
Route '/random2' handled with status: 200
Route '/random2' handled with status: 200
Route '/random2' handled with status: 200
Route '/random2' handled with status: 200
Route '/random2' handled with status: 200
Route '/random2' handled with status: 200
Route '/random2' handled with status: 200
Route '/random2' handled with status: 200
Route '/random2' handled with status: 200
Route '/random2' handled with status: 200
Route '/random2' handled with status: 200
Route '/random2' handled with status: 200
Route '/random2' handled with status: 200
Route '/random2' handled with status: 200
Route '/random2' handled with status: 200
Route '/random2' handled with status: 200
Route '/random2' handled with status: 200
Route '/random2' handled with status: 200
Route '/random2' handled with status: 200
Route '/random2' handled with status: 200
Route '/random2' handled with status: 200
Route '/random2' handled with status: 200
Route '/random2' handled with status: 200
Route '/random2' handled with status: 200
Route '/random2' handled with status: 200
Route '/random2' handled with status: 200
Route '/random2' handled with status: 200
Route '/random2' handled with status: 200
Route '/random2' handled with status: 200
Route '/random2' handled with status: 200
Route '/random2' handled with status: 200
Route '/random2' handled with status: 200
Route '/random2' handled with status: 200
Route '/random2' handled with status: 200
Route '/random2' handled with status: 200
Route '/random2' handled with status: 200
Route '/random2' handled with status: 200
Route '/random2' handled with status: 200
Route '/random2' handled with status: 200
Route '/random2' handled with status: 200
Route '/random2' handled with status: 200
Route '/random2' handled with status: 200
Route '/random2' handled with status: 200
Route '/random2' handled with status: 200
Route '/random2' handled with status: 200
Route '/random2' handled with status: 200
Route '/random2' handled with status: 200
Route '/random2' handled with status: 200
Route '/random2' handled with status: 200
Route '/random2' handled with status: 200
Route '/random2' handled with status: 200
Route '/random2' handled with status: 200
Route '/random2' handled with status: 200
Route '/random2' handled with status: 200
Route '/random2' handled with status: 200
Route '/random2' handled with status: 200
Route '/random2' handled with status: 200
Route '/random2' handled with status: 200
Route '/random2' handled with status: 200
Route '/random2' handled with status: 200
Route '/random2' handled with status: 200
Route '/random2' handled with status: 200
Route '/random2' handled with status: 200
Route '/random2' handled with status: 200
Route '/random2' handled with status: 200
Route '/random2' handled with status: 200
Route '/random2' handled with status: 200
Route '/random2' handled with status: 200
Route '/random2' handled with status: 200
Route '/random2' handled with status: 200
Route '/random2' handled with status: 200
Route '/random2' handled with status: 200
Route '/random2' handled with status: 200
Route '/random2' handled with status: 200
Route '/random2' handled with status: 200
Route '/random2' handled with status: 200
Route '/random2' handled with status: 200
Route '/random2' handled with status: 200
Route '/random2' handled with status: 200
Route '/random2' handled with status: 200
Route '/random2' handled with status: 200
Route '/random2' handled with status: 200
Route '/random2' handled with status: 200
Route '/random2' handled with status: 200
Route '/random2' handled with status: 200
Route '/random2' handled with status: 200
Route '/random2' handled with status: 200
Route '/random2' handled with status: 200
Route '/random2' handled with status: 200
Route '/random2' handled with status: 200
Route '/random2' handled with status: 200
Route '/random2' handled with status: 200
Route '/random2' handled with status: 200
Route '/random2' handled with status: 200
Route '/random2' handled with status: 200
Route '/random2' handled with status: 200
Route '/random2' handled with status: 200
Route '/random2' handled with status: 200
Route '/random2' handled with status: 200
Route '/random2' handled with status: 200
Route '/random2' handled with status: 200
Route '/random2' handled with status: 200
Route '/random2' handled with status: 200
Route '/random2' handled with status: 200
Route '/random2' handled with status: 200
Route '/random2' handled with status: 200
Route '/random2' handled with status: 200
Route '/random2' handled with status: 200
Route '/random2' handled with status: 200
Route '/random2' handled with status: 200
Route '/random2' handled with status: 200
Route '/random2' handled with status: 200
Route '/random2' handled with status: 200
Route '/random2' handled with status: 200
Route '/random2' handled with status: 200
Route '/random2' handled with status: 200
Route '/random2' handled with status: 200
Route '/random2' handled with status: 200
Route '/random2' handled with status: 200
Route '/random2' handled with status: 200
Route '/random2' handled with status: 200
Route '/random2' handled with status: 200
Route '/random2' handled with status: 200
Route '/random2' handled with status: 200
Route '/random2' handled with status: 200
Route '/random2' handled with status: 200
Route '/random2' handled with status: 200
Route '/random2' handled with status: 200
Route '/random2' handled with status: 200
Route '/random2' handled with status: 200
Route '/random2' handled with status: 200
Route '/random2' handled with status: 200
Route '/random2' handled with status: 200
Route '/random2' handled with status: 200
Route '/random2' handled with status: 200
Route '/random2' handled with status: 200
Route '/random2' handled with status: 200
Route '/random2' handled with status: 200
Route '/random2' handled with status: 200
Route '/random2' handled with status: 200
Route '/random2' handled with status: 200
Route '/random2' handled with status: 200
Route '/random2' handled with status: 200
Route '/random2' handled with status: 200
Route '/random2' handled with status: 200
Route '/random2' handled with status: 200
Route '/random2' handled with status: 200
Route '/random2' handled with status: 200
Route '/random2' handled with status: 200
Route '/random2' handled with status: 200
Route '/random2' handled with status: 200
Route '/random2' handled with status: 200
Route '/random2' handled with status: 200
Route '/random2' handled with status: 200
Route '/random2' handled with status: 200
Route '/random2' handled with status: 200
Route '/random2' handled with status: 200
Route '/random2' handled with status: 200
Route '/random2' handled with status: 200
Route '/random2' handled with status: 200
Route '/random2' handled with status: 200
Route '/random2' handled with status: 200
Route '/random2' handled with status: 200
Route '/random2' handled with status: 200
Route '/random2' handled with status: 200
Route '/random2' handled with status: 200
Route '/random2' handled with status: 200
Route '/random2' handled with status: 200
Route '/random2' handled with status: 200
Route '/random2' handled with status: 200
Route '/random2' handled with status: 200
Route '/random2' handled with status: 200
Route '/random2' handled with status: 200
Route '/random2' handled with status: 200
Route '/random2' handled with status: 200
Route '/random2' handled with status: 200
Route '/random2' handled with status: 200
Route '/random2' handled with status: 200
Route '/random2' handled with status: 200
Route '/random2' handled with status: 200
Route '/random2' handled with status: 200
Route '/random2' handled with status: 200
Route '/random2' handled with status: 200
Route '/random2' handled with status: 200
Route '/random2' handled with status: 200
Route '/random2' handled with status: 200
Route '/random2' handled with status: 200
Route '/random2' handled with status: 200
Route '/random2' handled with status: 200
Route '/random2' handled with status: 200
Route '/random2' handled with status: 200
Route '/random2' handled with status: 200
Route '/random2' handled with status: 200
Route '/random2' handled with status: 200
Route '/random2' handled with status: 200
Route '/random2' handled with status: 200
Route '/random2' handled with status: 200
Route '/random2' handled with status: 200
Route '/random2' handled with status: 200
Route '/random2' handled with status: 200
Route '/random2' handled with status: 200
Route '/random2' handled with status: 200
Route '/random2' handled with status: 200
Route '/random2' handled with status: 200
Route '/random2' handled with status: 200
Route '/random2' handled with status: 200
Route '/random2' handled with status: 200
Route '/random2' handled with status: 200
Route '/random2' handled with status: 200
Route '/random2' handled with status: 200
Route '/random2' handled with status: 200
Route '/random2' handled with status: 200
Route '/random2' handled with status: 200
Route '/random2' handled with status: 200
Route '/random2' handled with status: 200
Route '/random2' handled with status: 200
Route '/random2' handled with status: 200
Route '/random2' handled with status: 200
Route '/random2' handled with status: 200
Route '/random2' handled with status: 200
Route '/random2' handled with status: 200
Route '/random2' handled with status: 200
Route '/random2' handled with status: 200
Route '/random2' handled with status: 200
Route '/random2' handled with status: 200
Route '/random2' handled with status: 200
Route '/random2' handled with status: 200
Route '/random2' handled with status: 200
Route '/random2' handled with status: 200
Route '/random2' handled with status: 200
Route '/random2' handled with status: 200
Route '/random2' handled with status: 200
Route '/random2' handled with status: 200
Route '/random2' handled with status: 200
Route '/random2' handled with status: 200
Route '/random2' handled with status: 200
Route '/random2' handled with status: 200
Route '/random2' handled with status: 200
Route '/random2' handled with status: 200
Route '/random2' handled with status: 200
Route '/random2' handled with status: 200
Route '/random2' handled with status: 200
Route '/random2' handled with status: 200
Route '/random2' handled with status: 200
Route '/random2' handled with status: 200
Route '/random2' handled with status: 200
Route '/random2' handled with status: 200
Route '/random2' handled with status: 200
Route '/random2' handled with status: 200
Route '/random2' handled with status: 200
Route '/random2' handled with status: 200
Route '/random2' handled with status: 200
Route '/random2' handled with status: 200
Route '/random2' handled with status: 200
Route '/random2' handled with status: 200
Route '/random2' handled with status: 200
Route '/random2' handled with status: 200
Route '/random2' handled with status: 200
Route '/random2' handled with status: 200
Route '/random2' handled with status: 200
Route '/random2' handled with status: 200
Route '/random2' handled with status: 200
Route '/random2' handled with status: 200
Route '/random2' handled with status: 200
Route '/random2' handled with status: 200
Route '/random2' handled with status: 200
Route '/random2' handled with status: 200
Route '/random2' handled with status: 200
Route '/random2' handled with status: 200
Route '/random2' handled with status: 200
Route '/random2' handled with status: 200
Route '/random2' handled with status: 200
Route '/random2' handled with status: 200
Route '/random2' handled with status: 200
Route '/random2' handled with status: 200
Route '/random2' handled with status: 200
Route '/random2' handled with status: 200
Route '/random2' handled with status: 200
Route '/random2' handled with status: 200
Route '/random2' handled with status: 200
Route '/random2' handled with status: 200
Route '/random2' handled with status: 200
Route '/random2' handled with status: 200
Route '/random2' handled with status: 200
Route '/random2' handled with status: 200
Route '/random2' handled with status: 200
Route '/random2' handled with status: 200
Route '/random2' handled with status: 200
Route '/random2' handled with status: 200
Route '/random2' handled with status: 200
Route '/random2' handled with status: 200
Route '/random2' handled with status: 200
Route '/random2' handled with status: 200
Route '/random2' handled with status: 200
Route '/random2' handled with status: 200
Route '/random2' handled with status: 200
Route '/random2' handled with status: 200
Route '/random2' handled with status: 200
Route '/random2' handled with status: 200
Route '/random2' handled with status: 200
Route '/random2' handled with status: 200
Route '/random2' handled with status: 200
Route '/random2' handled with status: 200
Route '/random2' handled with status: 200
Route '/random2' handled with status: 200
Route '/random2' handled with status: 200
Route '/random2' handled with status: 200
Route '/random2' handled with status: 200
Route '/random2' handled with status: 200
Route '/random2' handled with status: 200
Route '/random2' handled with status: 200
Route '/random2' handled with status: 200
Route '/random2' handled with status: 200
Route '/random2' handled with status: 200
Route '/random2' handled with status: 200
Route '/random2' handled with status: 200
Route '/.git/HEAD' handled with status: 404
Route '/.git/config' handled with status: 404
Route '/random2' handled with status: 200
Route '/random2' handled with status: 200
Route '/random2' handled with status: 200
Route '/random2' handled with status: 200
Route '/random2' handled with status: 200
Route '/random2' handled with status: 200
Route '/random2' handled with status: 200
Route '/random2' handled with status: 200
Route '/random2' handled with status: 200
Route '/random2' handled with status: 200
Route '/random2' handled with status: 200
Route '/random2' handled with status: 200
Route '/random2' handled with status: 200
Route '/random2' handled with status: 200
Route '/random2' handled with status: 200
Route '/random2' handled with status: 200
Route '/random2' handled with status: 200
Route '/random2' handled with status: 200
Route '/random2' handled with status: 200
Route '/random2' handled with status: 200
Route '/random2' handled with status: 200
Route '/random2' handled with status: 200
Route '/random2' handled with status: 200
Route '/random2' handled with status: 200
Route '/random2' handled with status: 200
Route '/random2' handled with status: 200
Route '/random2' handled with status: 200
Route '/random2' handled with status: 200
Route '/random2' handled with status: 200
Route '/random2' handled with status: 200
Route '/random2' handled with status: 200
Route '/random2' handled with status: 200
Route '/random2' handled with status: 200
Route '/random2' handled with status: 200
Route '/random2' handled with status: 200
Route '/random2' handled with status: 200
Route '/random2' handled with status: 200
Route '/random2' handled with status: 200
Route '/random2' handled with status: 200
Route '/random2' handled with status: 200
Route '/random2' handled with status: 200
Route '/random2' handled with status: 200
Route '/random2' handled with status: 200
Route '/random2' handled with status: 200
Route '/random2' handled with status: 200
Route '/random2' handled with status: 200
Route '/random2' handled with status: 200
Route '/random2' handled with status: 200
Route '/random2' handled with status: 200
Route '/random2' handled with status: 200
Route '/random2' handled with status: 200
Route '/random2' handled with status: 200
Route '/random2' handled with status: 200
Route '/random2' handled with status: 200
Route '/random2' handled with status: 200
Route '/random2' handled with status: 200
Route '/random2' handled with status: 200
Route '/random2' handled with status: 200
Route '/random2' handled with status: 200
Route '/random2' handled with status: 200
Route '/random2' handled with status: 200
Route '/random2' handled with status: 200
Route '/random2' handled with status: 200
Route '/random2' handled with status: 200
Route '/random2' handled with status: 200
Route '/random2' handled with status: 200
Route '/random2' handled with status: 200
Route '/random2' handled with status: 200
Route '/random2' handled with status: 200
Route '/random2' handled with status: 200
Route '/random2' handled with status: 200
Route '/random2' handled with status: 200
Route '/random2' handled with status: 200
Route '/random2' handled with status: 200
Route '/random2' handled with status: 200
Route '/random2' handled with status: 200
Route '/random2' handled with status: 200
Route '/random2' handled with status: 200
Route '/random2' handled with status: 200
Route '/random2' handled with status: 200
Route '/random2' handled with status: 200
Route '/random2' handled with status: 200
Route '/random2' handled with status: 200
Route '/random2' handled with status: 200
Route '/random2' handled with status: 200
Route '/random2' handled with status: 200
Route '/random2' handled with status: 200
Route '/random2' handled with status: 200
Route '/random2' handled with status: 200
Route '/random2' handled with status: 200
Route '/random2' handled with status: 200
Route '/random2' handled with status: 200
Route '/random2' handled with status: 200
Route '/random2' handled with status: 200
Route '/random2' handled with status: 200
Route '/random2' handled with status: 200
Route '/random2' handled with status: 200
Route '/random2' handled with status: 200
Route '/random2' handled with status: 200
Route '/random2' handled with status: 200
Route '/random2' handled with status: 200
Route '/random2' handled with status: 200
Route '/random2' handled with status: 200
Route '/random2' handled with status: 200
Route '/random2' handled with status: 200
Route '/random2' handled with status: 200
Route '/random2' handled with status: 200
Route '/random2' handled with status: 200
Route '/random2' handled with status: 200
Route '/random2' handled with status: 200
Route '/random2' handled with status: 200
Route '/random2' handled with status: 200
Route '/random2' handled with status: 200
Route '/random2' handled with status: 200
Route '/random2' handled with status: 200
Route '/random2' handled with status: 200
Route '/random2' handled with status: 200
Route '/random2' handled with status: 200
Route '/random2' handled with status: 200
Route '/random2' handled with status: 200
Route '/random2' handled with status: 200
Route '/random2' handled with status: 200
Route '/random2' handled with status: 200
Route '/random2' handled with status: 200
Route '/random2' handled with status: 200
Route '/random2' handled with status: 200
Route '/random2' handled with status: 200
Route '/random2' handled with status: 200
Route '/random2' handled with status: 200
Route '/random2' handled with status: 200
Route '/random2' handled with status: 200
Route '/random2' handled with status: 200
Route '/random2' handled with status: 200
Route '/random2' handled with status: 200
Route '/random2' handled with status: 200
Route '/random2' handled with status: 200
Route '/random2' handled with status: 200
Route '/random2' handled with status: 200
Route '/random2' handled with status: 200
Route '/random2' handled with status: 200
Route '/random2' handled with status: 200
Route '/random2' handled with status: 200
Route '/random2' handled with status: 200
Route '/random2' handled with status: 200
Route '/random2' handled with status: 200
Route '/random2' handled with status: 200
Route '/random2' handled with status: 200
Route '/random2' handled with status: 200
Route '/random2' handled with status: 200
Route '/random2' handled with status: 200
Route '/random2' handled with status: 200
Route '/random2' handled with status: 200
Route '/random2' handled with status: 200
Route '/random2' handled with status: 200
Route '/random2' handled with status: 200
Route '/random2' handled with status: 200
Route '/random2' handled with status: 200
Route '/random2' handled with status: 200
Route '/random2' handled with status: 200
Route '/random2' handled with status: 200
Route '/random2' handled with status: 200
Route '/random2' handled with status: 200
Route '/random2' handled with status: 200
Route '/random2' handled with status: 200
Route '/random2' handled with status: 200
Route '/random2' handled with status: 200
Route '/random2' handled with status: 200
Route '/random2' handled with status: 200
Route '/random2' handled with status: 200
Route '/random2' handled with status: 200
Route '/random2' handled with status: 200
Route '/random2' handled with status: 200
Route '/random2' handled with status: 200
Route '/random2' handled with status: 200
Route '/random2' handled with status: 200
Route '/random2' handled with status: 200
Route '/random2' handled with status: 200
Route '/random2' handled with status: 200
Route '/random2' handled with status: 200
Route '/random2' handled with status: 200
Route '/random2' handled with status: 200
Route '/random2' handled with status: 200
Route '/random2' handled with status: 200
Route '/random2' handled with status: 200
Route '/random2' handled with status: 200
Route '/random2' handled with status: 200
Route '/random2' handled with status: 200
Route '/random2' handled with status: 200
Route '/random2' handled with status: 200
Route '/random2' handled with status: 200
Route '/random2' handled with status: 200
Route '/random2' handled with status: 200
Route '/random2' handled with status: 200
Route '/random2' handled with status: 200
Route '/random2' handled with status: 200
Route '/random2' handled with status: 200
Route '/random2' handled with status: 200
Route '/random2' handled with status: 200
Route '/random2' handled with status: 200
Route '/random2' handled with status: 200
Route '/random2' handled with status: 200
Route '/random2' handled with status: 200
Route '/random2' handled with status: 200
Route '/random2' handled with status: 200
Route '/random2' handled with status: 200
Route '/random2' handled with status: 200
Route '/random2' handled with status: 200
Route '/random2' handled with status: 200
Route '/random2' handled with status: 200
Route '/random2' handled with status: 200
Route '/random2' handled with status: 200
Route '/random2' handled with status: 200
Route '/random2' handled with status: 200
Route '/random2' handled with status: 200
Route '/random2' handled with status: 200
Route '/random2' handled with status: 200
Route '/random2' handled with status: 200
Route '/random2' handled with status: 200
Route '/random2' handled with status: 200
Route '/random2' handled with status: 200
Route '/random2' handled with status: 200
Route '/random2' handled with status: 200
Route '/random2' handled with status: 200
Route '/random2' handled with status: 200
Route '/random2' handled with status: 200
Route '/random2' handled with status: 200
Route '/random2' handled with status: 200
Route '/random2' handled with status: 200
Route '/random2' handled with status: 200
Route '/random2' handled with status: 200
Route '/random2' handled with status: 200
Route '/random2' handled with status: 200
Route '/random2' handled with status: 200
Route '/random2' handled with status: 200
Route '/random2' handled with status: 200
Route '/random2' handled with status: 200
Route '/random2' handled with status: 200
Route '/random2' handled with status: 200
Route '/random2' handled with status: 200
Route '/random2' handled with status: 200
Route '/random2' handled with status: 200
Route '/random2' handled with status: 200
Route '/random2' handled with status: 200
Route '/random2' handled with status: 200
Route '/random2' handled with status: 200
Route '/random2' handled with status: 200
Route '/random2' handled with status: 200
Route '/random2' handled with status: 200
Route '/random2' handled with status: 200
Route '/random2' handled with status: 200
Route '/random2' handled with status: 200
Route '/random2' handled with status: 200
Route '/random2' handled with status: 200
Route '/random2' handled with status: 200
Route '/random2' handled with status: 200
Route '/random2' handled with status: 200
Route '/random2' handled with status: 200
Route '/random2' handled with status: 200
Route '/random2' handled with status: 200
Route '/random2' handled with status: 200
Route '/random2' handled with status: 200
Route '/random2' handled with status: 200
Route '/random2' handled with status: 200
Route '/random2' handled with status: 200
Route '/random2' handled with status: 200
Route '/random2' handled with status: 200
Route '/random2' handled with status: 200
Route '/random2' handled with status: 200
Route '/random2' handled with status: 200
Route '/random2' handled with status: 200
Route '/random2' handled with status: 200
Route '/random2' handled with status: 200
Route '/random2' handled with status: 200
Route '/random2' handled with status: 200
Route '/random2' handled with status: 200
Route '/random2' handled with status: 200
Route '/random2' handled with status: 200
Route '/random2' handled with status: 200
Route '/random2' handled with status: 200
Route '/random2' handled with status: 200
Route '/random2' handled with status: 200
Route '/random2' handled with status: 200
Route '/random2' handled with status: 200
Route '/random2' handled with status: 200
Route '/random2' handled with status: 200
Route '/random2' handled with status: 200
Route '/random2' handled with status: 200
Route '/random2' handled with status: 200
Route '/random2' handled with status: 200
Route '/random2' handled with status: 200
Route '/random2' handled with status: 200
Route '/random2' handled with status: 200
Route '/random2' handled with status: 200
Route '/random2' handled with status: 200
Route '/random2' handled with status: 200
Route '/random2' handled with status: 200
Route '/random2' handled with status: 200
Route '/random2' handled with status: 200
Route '/random2' handled with status: 200
Route '/random2' handled with status: 200
Route '/random2' handled with status: 200
Route '/random2' handled with status: 200
Route '/random2' handled with status: 200
Route '/random2' handled with status: 200
Route '/random2' handled with status: 200
Route '/random2' handled with status: 200
Route '/random2' handled with status: 200
Route '/random2' handled with status: 200
Route '/random2' handled with status: 200
Route '/random2' handled with status: 200
Route '/random2' handled with status: 200
Route '/random2' handled with status: 200
Route '/random2' handled with status: 200
Route '/random2' handled with status: 200
Route '/random2' handled with status: 200
Route '/random2' handled with status: 200
Route '/random2' handled with status: 200
Route '/random2' handled with status: 200
Route '/random2' handled with status: 200
Route '/random2' handled with status: 200
Route '/random2' handled with status: 200
Route '/random2' handled with status: 200
Route '/random2' handled with status: 200
Route '/random2' handled with status: 200
Route '/random2' handled with status: 200
Route '/random2' handled with status: 200
Route '/random2' handled with status: 200
Route '/random2' handled with status: 200
Route '/random2' handled with status: 200
Route '/random2' handled with status: 200
Route '/random2' handled with status: 200
Route '/random2' handled with status: 200
Route '/random2' handled with status: 200
Route '/random2' handled with status: 200
Route '/random2' handled with status: 200
Route '/random2' handled with status: 200
Route '/random2' handled with status: 200
Route '/random2' handled with status: 200
Route '/random2' handled with status: 200
Route '/random2' handled with status: 200
Route '/random2' handled with status: 200
Route '/random2' handled with status: 200
Route '/random2' handled with status: 200
Route '/random2' handled with status: 200
Route '/random2' handled with status: 200
Route '/random2' handled with status: 200
Route '/random2' handled with status: 200
Route '/random2' handled with status: 200
Route '/random2' handled with status: 200
Route '/random2' handled with status: 200
Route '/random2' handled with status: 200
Route '/random2' handled with status: 200
Route '/random2' handled with status: 200
Route '/random2' handled with status: 200
Route '/random2' handled with status: 200
Route '/random2' handled with status: 200
Route '/random2' handled with status: 200
Route '/random2' handled with status: 200
Route '/random2' handled with status: 200
Route '/random2' handled with status: 200
Route '/random2' handled with status: 200
Route '/random2' handled with status: 200
Route '/random2' handled with status: 200
Route '/random2' handled with status: 200
Route '/random2' handled with status: 200
Route '/random2' handled with status: 200
Route '/random2' handled with status: 200
Route '/random2' handled with status: 200
Route '/random2' handled with status: 200
Route '/random2' handled with status: 200
Route '/random2' handled with status: 200
Route '/random2' handled with status: 200
Route '/random2' handled with status: 200
Route '/random2' handled with status: 200
Route '/random2' handled with status: 200
Route '/random2' handled with status: 200
Route '/random2' handled with status: 200
Route '/random2' handled with status: 200
Route '/random2' handled with status: 200
Route '/random2' handled with status: 200
Route '/random2' handled with status: 200
Route '/random2' handled with status: 200
Route '/random2' handled with status: 200
Route '/random2' handled with status: 200
Route '/random2' handled with status: 200
Route '/random2' handled with status: 200
Route '/random2' handled with status: 200
Route '/random2' handled with status: 200
Route '/random2' handled with status: 200
Route '/random2' handled with status: 200
Route '/random2' handled with status: 200
Route '/random2' handled with status: 200
Route '/random2' handled with status: 200
Route '/random2' handled with status: 200
Route '/random2' handled with status: 200
Route '/random2' handled with status: 200
Route '/random2' handled with status: 200
Route '/random2' handled with status: 200
Route '/random2' handled with status: 200
Route '/random2' handled with status: 200
Route '/random2' handled with status: 200
Route '/random2' handled with status: 200
Route '/random2' handled with status: 200
Route '/random2' handled with status: 200
Route '/random2' handled with status: 200
Route '/random2' handled with status: 200
Route '/random2' handled with status: 200
Route '/random2' handled with status: 200
Route '/random2' handled with status: 200
Route '/random2' handled with status: 200
Route '/random2' handled with status: 200
Route '/random2' handled with status: 200
Route '/random2' handled with status: 200
Route '/random2' handled with status: 200
Route '/random2' handled with status: 200
Route '/random2' handled with status: 200
Route '/random2' handled with status: 200
Route '/random2' handled with status: 200
Route '/random2' handled with status: 200
Route '/random2' handled with status: 200
Route '/random2' handled with status: 200
Route '/random2' handled with status: 200
Route '/random2' handled with status: 200
Route '/random2' handled with status: 200
Route '/random2' handled with status: 200
Route '/random2' handled with status: 200
Route '/random2' handled with status: 200
Route '/random2' handled with status: 200
Route '/random2' handled with status: 200
Route '/random2' handled with status: 200
Route '/random2' handled with status: 200
Route '/random2' handled with status: 200
Route '/random2' handled with status: 200
Route '/random2' handled with status: 200
Route '/random2' handled with status: 200
Route '/random2' handled with status: 200
Route '/random2' handled with status: 200
Route '/random2' handled with status: 200
Route '/random2' handled with status: 200
Route '/random2' handled with status: 200
Route '/random2' handled with status: 200
Route '/random2' handled with status: 200
Route '/random2' handled with status: 200
Route '/random2' handled with status: 200
Route '/random2' handled with status: 200
Route '/random2' handled with status: 200
Route '/random2' handled with status: 200
Route '/random2' handled with status: 200
Route '/random2' handled with status: 200
Route '/random2' handled with status: 200
Route '/random2' handled with status: 200
Route '/random2' handled with status: 200
Route '/random2' handled with status: 200
Route '/random2' handled with status: 200
Route '/random2' handled with status: 200
Route '/random2' handled with status: 200
Route '/random2' handled with status: 200
Route '/random2' handled with status: 200
Route '/random2' handled with status: 200
Route '/random2' handled with status: 200
Route '/random2' handled with status: 200
Route '/random2' handled with status: 200
Route '/random2' handled with status: 200
Route '/random2' handled with status: 200
Route '/random2' handled with status: 200
Route '/random2' handled with status: 200
Route '/random2' handled with status: 200
Route '/random2' handled with status: 200
Route '/random2' handled with status: 200
Route '/random2' handled with status: 200
Route '/random2' handled with status: 200
Route '/random2' handled with status: 200
Route '/random2' handled with status: 200
Route '/random2' handled with status: 200
Route '/random2' handled with status: 200
Route '/' handled with status: 200
Route '/random2' handled with status: 200
Route '/random2' handled with status: 200
Route '/random2' handled with status: 200
Route '/random2' handled with status: 200
Route '/random2' handled with status: 200
Route '/random2' handled with status: 200
Route '/random2' handled with status: 200
Route '/random2' handled with status: 200
Route '/random2' handled with status: 200
Route '/random2' handled with status: 200
Route '/random2' handled with status: 200
Route '/random2' handled with status: 200
Route '/random2' handled with status: 200
Route '/random2' handled with status: 200
Route '/random2' handled with status: 200
Route '/random2' handled with status: 200
Route '/random2' handled with status: 200
Route '/random2' handled with status: 200
Route '/random2' handled with status: 200
Route '/random2' handled with status: 200
Route '/random2' handled with status: 200
Route '/random2' handled with status: 200
Route '/random2' handled with status: 200
Route '/random2' handled with status: 200
Route '/random2' handled with status: 200
Route '/random2' handled with status: 200
Route '/random2' handled with status: 200
Route '/random2' handled with status: 200
Route '/random2' handled with status: 200
Route '/random2' handled with status: 200
Route '/random2' handled with status: 200
Route '/random2' handled with status: 200
Route '/random2' handled with status: 200
Route '/random2' handled with status: 200
Route '/random2' handled with status: 200
Route '/random2' handled with status: 200
Route '/random2' handled with status: 200
Route '/random2' handled with status: 200
Route '/random2' handled with status: 200
Route '/random2' handled with status: 200
Route '/random2' handled with status: 200
Route '/random2' handled with status: 200
Route '/.git/HEAD' handled with status: 404
Route '/random2' handled with status: 200
Route '/.git/config' handled with status: 404
Route '/random2' handled with status: 200
Route '/random2' handled with status: 200
Route '/random2' handled with status: 200
Route '/random2' handled with status: 200
Route '/random2' handled with status: 200
Route '/random2' handled with status: 200
Route '/random2' handled with status: 200
Route '/random2' handled with status: 200
Route '/random2' handled with status: 200
Route '/random2' handled with status: 200
Route '/random2' handled with status: 200
Route '/random2' handled with status: 200
Route '/random2' handled with status: 200
Route '/random2' handled with status: 200
Route '/random2' handled with status: 200
Route '/random2' handled with status: 200
Route '/random2' handled with status: 200
Route '/random2' handled with status: 200
Route '/random2' handled with status: 200
Route '/random2' handled with status: 200
Route '/random2' handled with status: 200
Route '/random2' handled with status: 200
Route '/random2' handled with status: 200
Route '/random2' handled with status: 200
Route '/random2' handled with status: 200
Route '/random2' handled with status: 200
Route '/random2' handled with status: 200
Route '/random2' handled with status: 200
Route '/random2' handled with status: 200
Route '/random2' handled with status: 200
Route '/random2' handled with status: 200
Route '/random2' handled with status: 200
Route '/random2' handled with status: 200
Route '/random2' handled with status: 200
Route '/random2' handled with status: 200
Route '/random2' handled with status: 200
Route '/random2' handled with status: 200
Route '/random2' handled with status: 200
Route '/random2' handled with status: 200
Route '/random2' handled with status: 200
Route '/random2' handled with status: 200
Route '/random2' handled with status: 200
Route '/random2' handled with status: 200
Route '/random2' handled with status: 200
Route '/random2' handled with status: 200
Route '/random2' handled with status: 200
Route '/random2' handled with status: 200
Route '/random2' handled with status: 200
Route '/random2' handled with status: 200
Route '/random2' handled with status: 200
Route '/random2' handled with status: 200
Route '/random2' handled with status: 200
Route '/random2' handled with status: 200
Route '/random2' handled with status: 200
Route '/random2' handled with status: 200
Route '/random2' handled with status: 200
Route '/random2' handled with status: 200
Route '/random2' handled with status: 200
Route '/random2' handled with status: 200
Route '/random2' handled with status: 200
Route '/random2' handled with status: 200
Route '/random2' handled with status: 200
Route '/random2' handled with status: 200
Route '/random2' handled with status: 200
Route '/random2' handled with status: 200
Route '/random2' handled with status: 200
Route '/random2' handled with status: 200
Route '/random2' handled with status: 200
Route '/random2' handled with status: 200
Route '/random2' handled with status: 200
Route '/random2' handled with status: 200
Route '/random2' handled with status: 200
Route '/random2' handled with status: 200
Route '/random2' handled with status: 200
Route '/random2' handled with status: 200
Route '/random2' handled with status: 200
Route '/random2' handled with status: 200
Route '/random2' handled with status: 200
Route '/random2' handled with status: 200
Route '/random2' handled with status: 200
Route '/random2' handled with status: 200
Route '/random2' handled with status: 200
Route '/random2' handled with status: 200
Route '/random2' handled with status: 200
Route '/random2' handled with status: 200
Route '/random2' handled with status: 200
Route '/random2' handled with status: 200
Route '/random2' handled with status: 200
Route '/random2' handled with status: 200
Route '/random2' handled with status: 200
Route '/random2' handled with status: 200
Route '/random2' handled with status: 200
Route '/random2' handled with status: 200
Route '/random2' handled with status: 200
Route '/random2' handled with status: 200
Route '/random2' handled with status: 200
Route '/random2' handled with status: 200
Route '/random2' handled with status: 200
Route '/random2' handled with status: 200
Route '/random2' handled with status: 200
Route '/random2' handled with status: 200
Route '/random2' handled with status: 200
Route '/random2' handled with status: 200
Route '/random2' handled with status: 200
Route '/random2' handled with status: 200
Route '/random2' handled with status: 200
Route '/random2' handled with status: 200
Route '/random2' handled with status: 200
Route '/random2' handled with status: 200
Route '/random2' handled with status: 200
Route '/random2' handled with status: 200
Route '/random2' handled with status: 200
Route '/random2' handled with status: 200
Route '/random2' handled with status: 200
Route '/random2' handled with status: 200
Route '/random2' handled with status: 200
Route '/random2' handled with status: 200
Route '/random2' handled with status: 200
Route '/random2' handled with status: 200
Route '/random2' handled with status: 200
Route '/random2' handled with status: 200
Route '/random2' handled with status: 200
Route '/random2' handled with status: 200
Route '/random2' handled with status: 200
Route '/random2' handled with status: 200
Route '/random2' handled with status: 200
Route '/random2' handled with status: 200
Route '/random2' handled with status: 200
Route '/random2' handled with status: 200
Route '/random2' handled with status: 200
Route '/random2' handled with status: 200
Route '/random2' handled with status: 200
Route '/random2' handled with status: 200
Route '/random2' handled with status: 200
Route '/random2' handled with status: 200
Route '/random2' handled with status: 200
Route '/random2' handled with status: 200
Route '/random2' handled with status: 200
Route '/random2' handled with status: 200
Route '/random2' handled with status: 200
Route '/random2' handled with status: 200
Route '/random2' handled with status: 200
Route '/random2' handled with status: 200
Route '/random2' handled with status: 200
Route '/random2' handled with status: 200
Route '/random2' handled with status: 200
Route '/random2' handled with status: 200
Route '/random2' handled with status: 200
Route '/random2' handled with status: 200
Route '/random2' handled with status: 200
Route '/random2' handled with status: 200
Route '/random2' handled with status: 200
Route '/random2' handled with status: 200
Route '/random2' handled with status: 200
Route '/random2' handled with status: 200
Route '/random2' handled with status: 200
Route '/random2' handled with status: 200
Route '/.env.dev' handled with status: 404
Route '/wp-config.php.swp' handled with status: 404
Route '/.env.bak' handled with status: 404
Route '/env' handled with status: 404
Route '/actuator/configprops' handled with status: 404
Route '/.env.production' handled with status: 404
Route '/crusader-404-probe' handled with status: 404
Route '/.env.local' handled with status: 404
Route '/.env.prod' handled with status: 404
Route '/actuator/env' handled with status: 404
Route '/.env.save' handled with status: 404
Route '/.env.old' handled with status: 404
Route '/wp-config.php.bak' handled with status: 404
Route '/_ignition/health-check' handled with status: 404
Route '/storage/logs/laravel.log' handled with status: 404
Route '/.env.backup' handled with status: 404
Route '/wp-config.php~' handled with status: 404
Route '/.env.example' handled with status: 404
Route '/.env' handled with status: 404
Route '/random2' handled with status: 200
Route '/random2' handled with status: 200
Route '/random2' handled with status: 200
Route '/random2' handled with status: 200
Route '/random2' handled with status: 200
Route '/random2' handled with status: 200
Route '/random2' handled with status: 200
Route '/random2' handled with status: 200
Route '/random2' handled with status: 200
Route '/random2' handled with status: 200
Route '/random2' handled with status: 200
Route '/random2' handled with status: 200
Route '/random2' handled with status: 200
Route '/random2' handled with status: 200
Route '/random2' handled with status: 200
Route '/random2' handled with status: 200
Route '/random2' handled with status: 200
Route '/random2' handled with status: 200
Route '/random2' handled with status: 200
Route '/random2' handled with status: 200
Route '/random2' handled with status: 200
Route '/random2' handled with status: 200
Route '/random2' handled with status: 200
Route '/random2' handled with status: 200
Route '/random2' handled with status: 200
Route '/random2' handled with status: 200
Route '/random2' handled with status: 200
Route '/random2' handled with status: 200
Route '/random2' handled with status: 200
Route '/random2' handled with status: 200
Route '/random2' handled with status: 200
Route '/random2' handled with status: 200
Route '/random2' handled with status: 200
Route '/random2' handled with status: 200
Route '/random2' handled with status: 200
Route '/random2' handled with status: 200
Route '/random2' handled with status: 200
Route '/random2' handled with status: 200
Route '/random2' handled with status: 200
Route '/random2' handled with status: 200
Route '/random2' handled with status: 200
Route '/random2' handled with status: 200
Route '/random2' handled with status: 200
Route '/random2' handled with status: 200
Route '/random2' handled with status: 200
Route '/random2' handled with status: 200
Route '/random2' handled with status: 200
Route '/random2' handled with status: 200
Route '/random2' handled with status: 200
Route '/random2' handled with status: 200
Route '/random2' handled with status: 200
Route '/random2' handled with status: 200
Route '/random2' handled with status: 200
Route '/random2' handled with status: 200
Route '/random2' handled with status: 200
Route '/random2' handled with status: 200
Route '/random2' handled with status: 200
Route '/random2' handled with status: 200
Route '/random2' handled with status: 200
Route '/random2' handled with status: 200
Route '/random2' handled with status: 200
Route '/random2' handled with status: 200
Route '/random2' handled with status: 200
Route '/random2' handled with status: 200
Route '/random2' handled with status: 200
Route '/random2' handled with status: 200
Route '/random2' handled with status: 200
Route '/random2' handled with status: 200
Route '/random2' handled with status: 200
Route '/random2' handled with status: 200
Route '/random2' handled with status: 200
Route '/random2' handled with status: 200
Route '/random2' handled with status: 200
Route '/random2' handled with status: 200
Route '/random2' handled with status: 200
Route '/random2' handled with status: 200
Route '/random2' handled with status: 200
Route '/random2' handled with status: 200
Route '/random2' handled with status: 200
Route '/random2' handled with status: 200
Route '/random2' handled with status: 200
Route '/random2' handled with status: 200
Route '/random2' handled with status: 200
Route '/random2' handled with status: 200
Route '/random2' handled with status: 200
Route '/random2' handled with status: 200
Route '/random2' handled with status: 200
Route '/random2' handled with status: 200
Route '/random2' handled with status: 200
Route '/random2' handled with status: 200
Route '/random2' handled with status: 200
Route '/random2' handled with status: 200
Route '/random2' handled with status: 200
Route '/random2' handled with status: 200
Route '/random2' handled with status: 200
Route '/random2' handled with status: 200
Route '/random2' handled with status: 200
Route '/random2' handled with status: 200
Route '/random2' handled with status: 200
Route '/random2' handled with status: 200
Route '/random2' handled with status: 200
Route '/random2' handled with status: 200
Route '/random2' handled with status: 200
Route '/random2' handled with status: 200
Route '/random2' handled with status: 200
Route '/random2' handled with status: 200
Route '/random2' handled with status: 200
Route '/random2' handled with status: 200
Route '/random2' handled with status: 200
Route '/random2' handled with status: 200
Route '/random2' handled with status: 200
Route '/random2' handled with status: 200
Route '/random2' handled with status: 200
Route '/random2' handled with status: 200
Route '/random2' handled with status: 200
Route '/random2' handled with status: 200
Route '/random2' handled with status: 200
Route '/random2' handled with status: 200
Route '/random2' handled with status: 200
Route '/random2' handled with status: 200
Route '/random2' handled with status: 200
Route '/random2' handled with status: 200
Route '/random2' handled with status: 200
Route '/random2' handled with status: 200
Route '/random2' handled with status: 200
Route '/random2' handled with status: 200
Route '/random2' handled with status: 200
Route '/random2' handled with status: 200
Route '/random2' handled with status: 200
Route '/random2' handled with status: 200
Route '/random2' handled with status: 200
Route '/random2' handled with status: 200
Route '/random2' handled with status: 200
Route '/random2' handled with status: 200
Route '/random2' handled with status: 200
Route '/random2' handled with status: 200
Route '/random2' handled with status: 200
Route '/random2' handled with status: 200
Route '/random2' handled with status: 200
Route '/random2' handled with status: 200
Route '/random2' handled with status: 200
Route '/random2' handled with status: 200
Route '/random2' handled with status: 200
Route '/random2' handled with status: 200
Route '/random2' handled with status: 200
Route '/random2' handled with status: 200
Route '/random2' handled with status: 200
Route '/random2' handled with status: 200
Route '/random2' handled with status: 200
Route '/random2' handled with status: 200
Route '/random2' handled with status: 200
Route '/random2' handled with status: 200
Route '/random2' handled with status: 200
Route '/random2' handled with status: 200
Route '/random2' handled with status: 200
Route '/random2' handled with status: 200
Route '/random2' handled with status: 200
Route '/random2' handled with status: 200
Route '/random2' handled with status: 200
Route '/random2' handled with status: 200
Route '/random2' handled with status: 200
Route '/random2' handled with status: 200
Route '/random2' handled with status: 200
Route '/random2' handled with status: 200
Route '/random2' handled with status: 200
Route '/random2' handled with status: 200
Route '/random2' handled with status: 200
Route '/random2' handled with status: 200
Route '/random2' handled with status: 200
Route '/random2' handled with status: 200
Route '/random2' handled with status: 200
Route '/random2' handled with status: 200
Route '/random2' handled with status: 200
Route '/random2' handled with status: 200
Route '/random2' handled with status: 200
Route '/random2' handled with status: 200
Route '/random2' handled with status: 200
Route '/random2' handled with status: 200
Route '/random2' handled with status: 200
Route '/random2' handled with status: 200
Route '/random2' handled with status: 200
Route '/random2' handled with status: 200
Route '/random2' handled with status: 200
Route '/random2' handled with status: 200
Route '/random2' handled with status: 200
Route '/random2' handled with status: 200
Route '/random2' handled with status: 200
Route '/random2' handled with status: 200
Route '/random2' handled with status: 200
Route '/random2' handled with status: 200
Route '/random2' handled with status: 200
Route '/random2' handled with status: 200
Route '/random2' handled with status: 200
Route '/random2' handled with status: 200
Route '/random2' handled with status: 200
Route '/random2' handled with status: 200
Route '/random2' handled with status: 200
Route '/random2' handled with status: 200
Route '/random2' handled with status: 200
Route '/random2' handled with status: 200
Route '/random2' handled with status: 200
Route '/random2' handled with status: 200
Route '/random2' handled with status: 200
Route '/random2' handled with status: 200
Route '/random2' handled with status: 200
Route '/random2' handled with status: 200
Route '/random2' handled with status: 200
Route '/random2' handled with status: 200
Route '/random2' handled with status: 200
Route '/random2' handled with status: 200
Route '/random2' handled with status: 200
Route '/random2' handled with status: 200
Route '/random2' handled with status: 200
Route '/random2' handled with status: 200
Route '/random2' handled with status: 200
Route '/random2' handled with status: 200
Route '/random2' handled with status: 200
Route '/random2' handled with status: 200
Route '/random2' handled with status: 200
Route '/random2' handled with status: 200
Route '/random2' handled with status: 200
Route '/random2' handled with status: 200
Route '/random2' handled with status: 200
Route '/random2' handled with status: 200
Route '/random2' handled with status: 200
Route '/random2' handled with status: 200
Route '/random2' handled with status: 200
Route '/random2' handled with status: 200
Route '/random2' handled with status: 200
Route '/random2' handled with status: 200
Route '/random2' handled with status: 200
Route '/random2' handled with status: 200
Route '/random2' handled with status: 200
Route '/random2' handled with status: 200
Route '/random2' handled with status: 200
Route '/random2' handled with status: 200
Route '/random2' handled with status: 200
Route '/random2' handled with status: 200
Route '/random2' handled with status: 200
Route '/random2' handled with status: 200
Route '/random2' handled with status: 200
Route '/random2' handled with status: 200
Route '/random2' handled with status: 200
Route '/random2' handled with status: 200
Route '/random2' handled with status: 200
Route '/random2' handled with status: 200
Route '/random2' handled with status: 200
Route '/random2' handled with status: 200
Route '/random2' handled with status: 200
Route '/random2' handled with status: 200
Route '/random2' handled with status: 200
Route '/random2' handled with status: 200
Route '/random2' handled with status: 200
Route '/random2' handled with status: 200
Route '/random2' handled with status: 200
Route '/random2' handled with status: 200
Route '/random2' handled with status: 200
Route '/random2' handled with status: 200
Route '/random2' handled with status: 200
Route '/random2' handled with status: 200
Route '/random2' handled with status: 200
Route '/random2' handled with status: 200
Route '/random2' handled with status: 200
Route '/random2' handled with status: 200
Route '/random2' handled with status: 200
Route '/random2' handled with status: 200
Route '/random2' handled with status: 200
Route '/random2' handled with status: 200
Route '/random2' handled with status: 200
Route '/random2' handled with status: 200
Route '/random2' handled with status: 200
Route '/random2' handled with status: 200
Route '/random2' handled with status: 200
Route '/random2' handled with status: 200
Route '/random2' handled with status: 200
Route '/random2' handled with status: 200
Route '/random2' handled with status: 200
Route '/random2' handled with status: 200
Route '/random2' handled with status: 200
Route '/random2' handled with status: 200
Route '/random2' handled with status: 200
Route '/random2' handled with status: 200
Route '/random2' handled with status: 200
Route '/random2' handled with status: 200
Route '/random2' handled with status: 200
Route '/random2' handled with status: 200
Route '/random2' handled with status: 200
Route '/random2' handled with status: 200
Route '/random2' handled with status: 200
Route '/random2' handled with status: 200
Route '/random2' handled with status: 200
Route '/random2' handled with status: 200
Route '/.env.production' handled with status: 404
Route '/.env.backup' handled with status: 404
Route '/.env.example' handled with status: 404
Route '/.env.prod' handled with status: 404
Route '/_ignition/health-check' handled with status: 404
Route '/.env.bak' handled with status: 404
Route '/storage/logs/laravel.log' handled with status: 404
Route '/.env.old' handled with status: 404
Route '/crusader-404-probe' handled with status: 404
Route '/wp-config.php.bak' handled with status: 404
Route '/env' handled with status: 404
Route '/.env.local' handled with status: 404
Route '/.env' handled with status: 404
Route '/actuator/configprops' handled with status: 404
Route '/.env.dev' handled with status: 404
Route '/.env.save' handled with status: 404
Route '/wp-config.php~' handled with status: 404
Route '/actuator/env' handled with status: 404
Route '/wp-config.php.swp' handled with status: 404
Route '/random2' handled with status: 200
Route '/random2' handled with status: 200
Route '/random2' handled with status: 200
Route '/random2' handled with status: 200
Route '/random2' handled with status: 200
Route '/random2' handled with status: 200
Route '/random2' handled with status: 200
Route '/random2' handled with status: 200
Route '/random2' handled with status: 200
Route '/random2' handled with status: 200
Route '/random2' handled with status: 200
Route '/random2' handled with status: 200
Route '/random2' handled with status: 200
Route '/random2' handled with status: 200
Route '/random2' handled with status: 200
Route '/random2' handled with status: 200
Route '/random2' handled with status: 200
Route '/random2' handled with status: 200
Route '/random2' handled with status: 200
Route '/random2' handled with status: 200
Route '/random2' handled with status: 200
Route '/random2' handled with status: 200
Route '/random2' handled with status: 200
Route '/random2' handled with status: 200
Route '/random2' handled with status: 200
Route '/random2' handled with status: 200
Route '/random2' handled with status: 200
Route '/random2' handled with status: 200
Route '/random2' handled with status: 200
Route '/random2' handled with status: 200
Route '/random2' handled with status: 200
Route '/random2' handled with status: 200
Route '/random2' handled with status: 200
Route '/random2' handled with status: 200
Route '/random2' handled with status: 200
Route '/random2' handled with status: 200
Route '/random2' handled with status: 200
Route '/random2' handled with status: 200
Route '/random2' handled with status: 200
Route '/random2' handled with status: 200
Route '/random2' handled with status: 200
Route '/random2' handled with status: 200
Route '/random2' handled with status: 200
Route '/random2' handled with status: 200
Route '/random2' handled with status: 200
Route '/random2' handled with status: 200
Route '/random2' handled with status: 200
Route '/random2' handled with status: 200
Route '/random2' handled with status: 200
Route '/random2' handled with status: 200
Route '/random2' handled with status: 200
Route '/random2' handled with status: 200
Route '/random2' handled with status: 200
Route '/random2' handled with status: 200
Route '/random2' handled with status: 200
Route '/random2' handled with status: 200
Route '/random2' handled with status: 200
Route '/random2' handled with status: 200
Route '/random2' handled with status: 200
Route '/random2' handled with status: 200
Route '/random2' handled with status: 200
Route '/random2' handled with status: 200
Route '/random2' handled with status: 200
Route '/random2' handled with status: 200
Route '/random2' handled with status: 200
Route '/random2' handled with status: 200
Route '/random2' handled with status: 200
Route '/random2' handled with status: 200
Route '/random2' handled with status: 200
Route '/random2' handled with status: 200
Route '/random2' handled with status: 200
Route '/random2' handled with status: 200
Route '/random2' handled with status: 200
Route '/random2' handled with status: 200
Route '/random2' handled with status: 200
Route '/random2' handled with status: 200
Route '/random2' handled with status: 200
Route '/random2' handled with status: 200
Route '/random2' handled with status: 200
Route '/random2' handled with status: 200
Route '/random2' handled with status: 200
Route '/random2' handled with status: 200
Route '/random2' handled with status: 200
Route '/random2' handled with status: 200
Route '/random2' handled with status: 200
Route '/random2' handled with status: 200
Route '/random2' handled with status: 200
Route '/random2' handled with status: 200
Route '/random2' handled with status: 200
Route '/random2' handled with status: 200
Route '/random2' handled with status: 200
Route '/random2' handled with status: 200
Route '/random2' handled with status: 200
Route '/random2' handled with status: 200
Route '/random2' handled with status: 200
Route '/random2' handled with status: 200
Route '/random2' handled with status: 200
Route '/random2' handled with status: 200
Route '/random2' handled with status: 200
Route '/random2' handled with status: 200
Route '/random2' handled with status: 200
Route '/random2' handled with status: 200
Route '/random2' handled with status: 200
Route '/random2' handled with status: 200
Route '/random2' handled with status: 200
Route '/random2' handled with status: 200
Route '/random2' handled with status: 200
Route '/random2' handled with status: 200
Route '/random2' handled with status: 200
Route '/random2' handled with status: 200
Route '/random2' handled with status: 200
Route '/random2' handled with status: 200
Route '/random2' handled with status: 200
Route '/random2' handled with status: 200
Route '/random2' handled with status: 200
Route '/random2' handled with status: 200
Route '/random2' handled with status: 200
Route '/random2' handled with status: 200
Route '/random2' handled with status: 200
Route '/random2' handled with status: 200
Route '/random2' handled with status: 200
Route '/random2' handled with status: 200
Route '/random2' handled with status: 200
Route '/random2' handled with status: 200
Route '/random2' handled with status: 200
Route '/random2' handled with status: 200
Route '/random2' handled with status: 200
Route '/random2' handled with status: 200
Route '/random2' handled with status: 200
Route '/random2' handled with status: 200
Route '/random2' handled with status: 200
Route '/random2' handled with status: 200
Route '/random2' handled with status: 200
Route '/random2' handled with status: 200
Route '/random2' handled with status: 200
Route '/random2' handled with status: 200
Route '/random2' handled with status: 200
Route '/random2' handled with status: 200
Route '/random2' handled with status: 200
Route '/random2' handled with status: 200
Route '/random2' handled with status: 200
Route '/random2' handled with status: 200
Route '/random2' handled with status: 200
Route '/random2' handled with status: 200
Route '/random2' handled with status: 200
Route '/random2' handled with status: 200
Route '/random2' handled with status: 200
Route '/random2' handled with status: 200
Route '/random2' handled with status: 200
Route '/random2' handled with status: 200
Route '/random2' handled with status: 200
Route '/random2' handled with status: 200
Route '/random2' handled with status: 200
Route '/random2' handled with status: 200
Route '/random2' handled with status: 200
Route '/random2' handled with status: 200
Route '/random2' handled with status: 200
Route '/random2' handled with status: 200
Route '/random2' handled with status: 200
Route '/random2' handled with status: 200
Route '/random2' handled with status: 200
Route '/random2' handled with status: 200
Route '/random2' handled with status: 200
Route '/random2' handled with status: 200
Route '/random2' handled with status: 200
Route '/random2' handled with status: 200
Route '/random2' handled with status: 200
Route '/random2' handled with status: 200
Route '/random2' handled with status: 200
Route '/random2' handled with status: 200
Route '/random2' handled with status: 200
Route '/random2' handled with status: 200
Route '/random2' handled with status: 200
Route '/random2' handled with status: 200
Route '/random2' handled with status: 200
Route '/random2' handled with status: 200
Route '/random2' handled with status: 200
Route '/random2' handled with status: 200
Route '/random2' handled with status: 200
Route '/random2' handled with status: 200
Route '/random2' handled with status: 200
Route '/random2' handled with status: 200
Route '/random2' handled with status: 200
Route '/random2' handled with status: 200
Route '/random2' handled with status: 200
Route '/random2' handled with status: 200
Route '/random2' handled with status: 200
Route '/random2' handled with status: 200
Route '/random2' handled with status: 200
Route '/random2' handled with status: 200
Route '/random2' handled with status: 200
Route '/random2' handled with status: 200
Route '/random2' handled with status: 200
Route '/random2' handled with status: 200
Route '/random2' handled with status: 200
Route '/random2' handled with status: 200
Route '/random2' handled with status: 200
Route '/random2' handled with status: 200
Route '/random2' handled with status: 200
Route '/random2' handled with status: 200
Route '/random2' handled with status: 200
Route '/random2' handled with status: 200
Route '/random2' handled with status: 200
Route '/random2' handled with status: 200
Route '/random2' handled with status: 200
Route '/random2' handled with status: 200
Route '/random2' handled with status: 200
Route '/random2' handled with status: 200
Route '/random2' handled with status: 200
Route '/random2' handled with status: 200
Route '/random2' handled with status: 200
Route '/random2' handled with status: 200
Route '/random2' handled with status: 200
Route '/random2' handled with status: 200
Route '/random2' handled with status: 200
Route '/random2' handled with status: 200
Route '/random2' handled with status: 200
Route '/random2' handled with status: 200
Route '/random2' handled with status: 200
Route '/random2' handled with status: 200
Route '/random2' handled with status: 200
Route '/random2' handled with status: 200
Route '/random2' handled with status: 200
Route '/random2' handled with status: 200
Route '/random2' handled with status: 200
Route '/random2' handled with status: 200
Route '/random2' handled with status: 200
Route '/random2' handled with status: 200
Route '/random2' handled with status: 200
Route '/random2' handled with status: 200
Route '/random2' handled with status: 200
Route '/random2' handled with status: 200
Route '/random2' handled with status: 200
Route '/random2' handled with status: 200
Route '/random2' handled with status: 200
Route '/random2' handled with status: 200
Route '/random2' handled with status: 200
Route '/random2' handled with status: 200
Route '/random2' handled with status: 200
Route '/random2' handled with status: 200
Route '/random2' handled with status: 200
Route '/random2' handled with status: 200
Route '/random2' handled with status: 200
Route '/random2' handled with status: 200
Route '/random2' handled with status: 200
Route '/random2' handled with status: 200
Route '/random2' handled with status: 200
Route '/random2' handled with status: 200
Route '/random2' handled with status: 200
Route '/random2' handled with status: 200
Route '/random2' handled with status: 200
Route '/random2' handled with status: 200
Route '/random2' handled with status: 200
Route '/random2' handled with status: 200
Route '/random2' handled with status: 200
Route '/random2' handled with status: 200
Route '/random2' handled with status: 200
Route '/random2' handled with status: 200
Route '/random2' handled with status: 200
Route '/random2' handled with status: 200
Route '/random2' handled with status: 200
Route '/random2' handled with status: 200
Route '/random2' handled with status: 200
Route '/random2' handled with status: 200
Route '/random2' handled with status: 200
Route '/random2' handled with status: 200
Route '/random2' handled with status: 200
Route '/random2' handled with status: 200
Route '/random2' handled with status: 200
Route '/random2' handled with status: 200
Route '/random2' handled with status: 200
Route '/random2' handled with status: 200
Route '/random2' handled with status: 200
Route '/random2' handled with status: 200
Route '/random2' handled with status: 200
Route '/random2' handled with status: 200
Route '/random2' handled with status: 200
Route '/random2' handled with status: 200
Route '/random2' handled with status: 200
Route '/random2' handled with status: 200
Route '/random2' handled with status: 200
Route '/random2' handled with status: 200
Route '/random2' handled with status: 200
Route '/random2' handled with status: 200
Route '/random2' handled with status: 200
Route '/random2' handled with status: 200
Route '/random2' handled with status: 200
Route '/random2' handled with status: 200
Route '/random2' handled with status: 200
Route '/random2' handled with status: 200
Route '/random2' handled with status: 200
Route '/random2' handled with status: 200
Route '/random2' handled with status: 200
Route '/random2' handled with status: 200
Route '/random2' handled with status: 200
Route '/random2' handled with status: 200
Route '/random2' handled with status: 200
Route '/random2' handled with status: 200
Route '/random2' handled with status: 200
Route '/random2' handled with status: 200
Route '/random2' handled with status: 200
Route '/random2' handled with status: 200
Route '/random2' handled with status: 200
Route '/random2' handled with status: 200
Route '/random2' handled with status: 200
Route '/random2' handled with status: 200
Route '/random2' handled with status: 200
Route '/random2' handled with status: 200
Route '/random2' handled with status: 200
Route '/random2' handled with status: 200
Route '/random2' handled with status: 200
Route '/random2' handled with status: 200
Route '/random2' handled with status: 200
Route '/random2' handled with status: 200
Route '/random2' handled with status: 200
Route '/random2' handled with status: 200
Route '/random2' handled with status: 200
Route '/random2' handled with status: 200
Route '/random2' handled with status: 200
Route '/random2' handled with status: 200
Route '/random2' handled with status: 200
Route '/random2' handled with status: 200
Route '/random2' handled with status: 200
Route '/random2' handled with status: 200
Route '/random2' handled with status: 200
Route '/random2' handled with status: 200
Route '/random2' handled with status: 200
Route '/random2' handled with status: 200
Route '/random2' handled with status: 200
Route '/random2' handled with status: 200
Route '/random2' handled with status: 200
Route '/random2' handled with status: 200
Route '/random2' handled with status: 200
Route '/random2' handled with status: 200
Route '/random2' handled with status: 200
Route '/random2' handled with status: 200
Route '/random2' handled with status: 200
Route '/random2' handled with status: 200
Route '/random2' handled with status: 200
Route '/random2' handled with status: 200
Route '/random2' handled with status: 200
Route '/random2' handled with status: 200
Route '/random2' handled with status: 200
Route '/random2' handled with status: 200
Route '/random2' handled with status: 200
Route '/random2' handled with status: 200
Route '/random2' handled with status: 200
Route '/random2' handled with status: 200
Route '/random2' handled with status: 200
Route '/random2' handled with status: 200
Route '/random2' handled with status: 200
Route '/random2' handled with status: 200
Route '/random2' handled with status: 200
Route '/random2' handled with status: 200
Route '/random2' handled with status: 200
Route '/random2' handled with status: 200
Route '/random2' handled with status: 200
Route '/random2' handled with status: 200
Route '/random2' handled with status: 200
Route '/random2' handled with status: 200
Route '/random2' handled with status: 200
Route '/random2' handled with status: 200
Route '/random2' handled with status: 200
Route '/random2' handled with status: 200
Route '/random2' handled with status: 200
Route '/random2' handled with status: 200
Route '/random2' handled with status: 200
Route '/random2' handled with status: 200
Route '/random2' handled with status: 200
Route '/random2' handled with status: 200
Route '/random2' handled with status: 200
Route '/random2' handled with status: 200
Route '/random2' handled with status: 200
Route '/random2' handled with status: 200
Route '/random2' handled with status: 200
Route '/random2' handled with status: 200
Route '/random2' handled with status: 200
Route '/random2' handled with status: 200
Route '/random2' handled with status: 200
Route '/random2' handled with status: 200
Route '/random2' handled with status: 200
Route '/random2' handled with status: 200
Route '/random2' handled with status: 200
Route '/random2' handled with status: 200
Route '/random2' handled with status: 200
Route '/random2' handled with status: 200
Route '/random2' handled with status: 200
Route '/random2' handled with status: 200
Route '/random2' handled with status: 200
Route '/random2' handled with status: 200
Route '/random2' handled with status: 200
Route '/random2' handled with status: 200
Route '/random2' handled with status: 200
Route '/random2' handled with status: 200
Route '/random2' handled with status: 200
Route '/random2' handled with status: 200
Route '/random2' handled with status: 200
Route '/random2' handled with status: 200
Route '/random2' handled with status: 200
Route '/random2' handled with status: 200
Route '/random2' handled with status: 200
Route '/random2' handled with status: 200
Route '/random2' handled with status: 200
Route '/random2' handled with status: 200
Route '/random2' handled with status: 200
Route '/random2' handled with status: 200
Route '/random2' handled with status: 200
Route '/random2' handled with status: 200
Route '/random2' handled with status: 200
Route '/random2' handled with status: 200
Route '/random2' handled with status: 200
Route '/random2' handled with status: 200
Route '/random2' handled with status: 200
Route '/random2' handled with status: 200
Route '/random2' handled with status: 200
Route '/random2' handled with status: 200
Route '/random2' handled with status: 200
Route '/random2' handled with status: 200
Route '/random2' handled with status: 200
Route '/random2' handled with status: 200
Route '/random2' handled with status: 200
Route '/random2' handled with status: 200
Route '/random2' handled with status: 200
Route '/random2' handled with status: 200
Route '/random2' handled with status: 200
Route '/random2' handled with status: 200
Route '/random2' handled with status: 200
Route '/random2' handled with status: 200
Route '/random2' handled with status: 200
Route '/random2' handled with status: 200
Route '/random2' handled with status: 200
Route '/random2' handled with status: 200
Route '/random2' handled with status: 200
Route '/random2' handled with status: 200
Route '/random2' handled with status: 200
Route '/random2' handled with status: 200
Route '/random2' handled with status: 200
Route '/random2' handled with status: 200
Route '/random2' handled with status: 200
Route '/random2' handled with status: 200
Route '/random2' handled with status: 200
Route '/random2' handled with status: 200
Route '/random2' handled with status: 200
Route '/random2' handled with status: 200
Route '/random2' handled with status: 200
Route '/random2' handled with status: 200
Route '/random2' handled with status: 200
Route '/random2' handled with status: 200
Route '/random2' handled with status: 200
Route '/random2' handled with status: 200
Route '/random2' handled with status: 200
Route '/random2' handled with status: 200
Route '/random2' handled with status: 200
Route '/random2' handled with status: 200
Route '/random2' handled with status: 200
Route '/random2' handled with status: 200
Route '/random2' handled with status: 200
Route '/random2' handled with status: 200
Route '/random2' handled with status: 200
Route '/random2' handled with status: 200
Route '/random2' handled with status: 200
Route '/random2' handled with status: 200
Route '/random2' handled with status: 200
Route '/random2' handled with status: 200
Route '/random2' handled with status: 200
Route '/random2' handled with status: 200
Route '/random2' handled with status: 200
Route '/random2' handled with status: 200
Route '/random2' handled with status: 200
Route '/random2' handled with status: 200
Route '/random2' handled with status: 200
Route '/random2' handled with status: 200
Route '/random2' handled with status: 200
Route '/random2' handled with status: 200
Route '/random2' handled with status: 200
Route '/random2' handled with status: 200
Route '/random2' handled with status: 200
Route '/random2' handled with status: 200
Route '/random2' handled with status: 200
Route '/random2' handled with status: 200
Route '/random2' handled with status: 200
Route '/random2' handled with status: 200
Route '/random2' handled with status: 200
Route '/random2' handled with status: 200
Route '/random2' handled with status: 200
Route '/random2' handled with status: 200
Route '/random2' handled with status: 200
Route '/random2' handled with status: 200
Route '/random2' handled with status: 200
Route '/random2' handled with status: 200
Route '/random2' handled with status: 200
Route '/random2' handled with status: 200
Route '/random2' handled with status: 200
Route '/random2' handled with status: 200
Route '/random2' handled with status: 200
Route '/random2' handled with status: 200
Route '/random2' handled with status: 200
Route '/random2' handled with status: 200
Route '/random2' handled with status: 200
Route '/random2' handled with status: 200
Route '/random2' handled with status: 200
Route '/random2' handled with status: 200
Route '/random2' handled with status: 200
Route '/random2' handled with status: 200
Route '/random2' handled with status: 200
Route '/random2' handled with status: 200
Route '/random2' handled with status: 200
Route '/random2' handled with status: 200
Route '/random2' handled with status: 200
Route '/random2' handled with status: 200
Route '/random2' handled with status: 200
Route '/random2' handled with status: 200
Route '/random2' handled with status: 200
Route '/random2' handled with status: 200
Route '/random2' handled with status: 200
Route '/random2' handled with status: 200
Route '/random2' handled with status: 200
Route '/random2' handled with status: 200
Route '/random2' handled with status: 200
Route '/random2' handled with status: 200
Route '/random2' handled with status: 200
Route '/random2' handled with status: 200
Route '/random2' handled with status: 200
Route '/random2' handled with status: 200
Route '/random2' handled with status: 200
Route '/random2' handled with status: 200
Route '/random2' handled with status: 200
Route '/random2' handled with status: 200
Route '/random2' handled with status: 200
Route '/random2' handled with status: 200
Route '/random2' handled with status: 200
Route '/random2' handled with status: 200
Route '/random2' handled with status: 200
Route '/random2' handled with status: 200
Route '/random2' handled with status: 200
Route '/random2' handled with status: 200
Route '/random2' handled with status: 200
Route '/random2' handled with status: 200
Route '/random2' handled with status: 200
Route '/random2' handled with status: 200
Route '/random2' handled with status: 200
Route '/random2' handled with status: 200
Route '/random2' handled with status: 200
Route '/random2' handled with status: 200
Route '/random2' handled with status: 200
Route '/random2' handled with status: 200
Route '/random2' handled with status: 200
Route '/random2' handled with status: 200
Route '/random2' handled with status: 200
Route '/random2' handled with status: 200
Route '/random2' handled with status: 200
Route '/random2' handled with status: 200
Route '/random2' handled with status: 200
Route '/random2' handled with status: 200
Route '/random2' handled with status: 200
Route '/random2' handled with status: 200
Route '/random2' handled with status: 200
Route '/random2' handled with status: 200
Route '/random2' handled with status: 200
Route '/random2' handled with status: 200
Route '/random2' handled with status: 200
Route '/random2' handled with status: 200
Route '/random2' handled with status: 200
Route '/random2' handled with status: 200
Route '/random2' handled with status: 200
Route '/random2' handled with status: 200
Route '/random2' handled with status: 200
Route '/random2' handled with status: 200
Route '/random2' handled with status: 200
Route '/random2' handled with status: 200
Route '/random2' handled with status: 200
Route '/random2' handled with status: 200
Route '/random2' handled with status: 200
Route '/random2' handled with status: 200
Route '/random2' handled with status: 200
Route '/random2' handled with status: 200
Route '/random2' handled with status: 200
Route '/random2' handled with status: 200
Route '/random2' handled with status: 200
Route '/random2' handled with status: 200
Route '/random2' handled with status: 200
Route '/random2' handled with status: 200
Route '/random2' handled with status: 200
Route '/random2' handled with status: 200
Route '/random2' handled with status: 200
Route '/random2' handled with status: 200
Route '/random2' handled with status: 200
Route '/random2' handled with status: 200
Route '/random2' handled with status: 200
Route '/random2' handled with status: 200
Route '/random2' handled with status: 200
Route '/random2' handled with status: 200
Route '/random2' handled with status: 200
Route '/random2' handled with status: 200
Route '/random2' handled with status: 200
Route '/random2' handled with status: 200
Route '/random2' handled with status: 200
Route '/random2' handled with status: 200
Route '/random2' handled with status: 200
Route '/random2' handled with status: 200
Route '/random2' handled with status: 200
Route '/random2' handled with status: 200
Route '/random2' handled with status: 200
Route '/random2' handled with status: 200
Route '/random2' handled with status: 200
Route '/random2' handled with status: 200
Route '/random2' handled with status: 200
Route '/random2' handled with status: 200
Route '/random2' handled with status: 200
Route '/random2' handled with status: 200
Route '/random2' handled with status: 200
Route '/random2' handled with status: 200
Route '/random2' handled with status: 200
Route '/random2' handled with status: 200
Route '/random2' handled with status: 200
Route '/random2' handled with status: 200
Route '/random2' handled with status: 200
Route '/random2' handled with status: 200
Route '/random2' handled with status: 200
Route '/random2' handled with status: 200
Route '/random2' handled with status: 200
Route '/random2' handled with status: 200
Route '/random2' handled with status: 200
Route '/random2' handled with status: 200
Route '/random2' handled with status: 200
Route '/random2' handled with status: 200
Route '/random2' handled with status: 200
Route '/random2' handled with status: 200
Route '/random2' handled with status: 200
Route '/random2' handled with status: 200
Route '/random2' handled with status: 200
Route '/random2' handled with status: 200
Route '/random2' handled with status: 200
Route '/random2' handled with status: 200
Route '/random2' handled with status: 200
Route '/random2' handled with status: 200
Route '/random2' handled with status: 200
Route '/random2' handled with status: 200
Route '/random2' handled with status: 200
Route '/random2' handled with status: 200
Route '/random2' handled with status: 200
Route '/random2' handled with status: 200
Route '/random2' handled with status: 200
Route '/random2' handled with status: 200
Route '/random2' handled with status: 200
Route '/random2' handled with status: 200
Route '/random2' handled with status: 200
Route '/random2' handled with status: 200
Route '/random2' handled with status: 200
Route '/random2' handled with status: 200
Route '/random2' handled with status: 200
Route '/random2' handled with status: 200
Route '/random2' handled with status: 200
Route '/random2' handled with status: 200
Route '/random2' handled with status: 200
Route '/random2' handled with status: 200
Route '/random2' handled with status: 200
Route '/random2' handled with status: 200
Route '/random2' handled with status: 200
Route '/random2' handled with status: 200
Route '/random2' handled with status: 200
Route '/random2' handled with status: 200
Route '/random2' handled with status: 200
Route '/random2' handled with status: 200
Route '/random2' handled with status: 200
Route '/random2' handled with status: 200
Route '/random2' handled with status: 200
Route '/random2' handled with status: 200
Route '/random2' handled with status: 200
Route '/random2' handled with status: 200
Route '/random2' handled with status: 200
Route '/random2' handled with status: 200
Route '/random2' handled with status: 200
Route '/random2' handled with status: 200
Route '/random2' handled with status: 200
Route '/random2' handled with status: 200
Route '/random2' handled with status: 200
Route '/random2' handled with status: 200
Route '/random2' handled with status: 200
Route '/random2' handled with status: 200
Route '/random2' handled with status: 200
Route '/random2' handled with status: 200
Route '/random2' handled with status: 200
Route '/random2' handled with status: 200
Route '/random2' handled with status: 200
Route '/random2' handled with status: 200
Route '/random2' handled with status: 200
Route '/random2' handled with status: 200
Route '/random2' handled with status: 200
Route '/random2' handled with status: 200
Route '/random2' handled with status: 200
Route '/random2' handled with status: 200
Route '/random2' handled with status: 200
Route '/random2' handled with status: 200
Route '/random2' handled with status: 200
Route '/random2' handled with status: 200
Route '/random2' handled with status: 200
Route '/random2' handled with status: 200
Route '/random2' handled with status: 200
Route '/random2' handled with status: 200
Route '/random2' handled with status: 200
Route '/random2' handled with status: 200
Route '/random2' handled with status: 200
Route '/random2' handled with status: 200
Route '/random2' handled with status: 200
Route '/random2' handled with status: 200
Route '/random2' handled with status: 200
Route '/random2' handled with status: 200
Route '/random2' handled with status: 200
Route '/random2' handled with status: 200
Route '/random2' handled with status: 200
Route '/random2' handled with status: 200
Route '/random2' handled with status: 200
Route '/random2' handled with status: 200
Route '/random2' handled with status: 200
Route '/random2' handled with status: 200
Route '/random2' handled with status: 200
Route '/random2' handled with status: 200
Route '/random2' handled with status: 200
Route '/random2' handled with status: 200
Route '/random2' handled with status: 200
Route '/random2' handled with status: 200
Route '/random2' handled with status: 200
Route '/random2' handled with status: 200
Route '/random2' handled with status: 200
Route '/random2' handled with status: 200
Route '/random2' handled with status: 200
Route '/random2' handled with status: 200
Route '/random2' handled with status: 200
Route '/random2' handled with status: 200
Route '/random2' handled with status: 200
Route '/random2' handled with status: 200
Route '/random2' handled with status: 200
Route '/random2' handled with status: 200
Route '/random2' handled with status: 200
Route '/random2' handled with status: 200
Route '/random2' handled with status: 200
Route '/random2' handled with status: 200
Route '/random2' handled with status: 200
Route '/random2' handled with status: 200
Route '/random2' handled with status: 200
Route '/random2' handled with status: 200
Route '/random2' handled with status: 200
Route '/random2' handled with status: 200
Route '/random2' handled with status: 200
Route '/random2' handled with status: 200
Route '/random2' handled with status: 200
Route '/random2' handled with status: 200
Route '/random2' handled with status: 200
Route '/random2' handled with status: 200
Route '/random2' handled with status: 200
Route '/random2' handled with status: 200
Route '/random2' handled with status: 200
Route '/random2' handled with status: 200
Route '/random2' handled with status: 200
Route '/random2' handled with status: 200
Route '/random2' handled with status: 200
Route '/random2' handled with status: 200
Route '/random2' handled with status: 200
Route '/random2' handled with status: 200
Route '/random2' handled with status: 200
Route '/random2' handled with status: 200
Route '/random2' handled with status: 200
Route '/random2' handled with status: 200
Route '/random2' handled with status: 200
Route '/random2' handled with status: 200
Route '/random2' handled with status: 200
Route '/random2' handled with status: 200
Route '/random2' handled with status: 200
Route '/random2' handled with status: 200
Route '/random2' handled with status: 200
Route '/random2' handled with status: 200
Route '/random2' handled with status: 200
Route '/random2' handled with status: 200
Route '/random2' handled with status: 200
Route '/random2' handled with status: 200
Route '/random2' handled with status: 200
Route '/random2' handled with status: 200
Route '/random2' handled with status: 200
Route '/random2' handled with status: 200
Route '/random2' handled with status: 200
Route '/random2' handled with status: 200
Route '/random2' handled with status: 200
Route '/random2' handled with status: 200
Route '/random2' handled with status: 200
Route '/random2' handled with status: 200
Route '/random2' handled with status: 200
Route '/random2' handled with status: 200
Route '/random2' handled with status: 200
Route '/random2' handled with status: 200
Route '/random2' handled with status: 200
Route '/random2' handled with status: 200
Route '/random2' handled with status: 200
Route '/random2' handled with status: 200
Route '/random2' handled with status: 200
Route '/random2' handled with status: 200
Route '/random2' handled with status: 200
Route '/random2' handled with status: 200
Route '/random2' handled with status: 200
Route '/random2' handled with status: 200
Route '/random2' handled with status: 200
Route '/random2' handled with status: 200
Route '/random2' handled with status: 200
Route '/random2' handled with status: 200
Route '/random2' handled with status: 200
Route '/random2' handled with status: 200
Route '/random2' handled with status: 200
Route '/random2' handled with status: 200
Route '/random2' handled with status: 200
Route '/random2' handled with status: 200
Route '/random2' handled with status: 200
Route '/random2' handled with status: 200
Route '/random2' handled with status: 200
Route '/random2' handled with status: 200
Route '/random2' handled with status: 200
Route '/random2' handled with status: 200
Route '/random2' handled with status: 200
Route '/random2' handled with status: 200
Route '/random2' handled with status: 200
Route '/random2' handled with status: 200
Route '/random2' handled with status: 200
Route '/random2' handled with status: 200
Route '/random2' handled with status: 200
Route '/random2' handled with status: 200
Route '/random2' handled with status: 200
Route '/random2' handled with status: 200
Route '/random2' handled with status: 200
Route '/random2' handled with status: 200
Route '/random2' handled with status: 200
Route '/random2' handled with status: 200
Route '/random2' handled with status: 200
Route '/random2' handled with status: 200
Route '/random2' handled with status: 200
Route '/random2' handled with status: 200
Route '/random2' handled with status: 200
Route '/random2' handled with status: 200
Route '/random2' handled with status: 200
Route '/random2' handled with status: 200
Route '/random2' handled with status: 200
Route '/random2' handled with status: 200
Route '/random2' handled with status: 200
Route '/random2' handled with status: 200
Route '/random2' handled with status: 200
Route '/random2' handled with status: 200
Route '/random2' handled with status: 200
Route '/random2' handled with status: 200
Route '/random2' handled with status: 200
Route '/random2' handled with status: 200
Route '/random2' handled with status: 200
Route '/random2' handled with status: 200
Route '/random2' handled with status: 200
Route '/random2' handled with status: 200
Route '/random2' handled with status: 200
Route '/random2' handled with status: 200
Route '/random2' handled with status: 200
Route '/random2' handled with status: 200
Route '/random2' handled with status: 200
Route '/random2' handled with status: 200
Route '/random2' handled with status: 200
Route '/random2' handled with status: 200
Route '/random2' handled with status: 200
Route '/random2' handled with status: 200
Route '/random2' handled with status: 200
Route '/random2' handled with status: 200
Route '/random2' handled with status: 200
Route '/random2' handled with status: 200
Route '/random2' handled with status: 200
Route '/random2' handled with status: 200
Route '/random2' handled with status: 200
Route '/random2' handled with status: 200
Route '/random2' handled with status: 200
Route '/random2' handled with status: 200
Route '/random2' handled with status: 200
Route '/random2' handled with status: 200
Route '/random2' handled with status: 200
Route '/random2' handled with status: 200
Route '/random2' handled with status: 200
Route '/random2' handled with status: 200
Route '/random2' handled with status: 200
Route '/random2' handled with status: 200
Route '/random2' handled with status: 200
Route '/random2' handled with status: 200
Route '/random2' handled with status: 200
Route '/random2' handled with status: 200
Route '/random2' handled with status: 200
Route '/random2' handled with status: 200
Route '/random2' handled with status: 200
Route '/random2' handled with status: 200
Route '/random2' handled with status: 200
Route '/random2' handled with status: 200
Route '/random2' handled with status: 200
Route '/random2' handled with status: 200
Route '/random2' handled with status: 200
Route '/random2' handled with status: 200
Route '/random2' handled with status: 200
Route '/random2' handled with status: 200
Route '/random2' handled with status: 200
Route '/random2' handled with status: 200
Route '/random2' handled with status: 200
Route '/random2' handled with status: 200
Route '/random2' handled with status: 200
Route '/random2' handled with status: 200
Route '/random2' handled with status: 200
Route '/random2' handled with status: 200
Route '/random2' handled with status: 200
Route '/random2' handled with status: 200
Route '/random2' handled with status: 200
Route '/random2' handled with status: 200
Route '/random2' handled with status: 200
Route '/random2' handled with status: 200
Route '/random2' handled with status: 200
Route '/random2' handled with status: 200
Route '/random2' handled with status: 200
Route '/random2' handled with status: 200
Route '/random2' handled with status: 200
Route '/random2' handled with status: 200
Route '/random2' handled with status: 200
Route '/random2' handled with status: 200
Route '/random2' handled with status: 200
Route '/random2' handled with status: 200
Route '/random2' handled with status: 200
Route '/random2' handled with status: 200
Route '/random2' handled with status: 200
Route '/random2' handled with status: 200
Route '/random2' handled with status: 200
Route '/random2' handled with status: 200
Route '/random2' handled with status: 200
Route '/random2' handled with status: 200
Route '/random2' handled with status: 200
Route '/random2' handled with status: 200
Route '/random2' handled with status: 200
Route '/random2' handled with status: 200
Route '/random2' handled with status: 200
Route '/random2' handled with status: 200
Route '/random2' handled with status: 200
Route '/random2' handled with status: 200
Route '/random2' handled with status: 200
Route '/random2' handled with status: 200
Route '/random2' handled with status: 200
Route '/random2' handled with status: 200
Route '/random2' handled with status: 200
Route '/random2' handled with status: 200
Route '/random2' handled with status: 200
Route '/random2' handled with status: 200
Route '/random2' handled with status: 200
Route '/random2' handled with status: 200
Route '/random2' handled with status: 200
Route '/random2' handled with status: 200
Route '/random2' handled with status: 200
Route '/random2' handled with status: 200
Route '/random2' handled with status: 200
Route '/random2' handled with status: 200
Route '/random2' handled with status: 200
Route '/random2' handled with status: 200
Route '/random2' handled with status: 200
Route '/random2' handled with status: 200
Route '/.env' handled with status: 404
Route '/random2' handled with status: 200
Route '/random2' handled with status: 200
Route '/random2' handled with status: 200
Route '/random2' handled with status: 200
Route '/random2' handled with status: 200
Route '/random2' handled with status: 200
Route '/random2' handled with status: 200
Route '/random2' handled with status: 200
Route '/random2' handled with status: 200
Route '/random2' handled with status: 200
Route '/random2' handled with status: 200
Route '/random2' handled with status: 200
Route '/random2' handled with status: 200
Route '/random2' handled with status: 200
Route '/random2' handled with status: 200
Route '/random2' handled with status: 200
Route '/random2' handled with status: 200
Route '/random2' handled with status: 200
Route '/random2' handled with status: 200
Route '/random2' handled with status: 200
Route '/random2' handled with status: 200
Route '/random2' handled with status: 200
Route '/random2' handled with status: 200
Route '/random2' handled with status: 200
Route '/random2' handled with status: 200
Route '/random2' handled with status: 200
Route '/random2' handled with status: 200
Route '/random2' handled with status: 200
Route '/random2' handled with status: 200
Route '/random2' handled with status: 200
Route '/random2' handled with status: 200
Route '/random2' handled with status: 200
Route '/random2' handled with status: 200
Route '/random2' handled with status: 200
Route '/random2' handled with status: 200
Route '/random2' handled with status: 200
Route '/random2' handled with status: 200
Route '/random2' handled with status: 200
Route '/random2' handled with status: 200
Route '/random2' handled with status: 200
Route '/random2' handled with status: 200
Route '/random2' handled with status: 200
Route '/random2' handled with status: 200
Route '/random2' handled with status: 200
Route '/random2' handled with status: 200
Route '/random2' handled with status: 200
Route '/random2' handled with status: 200
Route '/random2' handled with status: 200
Route '/random2' handled with status: 200
Route '/random2' handled with status: 200
Route '/random2' handled with status: 200
Route '/random2' handled with status: 200
Route '/random2' handled with status: 200
Route '/random2' handled with status: 200
Route '/random2' handled with status: 200
Route '/random2' handled with status: 200
Route '/random2' handled with status: 200
Route '/random2' handled with status: 200
Route '/random2' handled with status: 200
Route '/random2' handled with status: 200
Route '/random2' handled with status: 200
Route '/random2' handled with status: 200
Route '/random2' handled with status: 200
Route '/random2' handled with status: 200
Route '/random2' handled with status: 200
Route '/random2' handled with status: 200
Route '/random2' handled with status: 200
Route '/random2' handled with status: 200
Route '/random2' handled with status: 200
Route '/random2' handled with status: 200
Route '/random2' handled with status: 200
Route '/random2' handled with status: 200
Route '/random2' handled with status: 200
Route '/random2' handled with status: 200
Route '/random2' handled with status: 200
Route '/random2' handled with status: 200
Route '/random2' handled with status: 200
Route '/random2' handled with status: 200
Route '/random2' handled with status: 200
Route '/random2' handled with status: 200
Route '/random2' handled with status: 200
Route '/random2' handled with status: 200
Route '/random2' handled with status: 200
Route '/random2' handled with status: 200
Route '/random2' handled with status: 200
Route '/random2' handled with status: 200
Route '/random2' handled with status: 200
Route '/random2' handled with status: 200
Route '/random2' handled with status: 200
Route '/random2' handled with status: 200
Route '/random2' handled with status: 200
Route '/random2' handled with status: 200
Route '/random2' handled with status: 200
Route '/random2' handled with status: 200
Route '/random2' handled with status: 200
Route '/random2' handled with status: 200
Route '/random2' handled with status: 200
Route '/random2' handled with status: 200
Route '/random2' handled with status: 200
Route '/random2' handled with status: 200
Route '/random2' handled with status: 200
Route '/random2' handled with status: 200
Route '/random2' handled with status: 200
Route '/random2' handled with status: 200
Route '/random2' handled with status: 200
Route '/random2' handled with status: 200
Route '/random2' handled with status: 200
Route '/random2' handled with status: 200
Route '/random2' handled with status: 200
Route '/random2' handled with status: 200
Route '/random2' handled with status: 200
Route '/random2' handled with status: 200
Route '/random2' handled with status: 200
Route '/random2' handled with status: 200
Route '/random2' handled with status: 200
Route '/random2' handled with status: 200
Route '/random2' handled with status: 200
Route '/random2' handled with status: 200
Route '/random2' handled with status: 200
Route '/random2' handled with status: 200
Route '/random2' handled with status: 200
Route '/random2' handled with status: 200
Route '/random2' handled with status: 200
Route '/random2' handled with status: 200
Route '/random2' handled with status: 200
Route '/random2' handled with status: 200
Route '/random2' handled with status: 200
Route '/random2' handled with status: 200
Route '/random2' handled with status: 200
Route '/random2' handled with status: 200
Route '/random2' handled with status: 200
Route '/random2' handled with status: 200
Route '/random2' handled with status: 200
Route '/random2' handled with status: 200
Route '/random2' handled with status: 200
Route '/random2' handled with status: 200
Route '/random2' handled with status: 200
Route '/random2' handled with status: 200
Route '/random2' handled with status: 200
Route '/random2' handled with status: 200
Route '/random2' handled with status: 200
Route '/random2' handled with status: 200
Route '/random2' handled with status: 200
Route '/random2' handled with status: 200
Route '/random2' handled with status: 200
Route '/random2' handled with status: 200
Route '/random2' handled with status: 200
Route '/random2' handled with status: 200
Route '/random2' handled with status: 200
Route '/random2' handled with status: 200
Route '/random2' handled with status: 200
Route '/random2' handled with status: 200
Route '/random2' handled with status: 200
Route '/random2' handled with status: 200
Route '/random2' handled with status: 200
Route '/random2' handled with status: 200
Route '/random2' handled with status: 200
Route '/random2' handled with status: 200
Route '/random2' handled with status: 200
Route '/random2' handled with status: 200
Route '/random2' handled with status: 200
Route '/random2' handled with status: 200
Route '/random2' handled with status: 200
Route '/random2' handled with status: 200
Route '/random2' handled with status: 200
Route '/random2' handled with status: 200
Route '/random2' handled with status: 200
Route '/random2' handled with status: 200
Route '/random2' handled with status: 200
Route '/random2' handled with status: 200
Route '/random2' handled with status: 200
Route '/random2' handled with status: 200
Route '/random2' handled with status: 200
Route '/random2' handled with status: 200
Route '/random2' handled with status: 200
Route '/random2' handled with status: 200
Route '/random2' handled with status: 200
Route '/random2' handled with status: 200
Route '/random2' handled with status: 200
Route '/random2' handled with status: 200
Route '/random2' handled with status: 200
Route '/random2' handled with status: 200
Route '/random2' handled with status: 200
Route '/random2' handled with status: 200
Route '/random2' handled with status: 200
Route '/random2' handled with status: 200
Route '/random2' handled with status: 200
Route '/random2' handled with status: 200
Route '/random2' handled with status: 200
Route '/random2' handled with status: 200
Route '/random2' handled with status: 200
Route '/random2' handled with status: 200
Route '/random2' handled with status: 200
Route '/random2' handled with status: 200
Route '/random2' handled with status: 200
Route '/random2' handled with status: 200
Route '/random2' handled with status: 200
Route '/random2' handled with status: 200
Route '/random2' handled with status: 200
Route '/random2' handled with status: 200
Route '/random2' handled with status: 200
Route '/random2' handled with status: 200
Route '/random2' handled with status: 200
Route '/random2' handled with status: 200
Route '/random2' handled with status: 200
Route '/random2' handled with status: 200
Route '/random2' handled with status: 200
Route '/random2' handled with status: 200
Route '/random2' handled with status: 200
Route '/random2' handled with status: 200
Route '/random2' handled with status: 200
Route '/random2' handled with status: 200
Route '/random2' handled with status: 200
Route '/random2' handled with status: 200
Route '/random2' handled with status: 200
Route '/random2' handled with status: 200
Route '/random2' handled with status: 200
Route '/random2' handled with status: 200
Route '/random2' handled with status: 200
Route '/random2' handled with status: 200
Route '/random2' handled with status: 200
Route '/random2' handled with status: 200
Route '/random2' handled with status: 200
Route '/random2' handled with status: 200
Route '/random2' handled with status: 200
Route '/random2' handled with status: 200
Route '/random2' handled with status: 200
Route '/random2' handled with status: 200
Route '/random2' handled with status: 200
Route '/random2' handled with status: 200
Route '/random2' handled with status: 200
Route '/random2' handled with status: 200
Route '/random2' handled with status: 200
Route '/random2' handled with status: 200
Route '/random2' handled with status: 200
Route '/random2' handled with status: 200
Route '/random2' handled with status: 200
Route '/random2' handled with status: 200
Route '/random2' handled with status: 200
Route '/random2' handled with status: 200
Route '/random2' handled with status: 200
Route '/random2' handled with status: 200
Route '/random2' handled with status: 200
Route '/random2' handled with status: 200
Route '/random2' handled with status: 200
Route '/random2' handled with status: 200
Route '/random2' handled with status: 200
Route '/random2' handled with status: 200
Route '/random2' handled with status: 200
Route '/random2' handled with status: 200
Route '/random2' handled with status: 200
Route '/random2' handled with status: 200
Route '/random2' handled with status: 200
Route '/random2' handled with status: 200
Route '/random2' handled with status: 200
Route '/random2' handled with status: 200
Route '/random2' handled with status: 200
Route '/random2' handled with status: 200
Route '/random2' handled with status: 200
Route '/random2' handled with status: 200
Route '/random2' handled with status: 200
Route '/random2' handled with status: 200
Route '/random2' handled with status: 200
Route '/random2' handled with status: 200
Route '/random2' handled with status: 200
Route '/random2' handled with status: 200
Route '/random2' handled with status: 200
Route '/random2' handled with status: 200
Route '/random2' handled with status: 200
Route '/random2' handled with status: 200
Route '/random2' handled with status: 200
Route '/random2' handled with status: 200
Route '/random2' handled with status: 200
Route '/random2' handled with status: 200
Route '/random2' handled with status: 200
Route '/random2' handled with status: 200
Route '/random2' handled with status: 200
Route '/random2' handled with status: 200
Route '/random2' handled with status: 200
Route '/random2' handled with status: 200
Route '/random2' handled with status: 200
Route '/random2' handled with status: 200
Route '/random2' handled with status: 200
Route '/random2' handled with status: 200
Route '/random2' handled with status: 200
Route '/random2' handled with status: 200
Route '/random2' handled with status: 200
Route '/random2' handled with status: 200
Route '/random2' handled with status: 200
Route '/random2' handled with status: 200
Route '/random2' handled with status: 200
Route '/random2' handled with status: 200
Route '/random2' handled with status: 200
Route '/random2' handled with status: 200
Route '/random2' handled with status: 200
Route '/random2' handled with status: 200
Route '/random2' handled with status: 200
Route '/random2' handled with status: 200
Route '/random2' handled with status: 200
Route '/random2' handled with status: 200
Route '/random2' handled with status: 200
Route '/random2' handled with status: 200
Route '/random2' handled with status: 200
Route '/random2' handled with status: 200
Route '/random2' handled with status: 200
Route '/random2' handled with status: 200
Route '/random2' handled with status: 200
Route '/random2' handled with status: 200
Route '/random2' handled with status: 200
Route '/random2' handled with status: 200
Route '/random2' handled with status: 200
Route '/random2' handled with status: 200
Route '/random2' handled with status: 200
Route '/random2' handled with status: 200
Route '/random2' handled with status: 200
Route '/random2' handled with status: 200
Route '/random2' handled with status: 200
Route '/random2' handled with status: 200
Route '/random2' handled with status: 200
Route '/random2' handled with status: 200
Route '/random2' handled with status: 200
Route '/random2' handled with status: 200
Route '/random2' handled with status: 200
Route '/random2' handled with status: 200
Route '/random2' handled with status: 200
Route '/random2' handled with status: 200
Route '/random2' handled with status: 200
Route '/random2' handled with status: 200
Route '/random2' handled with status: 200
Route '/random2' handled with status: 200
Route '/random2' handled with status: 200
Route '/random2' handled with status: 200
Route '/random2' handled with status: 200
Route '/random2' handled with status: 200
Route '/random2' handled with status: 200
Route '/random2' handled with status: 200
Route '/random2' handled with status: 200
Route '/random2' handled with status: 200
Route '/random2' handled with status: 200
Route '/login_sid.lua' handled with status: 404
Route '/' handled with status: 200
Route '/random2' handled with status: 200
Route '/random2' handled with status: 200
Route '/random2' handled with status: 200
Route '/random2' handled with status: 200
Route '/random2' handled with status: 200
Route '/random2' handled with status: 200
Route '/random2' handled with status: 200
Route '/random2' handled with status: 200
Route '/random2' handled with status: 200
Route '/random2' handled with status: 200
Route '/random2' handled with status: 200
Route '/random2' handled with status: 200
Route '/random2' handled with status: 200
Route '/random2' handled with status: 200
Route '/random2' handled with status: 200
Route '/random2' handled with status: 200
Route '/random2' handled with status: 200
Route '/random2' handled with status: 200
Route '/random2' handled with status: 200
Route '/random2' handled with status: 200
Route '/random2' handled with status: 200
Route '/random2' handled with status: 200
Route '/random2' handled with status: 200
Route '/sl_logger' handled with status: 200
Route '/random2' handled with status: 200
Route '/random2' handled with status: 200
Route '/random2' handled with status: 200
Route '/random2' handled with status: 200
Route '/random2' handled with status: 200
Route '/random2' handled with status: 200
Route '/random2' handled with status: 200
Route '/sl_logger' handled with status: 200
Route '/random2' handled with status: 200
Route '/random2' handled with status: 200
Route '/random2' handled with status: 200
Route '/random2' handled with status: 200
Route '/random2' handled with status: 200
Route '/random2' handled with status: 200
Route '/random2' handled with status: 200
Route '/random2' handled with status: 200
Route '/random2' handled with status: 200
Route '/random2' handled with status: 200
Route '/random2' handled with status: 200
Route '/random2' handled with status: 200
Route '/random2' handled with status: 200
Route '/sl_logger' handled with status: 200
Route '/random2' handled with status: 200
Route '/random2' handled with status: 200
Route '/random2' handled with status: 200
Route '/sl_logger' handled with status: 200
Route '/random2' handled with status: 200
Route '/random2' handled with status: 200
Route '/random2' handled with status: 200
Route '/sl_logger' handled with status: 200
Route '/random2' handled with status: 200
Route '/random2' handled with status: 200
Route '/random2' handled with status: 200
Route '/random2' handled with status: 200
Route '/random2' handled with status: 200
Route '/random2' handled with status: 200
Route '/random2' handled with status: 200
Route '/random2' handled with status: 200
Route '/random2' handled with status: 200
Route '/sl_logger' handled with status: 200
Route '/random2' handled with status: 200
Route '/random2' handled with status: 200
Route '/random2' handled with status: 200
Route '/random2' handled with status: 200
Route '/random2' handled with status: 200
Route '/random2' handled with status: 200
Route '/random2' handled with status: 200
Route '/random2' handled with status: 200
Route '/random2' handled with status: 200
Route '/sl_logger' handled with status: 200
Route '/random2' handled with status: 200
Route '/sl_logger' handled with status: 200
Route '/random2' handled with status: 200
Route '/random2' handled with status: 200
Route '/random2' handled with status: 200
Route '/random2' handled with status: 200
Route '/sl_logger' handled with status: 200
Route '/random2' handled with status: 200
Route '/random2' handled with status: 200
Route '/random2' handled with status: 200
Route '/random2' handled with status: 200
Route '/random2' handled with status: 200
Route '/random2' handled with status: 200
Route '/random2' handled with status: 200
Route '/random2' handled with status: 200
Route '/random2' handled with status: 200
Route '/random2' handled with status: 200
Route '/random2' handled with status: 200
Route '/random2' handled with status: 200
Route '/random2' handled with status: 200
Route '/random2' handled with status: 200
Route '/random2' handled with status: 200
Route '/random2' handled with status: 200
Route '/random2' handled with status: 200
Route '/random2' handled with status: 200
Route '/random2' handled with status: 200
Route '/random2' handled with status: 200
Route '/random2' handled with status: 200
Route '/random2' handled with status: 200
Route '/random2' handled with status: 200
Route '/random2' handled with status: 200
Route '/random2' handled with status: 200
Route '/random2' handled with status: 200
Route '/random2' handled with status: 200
Route '/random2' handled with status: 200
Route '/random2' handled with status: 200
Route '/random2' handled with status: 200
Route '/random2' handled with status: 200
Route '/random2' handled with status: 200
Route '/random2' handled with status: 200
Route '/random2' handled with status: 200
Route '/random2' handled with status: 200
Route '/random2' handled with status: 200
Route '/random2' handled with status: 200
Route '/random2' handled with status: 200
Route '/random2' handled with status: 200
Route '/random2' handled with status: 200
Route '/random2' handled with status: 200
Route '/.well-known/atproto-did' handled with status: 404
Route '/' handled with status: 200
Route '/robots.txt' handled with status: 404
Route '/' handled with status: 200
Route '/nmaplowercheck1788250087' handled with status: 404
Route '/sdk' handled with status: 404
Route '/CFIDE/componentutils/' handled with status: 404
Route '/dana-cached/hc/HostCheckerInstaller.osx' handled with status: 404
Route '/human.aspx' handled with status: 404
Route '/api/v2/about' handled with status: 404
Route '/evox/about' handled with status: 404
Route '/favicon.ico' handled with status: 404
Route '/HNAP1' handled with status: 404
Route '/' handled with status: 200
Route '/dana-na/nc/nc_gina_ver.txt' handled with status: 404
Route '/dniapi/userInfos' handled with status: 404
Route '/' handled with status: 200
Route '/webui' handled with status: 404
Route '/+CSCOE+/logon.html' handled with status: 404
Route '/confluence/rest/applinks/1.0/manifest' handled with status: 404
Route '/user' handled with status: 404
Route '/geoserver/index.html' handled with status: 404
Route '/ise/img/rm-logo_small.png' handled with status: 404
Route '/owa/' handled with status: 404
Route '/favicon.ico' handled with status: 404
Route '/geoserver/web/wicket/bookmarkable/org.geoserver.web.AboutGeoServerPage' handled with status: 404
Route '/geoserver/' handled with status: 404
Route '/magento_version' handled with status: 404
Route '/xml/info.xml' handled with status: 404
Route '/cgi-bin/info.cgi' handled with status: 404
Route '/Account/Login' handled with status: 404
Route '/dashboard/' handled with status: 404
Route '/helpdesk/WebObjects/Helpdesk.woa' handled with status: 404
Route '/cluster/list.query' handled with status: 404
Route '/fog/management/index.php' handled with status: 404
Route '/api/v1/check-version' handled with status: 404
Route '/images/logo.png' handled with status: 404
Route '/owa/' handled with status: 404
Route '/p/login/' handled with status: 404
Route '/phoenix/favicon.ico' handled with status: 404
Route '/apps/zxtm/login.cgi' handled with status: 404
Route '/language/en-GB/en-GB.xml' handled with status: 404
Route '/login.html' handled with status: 404
Route '/administrator/manifests/files/joomla.xml' handled with status: 404
Route '/webui/index.html' handled with status: 404
Route '/versa/login' handled with status: 404
Route '/info.asp' handled with status: 404
Route '/portal/' handled with status: 404
Route '/routes' handled with status: 404
Route '/assets/png/favicon-abe32304.png' handled with status: 404
Route '/allversions' handled with status: 404
Route '/ext-js/app/common/zld_product_spec.js' handled with status: 404
Route '/login/login.html' handled with status: 404
Route '/cgi-bin/param.cgi' handled with status: 404
Route '/versions' handled with status: 404
Route '/lms/db' handled with status: 404
Route '/tos/index.php' handled with status: 404
Route '/c/login' handled with status: 404
Route '/api/vip/i18n/api/v2/translation/products/vRNIUI/versions/1' handled with status: 404
Route '/r-seenet/index.php' handled with status: 404
Route '/App_Themes/Default/Images/favicon.ico' handled with status: 404
Route '/WebApp/js/UI_String.js' handled with status: 404
Route '/api/v1.0/environment' handled with status: 404
Route '/officescan/console/html/localization.js' handled with status: 404
Route '/cslu/v1/core/conf' handled with status: 404
Route '/login.aspx' handled with status: 404
Route '/IPCamDesc.xml' handled with status: 404
Route '/officescan/console/cgi/cgiChkMasterPwd.exe' handled with status: 404
Route '/kylin/' handled with status: 404
Route '/config' handled with status: 404
Route '/CHANGELOG.txt' handled with status: 404
Route '/images/logo.gif' handled with status: 404
Route '/admin/reports/status' handled with status: 404
Route '/assets/img/favicon.ico' handled with status: 404
Route '/centreon/api/latest/platform/versions' handled with status: 404
Route '/build.gradle' handled with status: 404
Route '/javascript/validation/OEM.js' handled with status: 404
Route '/pandora_console/' handled with status: 404
Route '/admin/reports/updates' handled with status: 404
Route '/workplace/home.action' handled with status: 404
Route '/pom.xml' handled with status: 404
Route '/webportal.cgi' handled with status: 404
Route '/css/eonweb.css' handled with status: 404
Route '/cgi-bin/authLogin.cgi' handled with status: 404
Route '/themes/admin/default/build/assets/favicon-19fbef86.svg' handled with status: 404
Route '/system/version/current' handled with status: 404
Route '/geoserver/web/' handled with status: 404
Route '/hx/api/about' handled with status: 404
Route '/css/elfinder.min.css' handled with status: 404
Route '/i18n/component/JS' handled with status: 404
Route '/api/v1/version' handled with status: 404
Route '/am_bin/amlogin' handled with status: 404
Route '/api/v3/meta' handled with status: 404
Route '/dashboard/favicon.ico' handled with status: 404
Route '/app/ui/login.jsp' handled with status: 404
Route '/login/' handled with status: 404
Route '/rs/application-about' handled with status: 404
Route '/MagicInfo/config.js' handled with status: 404
Route '/cgi-bin/luci' handled with status: 404
Route '/kubepi/fav.png' handled with status: 404
Route '/plugin/webs_model_cfg.js' handled with status: 404
Route '/photo/webapi/query.php' handled with status: 404
Route '/Main_Login.asp' handled with status: 404
Route '/nidp/app/login' handled with status: 404
Route '/json/login_session' handled with status: 404
Route '/metrics' handled with status: 404
Route '/public/static/favicon.png' handled with status: 404
Route '/index.html' handled with status: 404
Route '/core/auth/login/' handled with status: 404
Route '/api/v2/hoverfly/version' handled with status: 404
Route '/admin/config.php' handled with status: 404
Route '/main/main.html' handled with status: 404
Route '/about' handled with status: 404
Route '/ui/login.action' handled with status: 404
Route '/login' handled with status: 404
Route '/api/v1/info' handled with status: 404
Route '/assets/favicon.png' handled with status: 404
Route '/api/status' handled with status: 404
Route '/config_dump' handled with status: 404
Route '/index.do' handled with status: 404
Route '/agc/vicidial.php' handled with status: 404
Route '/~login' handled with status: 404
Route '/AppsHome.do' handled with status: 404
Route '/agent/vicidial.php' handled with status: 404
Route '/mailinspector/login.php' handled with status: 404
Route '/system/gwinfo' handled with status: 404
Route '/openapi.json' handled with status: 404
Route '/favicon.png' handled with status: 404
Route '/jtcgi/wte.pyc' handled with status: 404
Route '/decisioncenter-api/v1/about' handled with status: 404
Route '/nifi-api/flow/about' handled with status: 404
Route '/index.lua' handled with status: 404
Route '/info.htm' handled with status: 404
Route '/api-description' handled with status: 404
Route '/nifi/' handled with status: 404
Route '/cgi-bin/meteobridge.cgi' handled with status: 404
Route '/sys/en/neoclassic/login/login' handled with status: 404
Route '/v2' handled with status: 404
Route '/wp-content/plugins/post-smtp/readme.txt' handled with status: 404
Route '/sap/bc/ui2/flp' handled with status: 404
Route '/monitor/index.php/auth/login' handled with status: 404
Route '/management/v1/cluster/state' handled with status: 404
Route '/ignite' handled with status: 404
Route '/browser/index.html' handled with status: 404
Route '/help/en_US/Content/utm/utmAdminGuide/WebAdmin.htm' handled with status: 404
Route '/cgi-bin/getagent.cgi' handled with status: 404
Route '/api/v2.0/systeminfo' handled with status: 404
Route '/api/v1/cluster/summary' handled with status: 404
Route '/download/python/' handled with status: 404
Route '/api/system/status' handled with status: 404
Route '/nmc/rss/server' handled with status: 404
Route '/ScadaBR/login.htm' handled with status: 404
Route '/webpages/login.html' handled with status: 404
Route '/admin' handled with status: 404
Route '/angular.js' handled with status: 404
Route '/sms_mp/.sms_aut' handled with status: 404
Route '/rest/settings' handled with status: 404
Route '/_matrix/identity/v2' handled with status: 404
Route '/UOF/Login.aspx' handled with status: 404
Route '/rustfs/console/version' handled with status: 404
Route '/metasys/com/jci/metasys/MetasysProperties.properties' handled with status: 404
Route '/remote/login' handled with status: 404
Route '/scripts/languages/en-US.json' handled with status: 404
Route '/idexpert/' handled with status: 404
Route '/backend/banner' handled with status: 404
Route '/System/info/Public' handled with status: 404
Route '/application/login' handled with status: 404
Route '/pluginManager/api/json' handled with status: 404
Route '/health' handled with status: 404
Route '/giris' handled with status: 404
Route '/SV-Control/index.html' handled with status: 404
Route '/psp/ps/' handled with status: 404
Route '/login/login.cgi' handled with status: 404
Route '/login.htm' handled with status: 404
Route '/.env' handled with status: 404
Route '/' handled with status: 200
Route '/wp-json/' handled with status: 404
Route '/wp-json/' handled with status: 404
Route '/index.php' handled with status: 404
Route '/index.php' handled with status: 404
Route '/index.php' handled with status: 404
Route '/' handled with status: 405
Route '/index.php' handled with status: 404
Route '/' handled with status: 405
Route '/' handled with status: 405
Route '/wp-json/batch/v1' handled with status: 404
Route '/' handled with status: 405
Route '/wp-json/Batch/v1' handled with status: 404
Route '/' handled with status: 405
Route '/' handled with status: 405
Route '/wp-json/batch/v1' handled with status: 404
Route '/wp-json/Batch/v1' handled with status: 404
Route '//wp-json/batch/v1' handled with status: 404
Route '/wp-json/batch/v1/' handled with status: 404
Route '/blog/wp-json/batch/v1' handled with status: 404
Route '/wordpress/wp-json/batch/v1' handled with status: 404
Route '/index.php' handled with status: 404
Route '/index.php' handled with status: 404
Route '/' handled with status: 405
Route '/' handled with status: 405
Route '//wp-json/batch/v1' handled with status: 404
Route '/' handled with status: 405
Route '/wp-json/batch/v1/' handled with status: 404
Route '/wp-json/batch/v1' handled with status: 404
Route '/blog/wp-json/batch/v1' handled with status: 404
Route '/wp-json/Batch/v1' handled with status: 404
Route '/wordpress/wp-json/batch/v1' handled with status: 404
Route '//wp-json/batch/v1' handled with status: 404
Route '/index.php' handled with status: 404
Route '/wp-json/batch/v1/' handled with status: 404
Route '/index.php' handled with status: 404
Route '/blog/wp-json/batch/v1' handled with status: 404
Route '/' handled with status: 405
Route '/wordpress/wp-json/batch/v1' handled with status: 404
Route '/' handled with status: 405
Route '/index.php' handled with status: 404
Route '/' handled with status: 405
Route '/index.php' handled with status: 404
Route '/wp-json/batch/v1' handled with status: 404
Route '/' handled with status: 405
Route '/wp-json/Batch/v1' handled with status: 404
Route '/' handled with status: 405
Route '//wp-json/batch/v1' handled with status: 404
Route '/' handled with status: 405
Route '/wp-json/batch/v1/' handled with status: 404
Route '/wp-json/batch/v1' handled with status: 404
Route '/blog/wp-json/batch/v1' handled with status: 404
Route '/wp-json/Batch/v1' handled with status: 404
Route '/wordpress/wp-json/batch/v1' handled with status: 404
Route '//wp-json/batch/v1' handled with status: 404
Route '/index.php' handled with status: 404
Route '/wp-json/batch/v1/' handled with status: 404
Route '/index.php' handled with status: 404
Route '/blog/wp-json/batch/v1' handled with status: 404
Route '/' handled with status: 405
Route '/wordpress/wp-json/batch/v1' handled with status: 404
Route '/' handled with status: 405
Route '/index.php' handled with status: 404
Route '/' handled with status: 405
Route '/index.php' handled with status: 404
Route '/wp-json/batch/v1' handled with status: 404
Route '/' handled with status: 405
Route '/wp-json/Batch/v1' handled with status: 404
Route '/' handled with status: 405
Route '//wp-json/batch/v1' handled with status: 404
Route '/' handled with status: 405
Route '/wp-json/batch/v1/' handled with status: 404
Route '/wp-json/batch/v1' handled with status: 404
Route '/blog/wp-json/batch/v1' handled with status: 404
Route '/wp-json/Batch/v1' handled with status: 404
Route '/wordpress/wp-json/batch/v1' handled with status: 404
Route '//wp-json/batch/v1' handled with status: 404
Route '/index.php' handled with status: 404
Route '/wp-json/batch/v1/' handled with status: 404
Route '/index.php' handled with status: 404
Route '/blog/wp-json/batch/v1' handled with status: 404
Route '/' handled with status: 405
Route '/wordpress/wp-json/batch/v1' handled with status: 404
Route '/' handled with status: 405
Route '/index.php' handled with status: 404
Route '/' handled with status: 405
Route '/index.php' handled with status: 404
Route '/wp-json/batch/v1' handled with status: 404
Route '/' handled with status: 405
Route '/wp-json/Batch/v1' handled with status: 404
Route '/' handled with status: 405
Route '//wp-json/batch/v1' handled with status: 404
Route '/' handled with status: 405
Route '/wp-json/batch/v1/' handled with status: 404
Route '/wp-json/batch/v1' handled with status: 404
Route '/blog/wp-json/batch/v1' handled with status: 404
Route '/wp-json/Batch/v1' handled with status: 404
Route '/wordpress/wp-json/batch/v1' handled with status: 404
Route '//wp-json/batch/v1' handled with status: 404
Route '/index.php' handled with status: 404
Route '/wp-json/batch/v1/' handled with status: 404
Route '/index.php' handled with status: 404
Route '/blog/wp-json/batch/v1' handled with status: 404
Route '/' handled with status: 405
Route '/wordpress/wp-json/batch/v1' handled with status: 404
Route '/index.php' handled with status: 404
Route '/' handled with status: 405
Route '/' handled with status: 405
Route '/index.php' handled with status: 404
Route '/wp-json/batch/v1' handled with status: 404
Route '/' handled with status: 405
Route '/wp-json/Batch/v1' handled with status: 404
Route '/' handled with status: 405
Route '//wp-json/batch/v1' handled with status: 404
Route '/' handled with status: 405
Route '/wp-json/batch/v1/' handled with status: 404
Route '/wp-json/batch/v1' handled with status: 404
Route '/blog/wp-json/batch/v1' handled with status: 404
Route '/wp-json/Batch/v1' handled with status: 404
Route '/wordpress/wp-json/batch/v1' handled with status: 404
Route '/index.php' handled with status: 404
Route '/index.php' handled with status: 404
Route '/' handled with status: 405
Route '/' handled with status: 405
Route '/' handled with status: 405
Route '/wp-json/batch/v1' handled with status: 404
Route '//wp-json/batch/v1' handled with status: 404
Route '/wp-json/batch/v1/' handled with status: 404
Route '/blog/wp-json/batch/v1' handled with status: 404
Route '/wordpress/wp-json/batch/v1' handled with status: 404
Route '/index.php' handled with status: 404
Route '/index.php' handled with status: 404
Route '/' handled with status: 405
Route '/' handled with status: 405
Route '/' handled with status: 405
Route '/wp-json/batch/v1' handled with status: 404
Route '/wp-json/Batch/v1' handled with status: 404
Route '//wp-json/batch/v1' handled with status: 404
Route '/wp-json/batch/v1/' handled with status: 404
Route '/blog/wp-json/batch/v1' handled with status: 404
Route '/wordpress/wp-json/batch/v1' handled with status: 404
Route '/wp/v2/posts/999999' handled with status: 404
Route '/wp-json/Batch/v1' handled with status: 404
Route '//wp-json/batch/v1' handled with status: 404
Route '/wp-json/batch/v1/' handled with status: 404
Route '/blog/wp-json/batch/v1' handled with status: 404
Route '/wordpress/wp-json/batch/v1' handled with status: 404
Route '/index.php' handled with status: 404
Route '/index.php' handled with status: 404
Route '/' handled with status: 405
Route '/' handled with status: 405
Route '/' handled with status: 405
Route '/wp-json/batch/v1' handled with status: 404
Route '/wp-json/Batch/v1' handled with status: 404
Route '//wp-json/batch/v1' handled with status: 404
Route '/' handled with status: 200
Route '/wp-json/batch/v1/' handled with status: 404
Route '/wp/v2/pages' handled with status: 404
Route '/blog/wp-json/batch/v1' handled with status: 404
Route '/' handled with status: 200
Route '/wordpress/wp-json/batch/v1' handled with status: 404
Route '/wp/v2/media' handled with status: 404
Route '/wp/v2/posts/999999' handled with status: 404
Route '/' handled with status: 200
Route '/' handled with status: 200
Route '/wp/v2/categories' handled with status: 404
Route '/wp/v2/pages' handled with status: 404
Route '/' handled with status: 200
Route '/' handled with status: 200
Route '/wp/v2/tags' handled with status: 404
Route '/wp/v2/media' handled with status: 404
Route '/' handled with status: 200
Route '/' handled with status: 200
Route '/wp/v2/categories' handled with status: 404
Route '/wp/v2/posts/999998' handled with status: 404
Route '/' handled with status: 200
Route '/' handled with status: 200
Route '/wp/v2/tags' handled with status: 404
Route '/wp/v2/posts/99999' handled with status: 404
Route '/' handled with status: 200
Route '/' handled with status: 200
Route '/wp/v2/posts/999998' handled with status: 404
Route '/wp/v2/posts/9999999' handled with status: 404
Route '/' handled with status: 200
Route '/' handled with status: 200
Route '/wp/v2/posts/99999' handled with status: 404
Route '/wp/v2/users' handled with status: 404
Route '/' handled with status: 200
Route '/' handled with status: 200
Route '/wp/v2/posts/9999999' handled with status: 404
Route '/' handled with status: 405
Route '/' handled with status: 200
Route '/' handled with status: 405
Route '/wp-json/batch/v1' handled with status: 404
Route '/wp/v2/users' handled with status: 404
Route '/wp-json/batch/v1' handled with status: 404
Route '/' handled with status: 200
Route '/wp-json/gravitysmtp/v1/tests/mock-data' handled with status: 404
Route '/' handled with status: 405
Route '/' handled with status: 200
Route '/' handled with status: 405
Route '/wp-json/batch/v1' handled with status: 404
Route '/wp-json/gravitysmtp/v1/tests/mock-data' handled with status: 404
Route '/wp-json/batch/v1' handled with status: 404
Route '/' handled with status: 200
Route '/wp-json/gravitysmtp/v1/tests/mock-data' handled with status: 404
Route '/' handled with status: 200
Route '/index.php' handled with status: 404
Route '/wp-json/gravitysmtp/v1/tests/mock-data' handled with status: 404
Route '/wp-json/gravitysmtp/v1/tests/mock-data' handled with status: 404
Route '/' handled with status: 200
Route '/' handled with status: 200
Route '/' handled with status: 200
Route '/livewire/update' handled with status: 404
Route '/index.php' handled with status: 404
Route '/wp-json/gravitysmtp/v1/tests/mock-data' handled with status: 404
Route '/livewire/update' handled with status: 404
Route '/.ssh/id_dsa' handled with status: 404
Route '/settings.py' handled with status: 404
Route '/instance/config.py' handled with status: 404
Route '/.git/config' handled with status: 404
Route '/wp-config.bak' handled with status: 404
Route '/wp-config.php.old' handled with status: 404
Route '/.circleci/config.yml' handled with status: 404
Route '/config.js' handled with status: 404
Route '/.yarnrc' handled with status: 404
Route '/wp-config.php~' handled with status: 404
Route '/docker-compose.yaml' handled with status: 404
Route '/wp-config.php.bak' handled with status: 404
Route '/.htpasswd' handled with status: 404
Route '/config/settings.py' handled with status: 404
Route '/.git/index' handled with status: 404
Route '/config.json' handled with status: 404
Route '/local_settings.py' handled with status: 404
Route '/.aws/credentials' handled with status: 404
Route '/.npmrc' handled with status: 404
Route '/Jenkinsfile' handled with status: 404
Route '/yarn.lock' handled with status: 404
Route '/.env.1' handled with status: 404
Route '/config.php' handled with status: 404
Route '/.ssh/authorized_keys' handled with status: 404
Route '/' handled with status: 200
Route '/.env.production' handled with status: 404
Route '/.ssh/id_rsa' handled with status: 404
Route '/composer.json' handled with status: 404
Route '/.travis.yml' handled with status: 404
Route '/.env.backup' handled with status: 404
Route '/.env.development' handled with status: 404
Route '/.env.development.local' handled with status: 404
Route '/.dockerenv' handled with status: 404
Route '/.env.bak' handled with status: 404
Route '/wp-config.php' handled with status: 404
Route '/settings.php' handled with status: 404
Route '/docker-compose.yml' handled with status: 404
Route '/.htaccess' handled with status: 404
Route '/.env.test.local' handled with status: 404
Route '/.env.saved' handled with status: 404
Route '/config.py' handled with status: 404
Route '/.env.staging.local' handled with status: 404
Route '/.gitlab-ci.yml' handled with status: 404
Route '/.env.production.local' handled with status: 404
Route '/.env.test' handled with status: 404
Route '/config/database.php' handled with status: 404
Route '/.env.sample' handled with status: 404
Route '/.env.temp' handled with status: 404
Route '/.env.old' handled with status: 404
Route '/.env.2' handled with status: 404
Route '/.env.default' handled with status: 404
Route '/.env.orig' handled with status: 404
Route '/.env.copy' handled with status: 404
Route '/.env.template' handled with status: 404
Route '/.env.example' handled with status: 404
Route '/env' handled with status: 404
Route '/.env.tmp' handled with status: 404
Route '/.env.swp' handled with status: 404
Route '/.env.toml' handled with status: 404
Route '/.env.bak~' handled with status: 404
Route '/env.txt' handled with status: 404
Route '/.env.yml' handled with status: 404
Route '/docker/compose/withMySQL/.env' handled with status: 404
Route '/docker/compose/withMongo/.env' handled with status: 404
Route '/docker/.env' handled with status: 404
Route '/docker/compose/withPostgres/.env' handled with status: 404
Route '/.env_prod' handled with status: 404
Route '/.env.old~' handled with status: 404
Route '/.env.save~' handled with status: 404
Route '/.git/HEAD' handled with status: 404
Route '/docker-compose/.env' handled with status: 404
Route '/docker/compose/.env' handled with status: 404
Route '/compose/.env' handled with status: 404
Route '/config/config.php' handled with status: 404
Route '/.env.txt' handled with status: 404
Route '/.docker/.env' handled with status: 404
Route '/src/.env.local' handled with status: 404
Route '/.env.json' handled with status: 404
Route '/conf/.env' handled with status: 404
Route '/local.py' handled with status: 404
Route '/server/.env' handled with status: 404
Route '/config/.env' handled with status: 404
Route '/config.php.bak' handled with status: 404
Route '/myapp/settings.py' handled with status: 404
Route '/server/.env.local' handled with status: 404
Route '/app/.env' handled with status: 404
Route '/api/.env.local' handled with status: 404
Route '/www/.env' handled with status: 404
Route '/docker/compose/withRedis/.env' handled with status: 404
Route '/client/.env' handled with status: 404
Route '/configuration.php' handled with status: 404
Route '/public/.env' handled with status: 404
Route '/site/.env' handled with status: 404
Route '/client/.env.local' handled with status: 404
Route '/htdocs/.env' handled with status: 404
Route '/html/.env' handled with status: 404
Route '/test.php' handled with status: 404
Route '/app/.env.local' handled with status: 404
Route '/django/settings.py' handled with status: 404
Route '/wp-config.php.orig' handled with status: 404
Route '/frontend/.env' handled with status: 404
Route '/frontend/.env.local' handled with status: 404
Route '/api/.env' handled with status: 404
Route '/backend/.env' handled with status: 404
Route '/config/environment.rb' handled with status: 404
Route '/config/master.key' handled with status: 404
Route '/config/credentials.yml.enc' handled with status: 404
Route '/config/secrets.yml' handled with status: 404
Route '/wp-config.old' handled with status: 404
Route '/web/.env' handled with status: 404
Route '/config/application.yml' handled with status: 404
Route '/backend/.env.local' handled with status: 404
Route '/app/settings.py' handled with status: 404
Route '/laravel/.env.example' handled with status: 404
Route '/web/.env.local' handled with status: 404
Route '/config.inc.php.bak' handled with status: 404
Route '/app/.env.production' handled with status: 404
Route '/config.inc.php' handled with status: 404
Route '/laravel/.env' handled with status: 404
Route '/secrets.json' handled with status: 404
Route '/phpinfo.php' handled with status: 404
Route '/secrets.yml' handled with status: 404
Route '/secrets.py' handled with status: 404
Route '/php/.env' handled with status: 404
Route '/ecosystem.config.js' handled with status: 404
Route '/app.json' handled with status: 404
Route '/database.yml' handled with status: 404
Route '/config/database.yml' handled with status: 404
Route '/.env_dev' handled with status: 404
Route '/wp-config.php.save' handled with status: 404
Route '/credentials.py' handled with status: 404
Route '/info.php' handled with status: 404
Route '/.env.dist' handled with status: 404
Route '/src/.env' handled with status: 404
Route '/.env.save' handled with status: 404
Route '/.env.yaml' handled with status: 404
Route '/.env_backup' handled with status: 404
Route '/.env_old' handled with status: 404
Route '/config/app.php' handled with status: 404
Route '/.aws/config' handled with status: 404
Route '/.env.new' handled with status: 404
Route '/.env' handled with status: 404
Route '/.env.staging' handled with status: 404
Route '/.env~' handled with status: 404
Route '/.env.prev' handled with status: 404
Route '/.env.local' handled with status: 404
Route '/docker-compose.override.yml' handled with status: 404
Route '/Gemfile.lock' handled with status: 404
Route '/package-lock.json' handled with status: 404
Route '/composer.lock' handled with status: 404
Route '/' handled with status: 405
Route '/login' handled with status: 404
Route '/login' handled with status: 404
Route '/signin' handled with status: 404
Route '/signin' handled with status: 404
Route '/signup' handled with status: 404
Route '/register' handled with status: 404
Route '/signup' handled with status: 404
Route '/register' handled with status: 404
Route '/api/auth/signin' handled with status: 404
Route '/api/auth/signin' handled with status: 404
Route '/admin' handled with status: 404
Route '/wp/index.php' handled with status: 404
Route '/wp/index.php' handled with status: 404
Route '/wp/' handled with status: 404
Route '/wp/' handled with status: 404
Route '/wp/' handled with status: 404
Route '/wp/wp-json/batch/v1' handled with status: 404
Route '/wp/wp-json/Batch/v1' handled with status: 404
Route '/wp//wp-json/batch/v1' handled with status: 404
Route '/wp/wp-json/batch/v1/' handled with status: 404
Route '/wp/blog/wp-json/batch/v1' handled with status: 404
Route '/wp/wordpress/wp-json/batch/v1' handled with status: 404
Route '/wp/index.php' handled with status: 404
Route '/wp/index.php' handled with status: 404
Route '/wp/' handled with status: 404
Route '/wp/' handled with status: 404
Route '/' handled with status: 200
Route '/wp/' handled with status: 404
Route '/wp/index.php' handled with status: 404
Route '/wp/wp-json/batch/v1' handled with status: 404
Route '/wp/index.php' handled with status: 404
Route '/wp/wp-json/Batch/v1' handled with status: 404
Route '/wp/' handled with status: 404
Route '/wp/' handled with status: 404
Route '/wp/' handled with status: 404
Route '/wp//wp-json/batch/v1' handled with status: 404
Route '/wp/wp-json/batch/v1/' handled with status: 404
Route '/wp/blog/wp-json/batch/v1' handled with status: 404
Route '/wp/wp-json/batch/v1' handled with status: 404
Route '/wp/wp-json/Batch/v1' handled with status: 404
Route '/wp//wp-json/batch/v1' handled with status: 404
Route '/wp/wordpress/wp-json/batch/v1' handled with status: 404
Route '/wp/wp-json/batch/v1/' handled with status: 404
Route '/wp/blog/wp-json/batch/v1' handled with status: 404
Route '/wp/wordpress/wp-json/batch/v1' handled with status: 404
Route '/wp/index.php' handled with status: 404
Route '/wp/index.php' handled with status: 404
Route '/wp/index.php' handled with status: 404
Route '/wp/' handled with status: 404
Route '/wp/' handled with status: 404
Route '/wp/index.php' handled with status: 404
Route '/wp/' handled with status: 404
Route '/wp/' handled with status: 404
Route '/wp/wp-json/batch/v1' handled with status: 404
Route '/wp/' handled with status: 404
Route '/wp/wp-json/Batch/v1' handled with status: 404
Route '/wp/' handled with status: 404
Route '/wp//wp-json/batch/v1' handled with status: 404
Route '/wp/wp-json/batch/v1' handled with status: 404
Route '/wp/wp-json/batch/v1/' handled with status: 404
Route '/wp/wp-json/Batch/v1' handled with status: 404
Route '/wp/blog/wp-json/batch/v1' handled with status: 404
Route '/wp//wp-json/batch/v1' handled with status: 404
Route '/wp/wordpress/wp-json/batch/v1' handled with status: 404
Route '/wp/wp-json/batch/v1/' handled with status: 404
Route '/wp/index.php' handled with status: 404
Route '/wp/blog/wp-json/batch/v1' handled with status: 404
Route '/wp/index.php' handled with status: 404
Route '/wp/wordpress/wp-json/batch/v1' handled with status: 404
Route '/wp/' handled with status: 404
Route '/wp/index.php' handled with status: 404
Route '/wp/' handled with status: 404
Route '/wp/index.php' handled with status: 404
Route '/wp/' handled with status: 404
Route '/wp/' handled with status: 404
Route '/wp/wp-json/batch/v1' handled with status: 404
Route '/wp/' handled with status: 404
Route '/wp/wp-json/Batch/v1' handled with status: 404
Route '/wp/' handled with status: 404
Route '/wp//wp-json/batch/v1' handled with status: 404
Route '/wp/wp-json/batch/v1' handled with status: 404
Route '/wp/wp-json/batch/v1/' handled with status: 404
Route '/wp/wp-json/Batch/v1' handled with status: 404
Route '/wp/blog/wp-json/batch/v1' handled with status: 404
Route '/wp//wp-json/batch/v1' handled with status: 404
Route '/wp/wordpress/wp-json/batch/v1' handled with status: 404
Route '/wp/wp-json/batch/v1/' handled with status: 404
Route '/wp/index.php' handled with status: 404
Route '/wp/blog/wp-json/batch/v1' handled with status: 404
Route '/wp/index.php' handled with status: 404
Route '/wp/wordpress/wp-json/batch/v1' handled with status: 404
Route '/wp/' handled with status: 404
Route '/wp/index.php' handled with status: 404
Route '/wp/' handled with status: 404
Route '/wp/index.php' handled with status: 404
Route '/wp/' handled with status: 404
Route '/wp/' handled with status: 404
Route '/wp/wp-json/batch/v1' handled with status: 404
Route '/wp/' handled with status: 404
Route '/wp/wp-json/Batch/v1' handled with status: 404
Route '/wp/' handled with status: 404
Route '/wp//wp-json/batch/v1' handled with status: 404
Route '/wp/wp-json/batch/v1' handled with status: 404
Route '/wp/wp-json/batch/v1/' handled with status: 404
Route '/wp/wp-json/Batch/v1' handled with status: 404
Route '/wp/blog/wp-json/batch/v1' handled with status: 404
Route '/wp//wp-json/batch/v1' handled with status: 404
Route '/wp/wordpress/wp-json/batch/v1' handled with status: 404
Route '/wp/wp-json/batch/v1/' handled with status: 404
Route '/wp/index.php' handled with status: 404
Route '/wp/blog/wp-json/batch/v1' handled with status: 404
Route '/wp/index.php' handled with status: 404
Route '/wp/wordpress/wp-json/batch/v1' handled with status: 404
Route '/wp/' handled with status: 404
Route '/wp/index.php' handled with status: 404
Route '/wp/' handled with status: 404
Route '/wp/index.php' handled with status: 404
Route '/wp/' handled with status: 404
Route '/wp/' handled with status: 404
Route '/wp/wp-json/batch/v1' handled with status: 404
Route '/wp/' handled with status: 404
Route '/wp/wp-json/Batch/v1' handled with status: 404
Route '/wp/' handled with status: 404
Route '/wp//wp-json/batch/v1' handled with status: 404
Route '/wp/wp-json/batch/v1' handled with status: 404
Route '/wp/wp-json/batch/v1/' handled with status: 404
Route '/wp/wp-json/Batch/v1' handled with status: 404
Route '/wp/blog/wp-json/batch/v1' handled with status: 404
Route '/wp//wp-json/batch/v1' handled with status: 404
Route '/wp/wordpress/wp-json/batch/v1' handled with status: 404
Route '/wp/wp-json/batch/v1/' handled with status: 404
Route '/wp/blog/wp-json/batch/v1' handled with status: 404
Route '/wp/index.php' handled with status: 404
Route '/wp/wordpress/wp-json/batch/v1' handled with status: 404
Route '/wp/index.php' handled with status: 404
Route '/wp/index.php' handled with status: 404
Route '/wp/' handled with status: 404
Route '/wp/index.php' handled with status: 404
Route '/wp/' handled with status: 404
Route '/wp/' handled with status: 404
Route '/wp/' handled with status: 404
Route '/wp/' handled with status: 404
Route '/wp/' handled with status: 404
Route '/wp/wp-json/batch/v1' handled with status: 404
Route '/wp/wp-json/Batch/v1' handled with status: 404
Route '/wp//wp-json/batch/v1' handled with status: 404
Route '/wp/wp-json/batch/v1/' handled with status: 404
Route '/wp/blog/wp-json/batch/v1' handled with status: 404
Route '/wp/wp-json/batch/v1' handled with status: 404
Route '/wp/wordpress/wp-json/batch/v1' handled with status: 404
Route '/wp/wp-json/Batch/v1' handled with status: 404
Route '/wp/index.php' handled with status: 404
Route '/wp//wp-json/batch/v1' handled with status: 404
Route '/wp/index.php' handled with status: 404
Route '/wp/wp-json/batch/v1/' handled with status: 404
Route '/wp/' handled with status: 404
Route '/wp/blog/wp-json/batch/v1' handled with status: 404
Route '/wp/' handled with status: 404
Route '/wp/wordpress/wp-json/batch/v1' handled with status: 404
Route '/wp/' handled with status: 404
Route '/wp/wp/v2/posts/999999' handled with status: 404
Route '/wp/wp-json/batch/v1' handled with status: 404
Route '/wp/' handled with status: 404
Route '/wp/wp-json/Batch/v1' handled with status: 404
Route '/wp/wp/v2/pages' handled with status: 404
Route '/wp//wp-json/batch/v1' handled with status: 404
Route '/wp/' handled with status: 404
Route '/wp/wp-json/batch/v1/' handled with status: 404
Route '/wp/wp/v2/media' handled with status: 404
Route '/wp/blog/wp-json/batch/v1' handled with status: 404
Route '/wp/' handled with status: 404
Route '/wp/wordpress/wp-json/batch/v1' handled with status: 404
Route '/wp/wp/v2/categories' handled with status: 404
Route '/wp/wp/v2/posts/999999' handled with status: 404
Route '/wp/' handled with status: 404
Route '/wp/' handled with status: 404
Route '/wp/wp/v2/tags' handled with status: 404
Route '/wp/wp/v2/pages' handled with status: 404
Route '/wp/' handled with status: 404
Route '/wp/wp/v2/posts/999998' handled with status: 404
Route '/wp/' handled with status: 404
Route '/wp/wp/v2/posts/99999' handled with status: 404
Route '/wp/' handled with status: 404
Route '/wp/' handled with status: 404
Route '/wp/wp/v2/posts/9999999' handled with status: 404
Route '/wp/wp/v2/media' handled with status: 404
Route '/wp/' handled with status: 404
Route '/wp/wp/v2/users' handled with status: 404
Route '/wp/' handled with status: 404
Route '/wp/wp/v2/categories' handled with status: 404
Route '/wp/' handled with status: 404
Route '/wp/wp/v2/tags' handled with status: 404
Route '/wp/' handled with status: 404
Route '/wp/wp/v2/posts/999998' handled with status: 404
Route '/wp/' handled with status: 404
Route '/wp/wp/v2/posts/99999' handled with status: 404
Route '/wp/' handled with status: 404
Route '/wp/wp/v2/posts/9999999' handled with status: 404
Route '/wp/' handled with status: 404
Route '/wp/wp/v2/users' handled with status: 404
Route '/wp/' handled with status: 404
Route '/wordpress/index.php' handled with status: 404
Route '/wordpress/index.php' handled with status: 404
Route '/wordpress/' handled with status: 404
Route '/wordpress/' handled with status: 404
Route '/wordpress/' handled with status: 404
Route '/wordpress/wp-json/batch/v1' handled with status: 404
Route '/wordpress/wp-json/Batch/v1' handled with status: 404
Route '/wordpress//wp-json/batch/v1' handled with status: 404
Route '/wordpress/wp-json/batch/v1/' handled with status: 404
Route '/wordpress/blog/wp-json/batch/v1' handled with status: 404
Route '/wordpress/wordpress/wp-json/batch/v1' handled with status: 404
Route '/wordpress/index.php' handled with status: 404
Route '/wordpress/index.php' handled with status: 404
Route '/wordpress/' handled with status: 404
Route '/wordpress/' handled with status: 404
Route '/wordpress/' handled with status: 404
Route '/wordpress/wp-json/batch/v1' handled with status: 404
Route '/wordpress/wp-json/Batch/v1' handled with status: 404
Route '/wordpress//wp-json/batch/v1' handled with status: 404
Route '/wordpress/wp-json/batch/v1/' handled with status: 404
Route '/wordpress/blog/wp-json/batch/v1' handled with status: 404
Route '/wordpress/wordpress/wp-json/batch/v1' handled with status: 404
Route '/wordpress/index.php' handled with status: 404
Route '/wordpress/index.php' handled with status: 404
Route '/wordpress/' handled with status: 404
Route '/wordpress/' handled with status: 404
Route '/wordpress/' handled with status: 404
Route '/wp/' handled with status: 404
Route '/wordpress/wp-json/batch/v1' handled with status: 404
Route '/wordpress/index.php' handled with status: 404
Route '/wordpress/wp-json/Batch/v1' handled with status: 404
Route '/wordpress//wp-json/batch/v1' handled with status: 404
Route '/wordpress/index.php' handled with status: 404
Route '/wordpress/wp-json/batch/v1/' handled with status: 404
Route '/wordpress/' handled with status: 404
Route '/wordpress/blog/wp-json/batch/v1' handled with status: 404
Route '/wordpress/' handled with status: 404
Route '/wordpress/wordpress/wp-json/batch/v1' handled with status: 404
Route '/wordpress/' handled with status: 404
Route '/wordpress/index.php' handled with status: 404
Route '/wordpress/wp-json/batch/v1' handled with status: 404
Route '/wordpress/wp-json/Batch/v1' handled with status: 404
Route '/wordpress//wp-json/batch/v1' handled with status: 404
Route '/wordpress/index.php' handled with status: 404
Route '/wordpress/wp-json/batch/v1/' handled with status: 404
Route '/wordpress/' handled with status: 404
Route '/wordpress/blog/wp-json/batch/v1' handled with status: 404
Route '/wordpress/' handled with status: 404
Route '/wordpress/wordpress/wp-json/batch/v1' handled with status: 404
Route '/wordpress/' handled with status: 404
Route '/wordpress/index.php' handled with status: 404
Route '/wordpress/wp-json/batch/v1' handled with status: 404
Route '/wordpress/index.php' handled with status: 404
Route '/wordpress/wp-json/Batch/v1' handled with status: 404
Route '/wordpress/' handled with status: 404
Route '/wordpress//wp-json/batch/v1' handled with status: 404
Route '/wordpress/wp-json/batch/v1/' handled with status: 404
Route '/wordpress/' handled with status: 404
Route '/wordpress/blog/wp-json/batch/v1' handled with status: 404
Route '/wordpress/' handled with status: 404
Route '/wordpress/wordpress/wp-json/batch/v1' handled with status: 404
Route '/wordpress/wp-json/batch/v1' handled with status: 404
Route '/wordpress/index.php' handled with status: 404
Route '/wordpress/wp-json/Batch/v1' handled with status: 404
Route '/wordpress/index.php' handled with status: 404
Route '/wordpress//wp-json/batch/v1' handled with status: 404
Route '/wordpress/' handled with status: 404
Route '/wordpress/wp-json/batch/v1/' handled with status: 404
Route '/wordpress/' handled with status: 404
Route '/wordpress/blog/wp-json/batch/v1' handled with status: 404
Route '/wordpress/' handled with status: 404
Route '/wordpress/wordpress/wp-json/batch/v1' handled with status: 404
Route '/wordpress/wp-json/batch/v1' handled with status: 404
Route '/wordpress/index.php' handled with status: 404
Route '/wordpress/wp-json/Batch/v1' handled with status: 404
Route '/wordpress/index.php' handled with status: 404
Route '/wordpress//wp-json/batch/v1' handled with status: 404
Route '/wordpress/' handled with status: 404
Route '/wordpress/wp-json/batch/v1/' handled with status: 404
Route '/wordpress/' handled with status: 404
Route '/wordpress/blog/wp-json/batch/v1' handled with status: 404
Route '/wordpress/' handled with status: 404
Route '/wordpress/wordpress/wp-json/batch/v1' handled with status: 404
Route '/wordpress/wp-json/batch/v1' handled with status: 404
Route '/wordpress/index.php' handled with status: 404
Route '/wordpress/wp-json/Batch/v1' handled with status: 404
Route '/wordpress/index.php' handled with status: 404
Route '/wordpress//wp-json/batch/v1' handled with status: 404
Route '/wordpress/' handled with status: 404
Route '/wordpress/wp-json/batch/v1/' handled with status: 404
Route '/wordpress/' handled with status: 404
Route '/wordpress/blog/wp-json/batch/v1' handled with status: 404
Route '/wordpress/' handled with status: 404
Route '/wordpress/wordpress/wp-json/batch/v1' handled with status: 404
Route '/wordpress/wp-json/batch/v1' handled with status: 404
Route '/wordpress/index.php' handled with status: 404
Route '/wordpress/wp-json/Batch/v1' handled with status: 404
Route '/wordpress/index.php' handled with status: 404
Route '/wordpress//wp-json/batch/v1' handled with status: 404
Route '/wordpress/' handled with status: 404
Route '/wordpress/wp-json/batch/v1/' handled with status: 404
Route '/wordpress/' handled with status: 404
Route '/wordpress/blog/wp-json/batch/v1' handled with status: 404
Route '/wordpress/' handled with status: 404
Route '/wordpress/wordpress/wp-json/batch/v1' handled with status: 404
Route '/wordpress/wp-json/batch/v1' handled with status: 404
Route '/wordpress/index.php' handled with status: 404
Route '/wordpress/wp-json/Batch/v1' handled with status: 404
Route '/wordpress/index.php' handled with status: 404
Route '/wordpress//wp-json/batch/v1' handled with status: 404
Route '/wordpress/' handled with status: 404
Route '/wordpress/wp-json/batch/v1/' handled with status: 404
Route '/wordpress/' handled with status: 404
Route '/wordpress/blog/wp-json/batch/v1' handled with status: 404
Route '/wordpress/' handled with status: 404
Route '/wordpress/wordpress/wp-json/batch/v1' handled with status: 404
Route '/wordpress/wp-json/batch/v1' handled with status: 404
Route '/wordpress/index.php' handled with status: 404
Route '/wordpress/wp-json/Batch/v1' handled with status: 404
Route '/wordpress/index.php' handled with status: 404
Route '/wordpress//wp-json/batch/v1' handled with status: 404
Route '/wordpress/' handled with status: 404
Route '/wordpress/wp-json/batch/v1/' handled with status: 404
Route '/wordpress/' handled with status: 404
Route '/wordpress/blog/wp-json/batch/v1' handled with status: 404
Route '/wordpress/' handled with status: 404
Route '/wordpress/wordpress/wp-json/batch/v1' handled with status: 404
Route '/wordpress/wp-json/batch/v1' handled with status: 404
Route '/wordpress/wp/v2/posts/999999' handled with status: 404
Route '/wordpress/wp-json/Batch/v1' handled with status: 404
Route '/wordpress/' handled with status: 404
Route '/wordpress//wp-json/batch/v1' handled with status: 404
Route '/wordpress/wp/v2/pages' handled with status: 404
Route '/wordpress/wp-json/batch/v1/' handled with status: 404
Route '/wordpress/' handled with status: 404
Route '/wordpress/blog/wp-json/batch/v1' handled with status: 404
Route '/wordpress/wp/v2/media' handled with status: 404
Route '/wordpress/wordpress/wp-json/batch/v1' handled with status: 404
Route '/wordpress/index.php' handled with status: 404
Route '/wordpress/' handled with status: 404
Route '/wordpress/index.php' handled with status: 404
Route '/wordpress/wp/v2/categories' handled with status: 404
Route '/wordpress/' handled with status: 404
Route '/wordpress/' handled with status: 404
Route '/wordpress/wp/v2/tags' handled with status: 404
Route '/wordpress/' handled with status: 404
Route '/wordpress/' handled with status: 404
Route '/wordpress/' handled with status: 404
Route '/wordpress/wp-json/batch/v1' handled with status: 404
Route '/wordpress/wp/v2/posts/999998' handled with status: 404
Route '/wordpress/wp-json/Batch/v1' handled with status: 404
Route '/wordpress//wp-json/batch/v1' handled with status: 404
Route '/wordpress/' handled with status: 404
Route '/wordpress/wp/v2/posts/99999' handled with status: 404
Route '/wordpress/' handled with status: 404
Route '/wordpress/wp/v2/posts/9999999' handled with status: 404
Route '/wordpress/' handled with status: 404
Route '/wordpress/wp/v2/users' handled with status: 404
Route '/wordpress/' handled with status: 404
Route '/blog/index.php' handled with status: 404
Route '/blog/index.php' handled with status: 404
Route '/blog/' handled with status: 404
Route '/blog/' handled with status: 404
Route '/blog/' handled with status: 404
Route '/blog/wp-json/batch/v1' handled with status: 404
Route '/blog/wp-json/Batch/v1' handled with status: 404
Route '/wordpress/wp-json/batch/v1/' handled with status: 404
Route '/blog//wp-json/batch/v1' handled with status: 404
Route '/wordpress/blog/wp-json/batch/v1' handled with status: 404
Route '/wordpress/wordpress/wp-json/batch/v1' handled with status: 404
Route '/wordpress/index.php' handled with status: 404
Route '/wordpress/index.php' handled with status: 404
Route '/wordpress/' handled with status: 404
Route '/wordpress/' handled with status: 404
Route '/blog/wp-json/batch/v1/' handled with status: 404
Route '/wordpress/' handled with status: 404
Route '/blog/blog/wp-json/batch/v1' handled with status: 404
Route '/wordpress/wp-json/batch/v1' handled with status: 404
Route '/blog/wordpress/wp-json/batch/v1' handled with status: 404
Route '/wordpress/wp-json/Batch/v1' handled with status: 404
Route '/blog/index.php' handled with status: 404
Route '/wordpress//wp-json/batch/v1' handled with status: 404
Route '/blog/index.php' handled with status: 404
Route '/wordpress/wp-json/batch/v1/' handled with status: 404
Route '/blog/' handled with status: 404
Route '/wordpress/blog/wp-json/batch/v1' handled with status: 404
Route '/blog/' handled with status: 404
Route '/blog/' handled with status: 404
Route '/wordpress/wordpress/wp-json/batch/v1' handled with status: 404
Route '/blog/wp-json/batch/v1' handled with status: 404
Route '/wordpress/wp/v2/posts/999999' handled with status: 404
Route '/blog/wp-json/Batch/v1' handled with status: 404
Route '/wordpress/' handled with status: 404
Route '/blog//wp-json/batch/v1' handled with status: 404
Route '/wordpress/wp/v2/pages' handled with status: 404
Route '/blog/wp-json/batch/v1/' handled with status: 404
Route '/wordpress/' handled with status: 404
Route '/blog/blog/wp-json/batch/v1' handled with status: 404
Route '/wordpress/wp/v2/media' handled with status: 404
Route '/blog/wordpress/wp-json/batch/v1' handled with status: 404
Route '/wordpress/' handled with status: 404
Route '/blog/index.php' handled with status: 404
Route '/wordpress/wp/v2/categories' handled with status: 404
Route '/blog/index.php' handled with status: 404
Route '/wordpress/' handled with status: 404
Route '/blog/' handled with status: 404
Route '/wordpress/wp/v2/tags' handled with status: 404
Route '/wordpress/' handled with status: 404
Route '/wordpress/wp/v2/posts/999998' handled with status: 404
Route '/wordpress/' handled with status: 404
Route '/wordpress/wp/v2/posts/99999' handled with status: 404
Route '/wordpress/' handled with status: 404
Route '/wordpress/wp/v2/posts/9999999' handled with status: 404
Route '/wordpress/' handled with status: 404
Route '/wordpress/wp/v2/users' handled with status: 404
Route '/wordpress/' handled with status: 404
Route '/blog/index.php' handled with status: 404
Route '/blog/index.php' handled with status: 404
Route '/blog/' handled with status: 404
Route '/blog/' handled with status: 404
Route '/blog/' handled with status: 404
Route '/blog/wp-json/batch/v1' handled with status: 404
Route '/blog/wp-json/Batch/v1' handled with status: 404
Route '/blog//wp-json/batch/v1' handled with status: 404
Route '/blog/wp-json/batch/v1/' handled with status: 404
Route '/blog/blog/wp-json/batch/v1' handled with status: 404
Route '/blog/wordpress/wp-json/batch/v1' handled with status: 404
Route '/blog/index.php' handled with status: 404
Route '/blog/index.php' handled with status: 404
Route '/blog/' handled with status: 404
Route '/blog/' handled with status: 404
Route '/blog/' handled with status: 404
Route '/blog/' handled with status: 404
Route '/blog/wp-json/batch/v1' handled with status: 404
Route '/blog/' handled with status: 404
Route '/blog/wp-json/Batch/v1' handled with status: 404
Route '/blog/wp-json/batch/v1' handled with status: 404
Route '/blog//wp-json/batch/v1' handled with status: 404
Route '/blog/wp-json/Batch/v1' handled with status: 404
Route '/blog/wp-json/batch/v1/' handled with status: 404
Route '/blog//wp-json/batch/v1' handled with status: 404
Route '/blog/wp-json/batch/v1/' handled with status: 404
Route '/blog/blog/wp-json/batch/v1' handled with status: 404
Route '/blog/wordpress/wp-json/batch/v1' handled with status: 404
Route '/blog/index.php' handled with status: 404
Route '/blog/blog/wp-json/batch/v1' handled with status: 404
Route '/blog/index.php' handled with status: 404
Route '/blog/wordpress/wp-json/batch/v1' handled with status: 404
Route '/blog/' handled with status: 404
Route '/blog/index.php' handled with status: 404
Route '/blog/index.php' handled with status: 404
Route '/blog/' handled with status: 404
Route '/blog/' handled with status: 404
Route '/blog/' handled with status: 404
Route '/blog/' handled with status: 404
Route '/blog/' handled with status: 404
Route '/blog/wp-json/batch/v1' handled with status: 404
Route '/blog/wp-json/batch/v1' handled with status: 404
Route '/blog/wp-json/Batch/v1' handled with status: 404
Route '/blog/wp-json/Batch/v1' handled with status: 404
Route '/blog//wp-json/batch/v1' handled with status: 404
Route '/blog//wp-json/batch/v1' handled with status: 404
Route '/blog/wp-json/batch/v1/' handled with status: 404
Route '/blog/wp-json/batch/v1/' handled with status: 404
Route '/blog/blog/wp-json/batch/v1' handled with status: 404
Route '/blog/blog/wp-json/batch/v1' handled with status: 404
Route '/blog/wordpress/wp-json/batch/v1' handled with status: 404
Route '/blog/wordpress/wp-json/batch/v1' handled with status: 404
Route '/blog/index.php' handled with status: 404
Route '/blog/index.php' handled with status: 404
Route '/blog/' handled with status: 404
Route '/blog/' handled with status: 404
Route '/blog/' handled with status: 404
Route '/blog/wp-json/batch/v1' handled with status: 404
Route '/blog/wp-json/Batch/v1' handled with status: 404
Route '/blog//wp-json/batch/v1' handled with status: 404
Route '/blog/wp-json/batch/v1/' handled with status: 404
Route '/blog/index.php' handled with status: 404
Route '/blog/index.php' handled with status: 404
Route '/blog/' handled with status: 404
Route '/blog/' handled with status: 404
Route '/blog/' handled with status: 404
Route '/blog/wp-json/batch/v1' handled with status: 404
Route '/blog/wp-json/Batch/v1' handled with status: 404
Route '/blog//wp-json/batch/v1' handled with status: 404
Route '/blog/wp-json/batch/v1/' handled with status: 404
Route '/blog/blog/wp-json/batch/v1' handled with status: 404
Route '/blog/wordpress/wp-json/batch/v1' handled with status: 404
Route '/blog/index.php' handled with status: 404
Route '/blog/index.php' handled with status: 404
Route '/blog/' handled with status: 404
Route '/blog/blog/wp-json/batch/v1' handled with status: 404
Route '/blog/' handled with status: 404
Route '/blog/wordpress/wp-json/batch/v1' handled with status: 404
Route '/blog/' handled with status: 404
Route '/blog/index.php' handled with status: 404
Route '/blog/wp-json/batch/v1' handled with status: 404
Route '/blog/index.php' handled with status: 404
Route '/blog/wp-json/Batch/v1' handled with status: 404
Route '/blog/' handled with status: 404
Route '/blog/' handled with status: 404
Route '/blog/' handled with status: 404
Route '/blog//wp-json/batch/v1' handled with status: 404
Route '/blog/wp-json/batch/v1' handled with status: 404
Route '/blog/wp-json/batch/v1/' handled with status: 404
Route '/blog/wp-json/Batch/v1' handled with status: 404
Route '/blog/blog/wp-json/batch/v1' handled with status: 404
Route '/blog/wordpress/wp-json/batch/v1' handled with status: 404
Route '/blog//wp-json/batch/v1' handled with status: 404
Route '/blog/index.php' handled with status: 404
Route '/blog/wp-json/batch/v1/' handled with status: 404
Route '/blog/index.php' handled with status: 404
Route '/blog/' handled with status: 404
Route '/blog/' handled with status: 404
Route '/blog/blog/wp-json/batch/v1' handled with status: 404
Route '/blog/' handled with status: 404
Route '/blog/wordpress/wp-json/batch/v1' handled with status: 404
Route '/blog/wp-json/batch/v1' handled with status: 404
Route '/blog/index.php' handled with status: 404
Route '/blog/wp-json/Batch/v1' handled with status: 404
Route '/blog/index.php' handled with status: 404
Route '/blog/' handled with status: 404
Route '/blog/' handled with status: 404
Route '/blog/' handled with status: 404
Route '/blog/wp-json/batch/v1' handled with status: 404
Route '/blog/wp-json/Batch/v1' handled with status: 404
Route '/blog//wp-json/batch/v1' handled with status: 404
Route '/blog/wp-json/batch/v1/' handled with status: 404
Route '/blog/blog/wp-json/batch/v1' handled with status: 404
Route '/blog/wordpress/wp-json/batch/v1' handled with status: 404
Route '/blog/wp/v2/posts/999999' handled with status: 404
Route '/blog//wp-json/batch/v1' handled with status: 404
Route '/blog/' handled with status: 404
Route '/blog/wp-json/batch/v1/' handled with status: 404
Route '/blog/wp/v2/pages' handled with status: 404
Route '/blog/blog/wp-json/batch/v1' handled with status: 404
Route '/blog/wordpress/wp-json/batch/v1' handled with status: 404
Route '/blog/index.php' handled with status: 404
Route '/blog/index.php' handled with status: 404
Route '/blog/' handled with status: 404
Route '/blog/' handled with status: 404
Route '/blog/' handled with status: 404
Route '/blog/wp-json/batch/v1' handled with status: 404
Route '/blog/wp-json/Batch/v1' handled with status: 404
Route '/blog//wp-json/batch/v1' handled with status: 404
Route '/blog/wp-json/batch/v1/' handled with status: 404
Route '/blog/blog/wp-json/batch/v1' handled with status: 404
Route '/blog/wordpress/wp-json/batch/v1' handled with status: 404
Route '/blog/wp/v2/posts/999999' handled with status: 404
Route '/blog/' handled with status: 404
Route '/blog/wp/v2/pages' handled with status: 404
Route '/blog/' handled with status: 404
Route '/blog/wp/v2/media' handled with status: 404
Route '/blog/' handled with status: 404
Route '/blog/wp/v2/categories' handled with status: 404
Route '/blog/' handled with status: 404
Route '/blog/wp/v2/tags' handled with status: 404
Route '/blog/' handled with status: 404
Route '/blog/wp/v2/posts/999998' handled with status: 404
Route '/blog/' handled with status: 404
Route '/blog/wp/v2/posts/99999' handled with status: 404
Route '/blog/' handled with status: 404
Route '/blog/wp/v2/posts/9999999' handled with status: 404
Route '/blog/' handled with status: 404
Route '/blog/wp/v2/users' handled with status: 404
Route '/blog/' handled with status: 404
Route '/blog/' handled with status: 404
Route '/blog/wp/v2/media' handled with status: 404
Route '/blog/' handled with status: 404
Route '/blog/wp/v2/categories' handled with status: 404
Route '/blog/' handled with status: 404
Route '/blog/wp/v2/tags' handled with status: 404
Route '/blog/' handled with status: 404
Route '/blog/wp/v2/posts/999998' handled with status: 404
Route '/blog/' handled with status: 404
Route '/blog/wp/v2/posts/99999' handled with status: 404
Route '/blog/' handled with status: 404
Route '/blog/wp/v2/posts/9999999' handled with status: 404
Route '/blog/' handled with status: 404
Route '/blog/wp/v2/users' handled with status: 404
Route '/blog/' handled with status: 404
Route '/robots.txt' handled with status: 404
Route '/' handled with status: 200
Route '/.well-known/atproto-did' handled with status: 404
Route '/' handled with status: 200
Route '/' handled with status: 200
Route '/' handled with status: 200
Route '/remote/login' handled with status: 404
Route '/login' handled with status: 404
Route '/developmentserver/metadatauploader' handled with status: 404
Route '/' handled with status: 200
Route '/' handled with status: 200
Route '/.well-known/atproto-did' handled with status: 404
Route '/' handled with status: 200
Route '/' handled with status: 200
Route '/favicon.ico' handled with status: 404
Route '/api/v2/static/not.found' handled with status: 404
Route '/api/v2/static/not.found' handled with status: 404
Route '/remote/logincheck' handled with status: 404
Route '/remote/logincheck' handled with status: 404
Route '/fonts/ftnt-icons.woff' handled with status: 404
Route '/fonts/ftnt-icons.woff' handled with status: 404
Route '/login' handled with status: 404
Route '/login' handled with status: 404
Route '/lang/custom/sbin/init' handled with status: 404
Route '/lang/custom/sbin/init' handled with status: 404
Route '/lang//custom/sbin/init' handled with status: 404
Route '/lang//custom/sbin/init' handled with status: 404
Route '/static/lang/custom/sbin/init' handled with status: 404
Route '/static/lang/custom/sbin/init' handled with status: 404
Route '/static/lang//custom/sbin/init' handled with status: 404
Route '/static/lang//custom/sbin/init' handled with status: 404
Route '/lang/legacy/filechecksum' handled with status: 404
Route '/lang/legacy/filechecksum' handled with status: 404
Route '/migadmin/lang/legacy/legacy/filechecksum' handled with status: 404
Route '/migadmin/lang/legacy/legacy/filechecksum' handled with status: 404
Route '/geoserver/web/' handled with status: 404
Route '/' handled with status: 200
Route '/' handled with status: 405
Route '/xmlrpc.php' handled with status: 404
Route '/.well-known/atproto-did' handled with status: 404
Route '/' handled with status: 200
Route '/' handled with status: 200
Route '/favicon.ico' handled with status: 404
Route '/robots.txt' handled with status: 404
Route '/' handled with status: 200
Route '/' handled with status: 200
Route '/manage/account/login' handled with status: 404
Route '/admin/index.html' handled with status: 404
Route '/index.html' handled with status: 404
Route '/robots.txt' handled with status: 404
Route '/' handled with status: 200
Route '/.well-known/atproto-did' handled with status: 404
Route '/' handled with status: 200
Route '/' handled with status: 200
Route '/' handled with status: 200
Route '/robots.txt' handled with status: 404
Route '/.well-known/security.txt' handled with status: 404
Route '/favicon.ico' handled with status: 404
Route '/favicon' handled with status: 404
Route '/.well-known/robots.txt' handled with status: 404
Route '/' handled with status: 200
Route '/favicon.ico' handled with status: 404
Route '/favicon.png' handled with status: 404
Route '/' handled with status: 200
Route '/' handled with status: 405
Route '/index.php' handled with status: 404
Route '/index.php' handled with status: 404
Route '/' handled with status: 405
Route '/' handled with status: 405
Route '/index.php' handled with status: 404
Route '/index.php' handled with status: 404
Route '/' handled with status: 405
Route '/' handled with status: 405
Route '/' handled with status: 405
Route '/wp-json/batch/v1' handled with status: 404
Route '/wp-json/Batch/v1' handled with status: 404
Route '//wp-json/batch/v1' handled with status: 404
Route '/wp-json/batch/v1/' handled with status: 404
Route '/blog/wp-json/batch/v1' handled with status: 404
Route '/wordpress/wp-json/batch/v1' handled with status: 404
Route '/index.php' handled with status: 404
Route '/index.php' handled with status: 404
Route '/' handled with status: 405
Route '/' handled with status: 405
Route '/' handled with status: 405
Route '/wp-json/batch/v1' handled with status: 404
Route '/wp-json/Batch/v1' handled with status: 404
Route '//wp-json/batch/v1' handled with status: 404
Route '/wp-json/batch/v1/' handled with status: 404
Route '/blog/wp-json/batch/v1' handled with status: 404
Route '/wordpress/wp-json/batch/v1' handled with status: 404
Route '/index.php' handled with status: 404
Route '/index.php' handled with status: 404
Route '/' handled with status: 405
Route '/' handled with status: 405
Route '/' handled with status: 405
Route '/wp-json/batch/v1' handled with status: 404
Route '/wp-json/Batch/v1' handled with status: 404
Route '//wp-json/batch/v1' handled with status: 404
Route '/wp-json/batch/v1/' handled with status: 404
Route '/blog/wp-json/batch/v1' handled with status: 404
Route '/wordpress/wp-json/batch/v1' handled with status: 404
Route '/index.php' handled with status: 404
Route '/index.php' handled with status: 404
Route '/' handled with status: 405
Route '/' handled with status: 405
Route '/' handled with status: 405
Route '/wp-json/batch/v1' handled with status: 404
Route '/wp-json/Batch/v1' handled with status: 404
Route '//wp-json/batch/v1' handled with status: 404
Route '/wp-json/batch/v1/' handled with status: 404
Route '/blog/wp-json/batch/v1' handled with status: 404
Route '/' handled with status: 405
Route '/wordpress/wp-json/batch/v1' handled with status: 404
Route '/' handled with status: 405
Route '/wp-json/batch/v1' handled with status: 404
Route '/index.php' handled with status: 404
Route '/wp-json/Batch/v1' handled with status: 404
Route '/index.php' handled with status: 404
Route '//wp-json/batch/v1' handled with status: 404
Route '/' handled with status: 405
Route '/' handled with status: 405
Route '/wp-json/batch/v1/' handled with status: 404
Route '/' handled with status: 405
Route '/blog/wp-json/batch/v1' handled with status: 404
Route '/wordpress/wp-json/batch/v1' handled with status: 404
Route '/wp-json/batch/v1' handled with status: 404
Route '/index.php' handled with status: 404
Route '/wp-json/Batch/v1' handled with status: 404
Route '/index.php' handled with status: 404
Route '//wp-json/batch/v1' handled with status: 404
Route '/' handled with status: 405
Route '/wp-json/batch/v1/' handled with status: 404
Route '/' handled with status: 405
Route '/blog/wp-json/batch/v1' handled with status: 404
Route '/' handled with status: 405
Route '/wordpress/wp-json/batch/v1' handled with status: 404
Route '/wp-json/batch/v1' handled with status: 404
Route '/index.php' handled with status: 404
Route '/wp-json/Batch/v1' handled with status: 404
Route '/index.php' handled with status: 404
Route '//wp-json/batch/v1' handled with status: 404
Route '/wp-json/batch/v1/' handled with status: 404
Route '/' handled with status: 405
Route '/blog/wp-json/batch/v1' handled with status: 404
Route '/' handled with status: 405
Route '/wordpress/wp-json/batch/v1' handled with status: 404
Route '/' handled with status: 405
Route '/index.php' handled with status: 404
Route '/wp-json/batch/v1' handled with status: 404
Route '/index.php' handled with status: 404
Route '/wp-json/Batch/v1' handled with status: 404
Route '/' handled with status: 405
Route '//wp-json/batch/v1' handled with status: 404
Route '/' handled with status: 405
Route '/' handled with status: 405
Route '/wp-json/batch/v1' handled with status: 404
Route '/wp-json/Batch/v1' handled with status: 404
Route '//wp-json/batch/v1' handled with status: 404
Route '/wp-json/batch/v1/' handled with status: 404
Route '/blog/wp-json/batch/v1' handled with status: 404
Route '/wordpress/wp-json/batch/v1' handled with status: 404
Route '/index.php' handled with status: 404
Route '/index.php' handled with status: 404
Route '/' handled with status: 405
Route '/' handled with status: 405
Route '/wp-json/batch/v1/' handled with status: 404
Route '/' handled with status: 405
Route '/blog/wp-json/batch/v1' handled with status: 404
Route '/wp-json/batch/v1' handled with status: 404
Route '/wordpress/wp-json/batch/v1' handled with status: 404
Route '/wp-json/Batch/v1' handled with status: 404
Route '/index.php' handled with status: 404
Route '//wp-json/batch/v1' handled with status: 404
Route '/index.php' handled with status: 404
Route '/wp-json/batch/v1/' handled with status: 404
Route '/' handled with status: 405
Route '/blog/wp-json/batch/v1' handled with status: 404
Route '/' handled with status: 405
Route '/wordpress/wp-json/batch/v1' handled with status: 404
Route '/index.php' handled with status: 404
Route '/' handled with status: 405
Route '/index.php' handled with status: 404
Route '/wp-json/batch/v1' handled with status: 404
Route '/' handled with status: 405
Route '/' handled with status: 405
Route '/' handled with status: 405
Route '/wp-json/batch/v1' handled with status: 404
Route '/wp-json/Batch/v1' handled with status: 404
Route '//wp-json/batch/v1' handled with status: 404
Route '/wp-json/batch/v1/' handled with status: 404
Route '/blog/wp-json/batch/v1' handled with status: 404
Route '/wordpress/wp-json/batch/v1' handled with status: 404
Route '/index.php' handled with status: 404
Route '/index.php' handled with status: 404
Route '/' handled with status: 405
Route '/' handled with status: 405
Route '/' handled with status: 405
Route '/wp-json/batch/v1' handled with status: 404
Route '/wp-json/Batch/v1' handled with status: 404
Route '//wp-json/batch/v1' handled with status: 404
Route '/wp-json/batch/v1/' handled with status: 404
Route '/blog/wp-json/batch/v1' handled with status: 404
Route '/wordpress/wp-json/batch/v1' handled with status: 404
Route '/index.php' handled with status: 404
Route '/index.php' handled with status: 404
Route '/' handled with status: 405
Route '/' handled with status: 405
Route '/' handled with status: 405
Route '/wp-json/batch/v1' handled with status: 404
Route '/wp-json/Batch/v1' handled with status: 404
Route '//wp-json/batch/v1' handled with status: 404
Route '/wp-json/batch/v1/' handled with status: 404
Route '/blog/wp-json/batch/v1' handled with status: 404
Route '/wordpress/wp-json/batch/v1' handled with status: 404
Route '/wp/v2/posts/999999' handled with status: 404
Route '/' handled with status: 200
Route '/wp/v2/pages' handled with status: 404
Route '/' handled with status: 200
Route '/wp/v2/media' handled with status: 404
Route '/wp-json/Batch/v1' handled with status: 404
Route '/' handled with status: 200
Route '//wp-json/batch/v1' handled with status: 404
Route '/wp/v2/categories' handled with status: 404
Route '/wp-json/batch/v1/' handled with status: 404
Route '/' handled with status: 200
Route '/blog/wp-json/batch/v1' handled with status: 404
Route '/wp/v2/tags' handled with status: 404
Route '/wordpress/wp-json/batch/v1' handled with status: 404
Route '/' handled with status: 200
Route '/wp/v2/posts/999999' handled with status: 404
Route '/' handled with status: 200
Route '/wp/v2/pages' handled with status: 404
Route '/wp/v2/posts/999998' handled with status: 404
Route '/' handled with status: 200
Route '/wp/v2/posts/99999' handled with status: 404
Route '/' handled with status: 200
Route '/wp/v2/posts/9999999' handled with status: 404
Route '/' handled with status: 200
Route '/wp/v2/users' handled with status: 404
Route '/' handled with status: 200
Route '/' handled with status: 200
Route '/wp/v2/media' handled with status: 404
Route '/' handled with status: 405
Route '/' handled with status: 200
Route '/' handled with status: 405
Route '/wp-json/gravitysmtp/v1/tests/mock-data' handled with status: 404
Route '/' handled with status: 200
Route '/wp-json/gravitysmtp/v1/tests/mock-data' handled with status: 404
Route '/' handled with status: 200
Route '/index.php' handled with status: 404
Route '/wp-json/gravitysmtp/v1/tests/mock-data' handled with status: 404
Route '/wp-json/gravitysmtp/v1/tests/mock-data' handled with status: 404
Route '/' handled with status: 200
Route '/wp-json/gravitysmtp/v1/tests/mock-data' handled with status: 404
Route '/' handled with status: 200
Route '/index.php' handled with status: 404
Route '/wp-json/gravitysmtp/v1/tests/mock-data' handled with status: 404
Route '/' handled with status: 200
Route '/livewire/update' handled with status: 404
Route '/' handled with status: 405
Route '/' handled with status: 405
Route '/' handled with status: 405
Route '/.well-known/atproto-did' handled with status: 404
Route '/login' handled with status: 404
Route '/login' handled with status: 404
Route '/signin' handled with status: 404
Route '/wp/index.php' handled with status: 404
Route '/wp/index.php' handled with status: 404
Route '/wp/' handled with status: 404
Route '/wp/' handled with status: 404
Route '/wp/' handled with status: 404
Route '/wp/wp-json/batch/v1' handled with status: 404
Route '/wp/wp-json/Batch/v1' handled with status: 404
Route '/wp//wp-json/batch/v1' handled with status: 404
Route '/wp/wp-json/batch/v1/' handled with status: 404
Route '/wp/blog/wp-json/batch/v1' handled with status: 404
Route '/wp/wordpress/wp-json/batch/v1' handled with status: 404
Route '/wp/index.php' handled with status: 404
Route '/wp/index.php' handled with status: 404
Route '/wp/' handled with status: 404
Route '/wp/' handled with status: 404
Route '/wp/' handled with status: 404
Route '/wp/wp-json/batch/v1' handled with status: 404
Route '/wp/wp-json/Batch/v1' handled with status: 404
Route '/wp//wp-json/batch/v1' handled with status: 404
Route '/wp/wp-json/batch/v1/' handled with status: 404
Route '/wp/blog/wp-json/batch/v1' handled with status: 404
Route '/wp/wordpress/wp-json/batch/v1' handled with status: 404
Route '/wp/index.php' handled with status: 404
Route '/wp/index.php' handled with status: 404
Route '/wp/' handled with status: 404
Route '/wp/' handled with status: 404
Route '/wp/' handled with status: 404
Route '/wp/wp-json/batch/v1' handled with status: 404
Route '/wp/wp-json/Batch/v1' handled with status: 404
Route '/wp//wp-json/batch/v1' handled with status: 404
Route '/wp/wp-json/batch/v1/' handled with status: 404
Route '/wp/blog/wp-json/batch/v1' handled with status: 404
Route '/wp/wordpress/wp-json/batch/v1' handled with status: 404
Route '/wp/index.php' handled with status: 404
Route '/wp/index.php' handled with status: 404
Route '/wp/' handled with status: 404
Route '/wp/' handled with status: 404
Route '/wp/' handled with status: 404
Route '/wp/wp-json/batch/v1' handled with status: 404
Route '/wp/wp-json/Batch/v1' handled with status: 404
Route '/wp//wp-json/batch/v1' handled with status: 404
Route '/wp/wp-json/batch/v1/' handled with status: 404
Route '/wp/blog/wp-json/batch/v1' handled with status: 404
Route '/wp/wordpress/wp-json/batch/v1' handled with status: 404
Route '/wp/index.php' handled with status: 404
Route '/wp/index.php' handled with status: 404
Route '/wp/' handled with status: 404
Route '/wp/' handled with status: 404
Route '/wp/' handled with status: 404
Route '/wp/wp-json/batch/v1' handled with status: 404
Route '/wp/wp-json/Batch/v1' handled with status: 404
Route '/wp//wp-json/batch/v1' handled with status: 404
Route '/wp/wp-json/batch/v1/' handled with status: 404
Route '/wp/blog/wp-json/batch/v1' handled with status: 404
Route '/wp/wordpress/wp-json/batch/v1' handled with status: 404
Route '/wp/index.php' handled with status: 404
Route '/wp/index.php' handled with status: 404
Route '/wp/' handled with status: 404
Route '/wp/' handled with status: 404
Route '/wp/' handled with status: 404
Route '/wp/wp-json/batch/v1' handled with status: 404
Route '/wp/wp-json/Batch/v1' handled with status: 404
Route '/wp//wp-json/batch/v1' handled with status: 404
Route '/wp/wp-json/batch/v1/' handled with status: 404
Route '/wp/blog/wp-json/batch/v1' handled with status: 404
Route '/wp/wordpress/wp-json/batch/v1' handled with status: 404
Route '/wp/index.php' handled with status: 404
Route '/wp/index.php' handled with status: 404
Route '/wp/' handled with status: 404
Route '/wp/' handled with status: 404
Route '/wp/' handled with status: 404
Route '/wp/wp-json/batch/v1' handled with status: 404
Route '/wp/wp-json/Batch/v1' handled with status: 404
Route '/wp//wp-json/batch/v1' handled with status: 404
Route '/wp/wp-json/batch/v1/' handled with status: 404
Route '/wp/blog/wp-json/batch/v1' handled with status: 404
Route '/wp/wordpress/wp-json/batch/v1' handled with status: 404
Route '/wp/wp/v2/posts/999999' handled with status: 404
Route '/wp/' handled with status: 404
Route '/wp/wp/v2/pages' handled with status: 404
Route '/wp/' handled with status: 404
Route '/wp/wp/v2/media' handled with status: 404
Route '/wp/' handled with status: 404
Route '/wp/wp/v2/categories' handled with status: 404
Route '/wp/' handled with status: 404
Route '/wp/wp/v2/tags' handled with status: 404
Route '/wp/' handled with status: 404
Route '/wp/wp/v2/posts/999998' handled with status: 404
Route '/wp/' handled with status: 404
Route '/wp/wp/v2/posts/99999' handled with status: 404
Route '/wp/' handled with status: 404
Route '/wp/wp/v2/posts/9999999' handled with status: 404
Route '/wp/' handled with status: 404
Route '/wp/wp/v2/users' handled with status: 404
Route '/wp/' handled with status: 404
Route '/wordpress/index.php' handled with status: 404
Route '/wordpress/index.php' handled with status: 404
Route '/wordpress/' handled with status: 404
Route '/wordpress/' handled with status: 404
Route '/wordpress/' handled with status: 404
Route '/wordpress/wp-json/batch/v1' handled with status: 404
Route '/wordpress/wp-json/Batch/v1' handled with status: 404
Route '/wordpress//wp-json/batch/v1' handled with status: 404
Route '/wordpress/wp-json/batch/v1/' handled with status: 404
Route '/wordpress/blog/wp-json/batch/v1' handled with status: 404
Route '/wordpress/wordpress/wp-json/batch/v1' handled with status: 404
Route '/wordpress/index.php' handled with status: 404
Route '/wordpress/index.php' handled with status: 404
Route '/wordpress/' handled with status: 404
Route '/wordpress/' handled with status: 404
Route '/wordpress/' handled with status: 404
Route '/wordpress/wp-json/batch/v1' handled with status: 404
Route '/wordpress/wp-json/Batch/v1' handled with status: 404
Route '/wordpress//wp-json/batch/v1' handled with status: 404
Route '/wordpress/wp-json/batch/v1/' handled with status: 404
Route '/wordpress/blog/wp-json/batch/v1' handled with status: 404
Route '/wordpress/wordpress/wp-json/batch/v1' handled with status: 404
Route '/wordpress/index.php' handled with status: 404
Route '/wordpress/index.php' handled with status: 404
Route '/wordpress/' handled with status: 404
Route '/wordpress/' handled with status: 404
Route '/wordpress/' handled with status: 404
Route '/wordpress/wp-json/batch/v1' handled with status: 404
Route '/wordpress/wp-json/Batch/v1' handled with status: 404
Route '/wordpress//wp-json/batch/v1' handled with status: 404
Route '/wordpress/wp-json/batch/v1/' handled with status: 404
Route '/wordpress/blog/wp-json/batch/v1' handled with status: 404
Route '/wordpress/wordpress/wp-json/batch/v1' handled with status: 404
Route '/wordpress/index.php' handled with status: 404
Route '/wp/index.php' handled with status: 404
Route '/wp/index.php' handled with status: 404
Route '/wp/' handled with status: 404
Route '/wordpress/index.php' handled with status: 404
Route '/wordpress/' handled with status: 404
Route '/wordpress/' handled with status: 404
Route '/wordpress/' handled with status: 404
Route '/wordpress/wp-json/batch/v1' handled with status: 404
Route '/wp/' handled with status: 404
Route '/wordpress/wp-json/Batch/v1' handled with status: 404
Route '/wp/' handled with status: 404
Route '/wp/wp-json/batch/v1' handled with status: 404
Route '/wp/wp-json/Batch/v1' handled with status: 404
Route '/wp//wp-json/batch/v1' handled with status: 404
Route '/wp/wp-json/batch/v1/' handled with status: 404
Route '/wp/blog/wp-json/batch/v1' handled with status: 404
Route '/wp/wordpress/wp-json/batch/v1' handled with status: 404
Route '/wp/index.php' handled with status: 404
Route '/wp/index.php' handled with status: 404
Route '/wp/' handled with status: 404
Route '/wp/' handled with status: 404
Route '/wordpress//wp-json/batch/v1' handled with status: 404
Route '/wp/' handled with status: 404
Route '/wordpress/wp-json/batch/v1/' handled with status: 404
Route '/wp/wp-json/batch/v1' handled with status: 404
Route '/wordpress/blog/wp-json/batch/v1' handled with status: 404
Route '/wp/wp-json/Batch/v1' handled with status: 404
Route '/wordpress/wordpress/wp-json/batch/v1' handled with status: 404
Route '/wp//wp-json/batch/v1' handled with status: 404
Route '/wordpress/index.php' handled with status: 404
Route '/wp/wp-json/batch/v1/' handled with status: 404
Route '/wordpress/index.php' handled with status: 404
Route '/wp/blog/wp-json/batch/v1' handled with status: 404
Route '/wordpress/' handled with status: 404
Route '/wp/wordpress/wp-json/batch/v1' handled with status: 404
Route '/wordpress/' handled with status: 404
Route '/wp/index.php' handled with status: 404
Route '/wordpress/' handled with status: 404
Route '/wp/index.php' handled with status: 404
Route '/wordpress/wp-json/batch/v1' handled with status: 404
Route '/wp/' handled with status: 404
Route '/wordpress/wp-json/Batch/v1' handled with status: 404
Route '/wp/' handled with status: 404
Route '/wordpress//wp-json/batch/v1' handled with status: 404
Route '/wp/' handled with status: 404
Route '/wordpress/wp-json/batch/v1/' handled with status: 404
Route '/wp/wp-json/batch/v1' handled with status: 404
Route '/wordpress/blog/wp-json/batch/v1' handled with status: 404
Route '/wp/wp-json/Batch/v1' handled with status: 404
Route '/wordpress/wordpress/wp-json/batch/v1' handled with status: 404
Route '/wp//wp-json/batch/v1' handled with status: 404
Route '/wordpress/index.php' handled with status: 404
Route '/wp/wp-json/batch/v1/' handled with status: 404
Route '/wordpress/index.php' handled with status: 404
Route '/wp/blog/wp-json/batch/v1' handled with status: 404
Route '/wordpress/' handled with status: 404
Route '/wp/wordpress/wp-json/batch/v1' handled with status: 404
Route '/wordpress/' handled with status: 404
Route '/wp/index.php' handled with status: 404
Route '/wordpress/' handled with status: 404
Route '/wp/index.php' handled with status: 404
Route '/wordpress/wp-json/batch/v1' handled with status: 404
Route '/wp/' handled with status: 404
Route '/wordpress/wp-json/Batch/v1' handled with status: 404
Route '/wp/' handled with status: 404
Route '/wordpress//wp-json/batch/v1' handled with status: 404
Route '/wp/' handled with status: 404
Route '/wordpress/wp-json/batch/v1/' handled with status: 404
Route '/wp/wp-json/batch/v1' handled with status: 404
Route '/wordpress/blog/wp-json/batch/v1' handled with status: 404
Route '/wp/wp-json/Batch/v1' handled with status: 404
Route '/wordpress/wordpress/wp-json/batch/v1' handled with status: 404
Route '/wp//wp-json/batch/v1' handled with status: 404
Route '/wordpress/index.php' handled with status: 404
Route '/wp/wp-json/batch/v1/' handled with status: 404
Route '/wordpress/index.php' handled with status: 404
Route '/wp/blog/wp-json/batch/v1' handled with status: 404
Route '/wordpress/' handled with status: 404
Route '/wp/wordpress/wp-json/batch/v1' handled with status: 404
Route '/wordpress/' handled with status: 404
Route '/wp/index.php' handled with status: 404
Route '/wordpress/' handled with status: 404
Route '/wp/index.php' handled with status: 404
Route '/wordpress/wp-json/batch/v1' handled with status: 404
Route '/wp/' handled with status: 404
Route '/wordpress/wp-json/Batch/v1' handled with status: 404
Route '/wp/' handled with status: 404
Route '/wordpress//wp-json/batch/v1' handled with status: 404
Route '/wp/' handled with status: 404
Route '/wordpress/wp-json/batch/v1/' handled with status: 404
Route '/wp/wp-json/batch/v1' handled with status: 404
Route '/wordpress/blog/wp-json/batch/v1' handled with status: 404
Route '/wp/wp-json/Batch/v1' handled with status: 404
Route '/wordpress/wordpress/wp-json/batch/v1' handled with status: 404
Route '/wp//wp-json/batch/v1' handled with status: 404
Route '/wordpress/wp/v2/posts/999999' handled with status: 404
Route '/wp/wp-json/batch/v1/' handled with status: 404
Route '/wordpress/' handled with status: 404
Route '/wordpress/wp/v2/pages' handled with status: 404
Route '/wp/blog/wp-json/batch/v1' handled with status: 404
Route '/wordpress/' handled with status: 404
Route '/wp/wordpress/wp-json/batch/v1' handled with status: 404
Route '/wordpress/wp/v2/media' handled with status: 404
Route '/wp/index.php' handled with status: 404
Route '/wordpress/' handled with status: 404
Route '/wp/index.php' handled with status: 404
Route '/wordpress/wp/v2/categories' handled with status: 404
Route '/wordpress/' handled with status: 404
Route '/wordpress/wp/v2/tags' handled with status: 404
Route '/wordpress/' handled with status: 404
Route '/wordpress/wp/v2/posts/999998' handled with status: 404
Route '/wordpress/' handled with status: 404
Route '/wp/' handled with status: 404
Route '/wp/' handled with status: 404
Route '/wp/' handled with status: 404
Route '/wp/wp-json/batch/v1' handled with status: 404
Route '/wp/wp-json/Batch/v1' handled with status: 404
Route '/wp//wp-json/batch/v1' handled with status: 404
Route '/wp/wp-json/batch/v1/' handled with status: 404
Route '/wp/blog/wp-json/batch/v1' handled with status: 404
Route '/wp/wordpress/wp-json/batch/v1' handled with status: 404
Route '/wp/index.php' handled with status: 404
Route '/wp/index.php' handled with status: 404
Route '/wordpress/wp/v2/posts/99999' handled with status: 404
Route '/wordpress/' handled with status: 404
Route '/wordpress/wp/v2/posts/9999999' handled with status: 404
Route '/wordpress/' handled with status: 404
Route '/wordpress/wp/v2/users' handled with status: 404
Route '/wordpress/' handled with status: 404
Route '/blog/index.php' handled with status: 404
Route '/blog/index.php' handled with status: 404
Route '/blog/' handled with status: 404
Route '/blog/' handled with status: 404
Route '/wp/' handled with status: 404
Route '/wp/' handled with status: 404
Route '/blog/' handled with status: 404
Route '/wp/' handled with status: 404
Route '/blog/wp-json/batch/v1' handled with status: 404
Route '/wp/wp-json/batch/v1' handled with status: 404
Route '/blog/wp-json/Batch/v1' handled with status: 404
Route '/wp/wp-json/Batch/v1' handled with status: 404
Route '/blog//wp-json/batch/v1' handled with status: 404
Route '/wp//wp-json/batch/v1' handled with status: 404
Route '/wp/wp-json/batch/v1/' handled with status: 404
Route '/wp/blog/wp-json/batch/v1' handled with status: 404
Route '/wp/wordpress/wp-json/batch/v1' handled with status: 404
Route '/wp/wp/v2/posts/999999' handled with status: 404
Route '/wp/' handled with status: 404
Route '/wp/wp/v2/pages' handled with status: 404
Route '/wp/' handled with status: 404
Route '/wp/wp/v2/media' handled with status: 404
Route '/wp/' handled with status: 404
Route '/blog/wp-json/batch/v1/' handled with status: 404
Route '/wp/wp/v2/categories' handled with status: 404
Route '/blog/blog/wp-json/batch/v1' handled with status: 404
Route '/wp/' handled with status: 404
Route '/blog/wordpress/wp-json/batch/v1' handled with status: 404
Route '/wp/wp/v2/tags' handled with status: 404
Route '/blog/index.php' handled with status: 404
Route '/wp/' handled with status: 404
Route '/blog/index.php' handled with status: 404
Route '/wp/wp/v2/posts/999998' handled with status: 404
Route '/wp/' handled with status: 404
Route '/blog/' handled with status: 404
Route '/wp/wp/v2/posts/99999' handled with status: 404
Route '/blog/' handled with status: 404
Route '/wp/' handled with status: 404
Route '/blog/' handled with status: 404
Route '/wp/wp/v2/posts/9999999' handled with status: 404
Route '/blog/wp-json/batch/v1' handled with status: 404
Route '/wp/' handled with status: 404
Route '/blog/wp-json/Batch/v1' handled with status: 404
Route '/blog//wp-json/batch/v1' handled with status: 404
Route '/blog/wp-json/batch/v1/' handled with status: 404
Route '/blog/blog/wp-json/batch/v1' handled with status: 404
Route '/blog/wordpress/wp-json/batch/v1' handled with status: 404
Route '/blog/index.php' handled with status: 404
Route '/wp/wp/v2/users' handled with status: 404
Route '/blog/index.php' handled with status: 404
Route '/wp/' handled with status: 404
Route '/wordpress/index.php' handled with status: 404
Route '/blog/' handled with status: 404
Route '/wordpress/index.php' handled with status: 404
Route '/blog/' handled with status: 404
Route '/wordpress/' handled with status: 404
Route '/blog/' handled with status: 404
Route '/wordpress/' handled with status: 404
Route '/blog/wp-json/batch/v1' handled with status: 404
Route '/wordpress/' handled with status: 404
Route '/blog/wp-json/Batch/v1' handled with status: 404
Route '/wordpress/wp-json/batch/v1' handled with status: 404
Route '/blog//wp-json/batch/v1' handled with status: 404
Route '/wordpress/wp-json/Batch/v1' handled with status: 404
Route '/wordpress//wp-json/batch/v1' handled with status: 404
Route '/blog/wp-json/batch/v1/' handled with status: 404
Route '/wordpress/wp-json/batch/v1/' handled with status: 404
Route '/blog/blog/wp-json/batch/v1' handled with status: 404
Route '/blog/wordpress/wp-json/batch/v1' handled with status: 404
Route '/wordpress/blog/wp-json/batch/v1' handled with status: 404
Route '/blog/index.php' handled with status: 404
Route '/wordpress/wordpress/wp-json/batch/v1' handled with status: 404
Route '/wordpress/index.php' handled with status: 404
Route '/wordpress/index.php' handled with status: 404
Route '/wordpress/' handled with status: 404
Route '/blog/index.php' handled with status: 404
Route '/blog/' handled with status: 404
Route '/blog/' handled with status: 404
Route '/blog/' handled with status: 404
Route '/blog/wp-json/batch/v1' handled with status: 404
Route '/blog/wp-json/Batch/v1' handled with status: 404
Route '/blog//wp-json/batch/v1' handled with status: 404
Route '/blog/wp-json/batch/v1/' handled with status: 404
Route '/blog/blog/wp-json/batch/v1' handled with status: 404
Route '/blog/wordpress/wp-json/batch/v1' handled with status: 404
Route '/blog/index.php' handled with status: 404
Route '/wordpress/' handled with status: 404
Route '/wordpress/' handled with status: 404
Route '/wordpress/wp-json/batch/v1' handled with status: 404
Route '/wordpress/wp-json/Batch/v1' handled with status: 404
Route '/wordpress//wp-json/batch/v1' handled with status: 404
Route '/wordpress/wp-json/batch/v1/' handled with status: 404
Route '/wordpress/blog/wp-json/batch/v1' handled with status: 404
Route '/wordpress/wordpress/wp-json/batch/v1' handled with status: 404
Route '/wordpress/index.php' handled with status: 404
Route '/wordpress/index.php' handled with status: 404
Route '/wordpress/' handled with status: 404
Route '/wordpress/' handled with status: 404
Route '/wordpress/' handled with status: 404
Route '/wordpress/wp-json/batch/v1' handled with status: 404
Route '/wordpress/wp-json/Batch/v1' handled with status: 404
Route '/wordpress//wp-json/batch/v1' handled with status: 404
Route '/wordpress/wp-json/batch/v1/' handled with status: 404
Route '/wordpress/blog/wp-json/batch/v1' handled with status: 404
Route '/wordpress/wordpress/wp-json/batch/v1' handled with status: 404
Route '/wordpress/index.php' handled with status: 404
Route '/wordpress/index.php' handled with status: 404
Route '/wordpress/' handled with status: 404
Route '/wordpress/' handled with status: 404
Route '/wordpress/' handled with status: 404
Route '/wordpress/wp-json/batch/v1' handled with status: 404
Route '/wordpress/wp-json/Batch/v1' handled with status: 404
Route '/wordpress//wp-json/batch/v1' handled with status: 404
Route '/wordpress/wp-json/batch/v1/' handled with status: 404
Route '/wordpress/blog/wp-json/batch/v1' handled with status: 404
Route '/wordpress/wordpress/wp-json/batch/v1' handled with status: 404
Route '/wordpress/index.php' handled with status: 404
Route '/wordpress/index.php' handled with status: 404
Route '/wordpress/' handled with status: 404
Route '/wordpress/' handled with status: 404
Route '/wordpress/' handled with status: 404
Route '/blog/index.php' handled with status: 404
Route '/wordpress/wp-json/batch/v1' handled with status: 404
Route '/blog/' handled with status: 404
Route '/wordpress/wp-json/Batch/v1' handled with status: 404
Route '/blog/' handled with status: 404
Route '/wordpress//wp-json/batch/v1' handled with status: 404
Route '/blog/' handled with status: 404
Route '/wordpress/wp-json/batch/v1/' handled with status: 404
Route '/blog/wp-json/batch/v1' handled with status: 404
Route '/wordpress/blog/wp-json/batch/v1' handled with status: 404
Route '/blog/wp-json/Batch/v1' handled with status: 404
Route '/wordpress/wordpress/wp-json/batch/v1' handled with status: 404
Route '/blog//wp-json/batch/v1' handled with status: 404
Route '/wordpress/index.php' handled with status: 404
Route '/blog/wp-json/batch/v1/' handled with status: 404
Route '/' handled with status: 200
Route '/blog/blog/wp-json/batch/v1' handled with status: 404
Route '/blog/wordpress/wp-json/batch/v1' handled with status: 404
Route '/wordpress/index.php' handled with status: 404
Route '/wordpress/' handled with status: 404
Route '/wordpress/' handled with status: 404
Route '/wordpress/' handled with status: 404
Route '/wordpress/wp-json/batch/v1' handled with status: 404
Route '/wordpress/wp-json/Batch/v1' handled with status: 404
Route '/wordpress//wp-json/batch/v1' handled with status: 404
Route '/wordpress/wp-json/batch/v1/' handled with status: 404
Route '/wordpress/blog/wp-json/batch/v1' handled with status: 404
Route '/wordpress/wordpress/wp-json/batch/v1' handled with status: 404
Route '/wordpress/index.php' handled with status: 404
Route '/wordpress/index.php' handled with status: 404
Route '/wordpress/' handled with status: 404
Route '/wordpress/' handled with status: 404
Route '/wordpress/' handled with status: 404
Route '/wordpress/wp-json/batch/v1' handled with status: 404
Route '/wordpress/wp-json/Batch/v1' handled with status: 404
Route '/wordpress//wp-json/batch/v1' handled with status: 404
Route '/wordpress/wp-json/batch/v1/' handled with status: 404
Route '/blog/index.php' handled with status: 404
Route '/blog/index.php' handled with status: 404
Route '/blog/' handled with status: 404
Route '/blog/' handled with status: 404
Route '/blog/' handled with status: 404
Route '/blog/wp-json/batch/v1' handled with status: 404
Route '/blog/wp-json/Batch/v1' handled with status: 404
Route '/blog//wp-json/batch/v1' handled with status: 404
Route '/blog/wp-json/batch/v1/' handled with status: 404
Route '/blog/blog/wp-json/batch/v1' handled with status: 404
Route '/blog/wordpress/wp-json/batch/v1' handled with status: 404
Route '/blog/index.php' handled with status: 404
Route '/blog/index.php' handled with status: 404
Route '/blog/' handled with status: 404
Route '/blog/' handled with status: 404
Route '/blog/' handled with status: 404
Route '/blog/wp-json/batch/v1' handled with status: 404
Route '/blog/wp-json/Batch/v1' handled with status: 404
Route '/blog//wp-json/batch/v1' handled with status: 404
Route '/blog/wp-json/batch/v1/' handled with status: 404
Route '/blog/blog/wp-json/batch/v1' handled with status: 404
Route '/blog/wordpress/wp-json/batch/v1' handled with status: 404
Route '/blog/wp/v2/posts/999999' handled with status: 404
Route '/blog/' handled with status: 404
Route '/blog/wp/v2/pages' handled with status: 404
Route '/blog/' handled with status: 404
Route '/blog/wp/v2/media' handled with status: 404
Route '/blog/' handled with status: 404
Route '/blog/wp/v2/categories' handled with status: 404
Route '/blog/' handled with status: 404
Route '/blog/wp/v2/tags' handled with status: 404
Route '/blog/' handled with status: 404
Route '/blog/wp/v2/posts/999998' handled with status: 404
Route '/blog/' handled with status: 404
Route '/blog/wp/v2/posts/99999' handled with status: 404
Route '/blog/' handled with status: 404
Route '/blog/wp/v2/posts/9999999' handled with status: 404
Route '/blog/' handled with status: 404
Route '/blog/wp/v2/users' handled with status: 404
Route '/wordpress/blog/wp-json/batch/v1' handled with status: 404
Route '/blog/' handled with status: 404
Route '/wordpress/wordpress/wp-json/batch/v1' handled with status: 404
Route '/wordpress/wp/v2/posts/999999' handled with status: 404
Route '/wordpress/' handled with status: 404
Route '/wordpress/wp/v2/pages' handled with status: 404
Route '/wordpress/' handled with status: 404
Route '/wordpress/wp/v2/media' handled with status: 404
Route '/wordpress/' handled with status: 404
Route '/wordpress/wp/v2/categories' handled with status: 404
Route '/wordpress/' handled with status: 404
Route '/wordpress/wp/v2/tags' handled with status: 404
Route '/wordpress/' handled with status: 404
Route '/wordpress/wp/v2/posts/999998' handled with status: 404
Route '/wordpress/' handled with status: 404
Route '/wordpress/wp/v2/posts/99999' handled with status: 404
Route '/wordpress/' handled with status: 404
Route '/wordpress/wp/v2/posts/9999999' handled with status: 404
Route '/wordpress/' handled with status: 404
Route '/wordpress/wp/v2/users' handled with status: 404
Route '/wordpress/' handled with status: 404
Route '/blog/index.php' handled with status: 404
Route '/blog/index.php' handled with status: 404
Route '/blog/' handled with status: 404
Route '/blog/' handled with status: 404
Route '/blog/' handled with status: 404
Route '/blog/wp-json/batch/v1' handled with status: 404
Route '/blog/wp-json/Batch/v1' handled with status: 404
Route '/blog//wp-json/batch/v1' handled with status: 404
Route '/blog/wp-json/batch/v1/' handled with status: 404
Route '/blog/blog/wp-json/batch/v1' handled with status: 404
Route '/blog/wordpress/wp-json/batch/v1' handled with status: 404
Route '/blog/index.php' handled with status: 404
Route '/blog/index.php' handled with status: 404
Route '/blog/' handled with status: 404
Route '/blog/' handled with status: 404
Route '/blog/' handled with status: 404
Route '/blog/wp-json/batch/v1' handled with status: 404
Route '/blog/wp-json/Batch/v1' handled with status: 404
Route '/blog//wp-json/batch/v1' handled with status: 404
Route '/blog/wp-json/batch/v1/' handled with status: 404
Route '/blog/blog/wp-json/batch/v1' handled with status: 404
Route '/blog/wordpress/wp-json/batch/v1' handled with status: 404
Route '/blog/index.php' handled with status: 404
Route '/blog/index.php' handled with status: 404
Route '/blog/' handled with status: 404
Route '/blog/' handled with status: 404
Route '/blog/' handled with status: 404
Route '/blog/wp-json/batch/v1' handled with status: 404
Route '/blog/wp-json/Batch/v1' handled with status: 404
Route '/blog//wp-json/batch/v1' handled with status: 404
Route '/blog/wp-json/batch/v1/' handled with status: 404
Route '/blog/blog/wp-json/batch/v1' handled with status: 404
Route '/blog/wordpress/wp-json/batch/v1' handled with status: 404
Route '/blog/index.php' handled with status: 404
Route '/blog/index.php' handled with status: 404
Route '/blog/' handled with status: 404
Route '/blog/' handled with status: 404
Route '/blog/' handled with status: 404
Route '/blog/wp-json/batch/v1' handled with status: 404
Route '/blog/wp-json/Batch/v1' handled with status: 404
Route '/blog//wp-json/batch/v1' handled with status: 404
Route '/blog/wp-json/batch/v1/' handled with status: 404
Route '/blog/blog/wp-json/batch/v1' handled with status: 404
Route '/blog/wordpress/wp-json/batch/v1' handled with status: 404
Route '/blog/index.php' handled with status: 404
Route '/blog/index.php' handled with status: 404
Route '/blog/' handled with status: 404
Route '/blog/' handled with status: 404
Route '/blog/' handled with status: 404
Route '/blog/wp-json/batch/v1' handled with status: 404
Route '/blog/wp-json/Batch/v1' handled with status: 404
Route '/blog//wp-json/batch/v1' handled with status: 404
Route '/blog/wp-json/batch/v1/' handled with status: 404
Route '/blog/blog/wp-json/batch/v1' handled with status: 404
Route '/blog/wordpress/wp-json/batch/v1' handled with status: 404
Route '/blog/index.php' handled with status: 404
Route '/blog/index.php' handled with status: 404
Route '/blog/' handled with status: 404
Route '/blog/' handled with status: 404
Route '/blog/' handled with status: 404
Route '/blog/wp-json/batch/v1' handled with status: 404
Route '/blog/wp-json/Batch/v1' handled with status: 404
Route '/blog//wp-json/batch/v1' handled with status: 404
Route '/blog/wp-json/batch/v1/' handled with status: 404
Route '/blog/blog/wp-json/batch/v1' handled with status: 404
Route '/blog/wordpress/wp-json/batch/v1' handled with status: 404
Route '/blog/index.php' handled with status: 404
Route '/blog/index.php' handled with status: 404
Route '/blog/' handled with status: 404
Route '/blog/' handled with status: 404
Route '/blog/' handled with status: 404
Route '/blog/wp-json/batch/v1' handled with status: 404
Route '/blog/wp-json/Batch/v1' handled with status: 404
Route '/blog//wp-json/batch/v1' handled with status: 404
Route '/blog/wp-json/batch/v1/' handled with status: 404
Route '/blog/blog/wp-json/batch/v1' handled with status: 404
Route '/blog/wordpress/wp-json/batch/v1' handled with status: 404
Route '/blog/wp/v2/posts/999999' handled with status: 404
Route '/blog/' handled with status: 404
Route '/blog/wp/v2/pages' handled with status: 404
Route '/blog/' handled with status: 404
Route '/blog/wp/v2/media' handled with status: 404
Route '/blog/' handled with status: 404
Route '/blog/wp/v2/categories' handled with status: 404
Route '/blog/' handled with status: 404
Route '/blog/wp/v2/tags' handled with status: 404
Route '/blog/' handled with status: 404
Route '/blog/wp/v2/posts/999998' handled with status: 404
Route '/blog/' handled with status: 404
Route '/blog/wp/v2/posts/99999' handled with status: 404
Route '/blog/' handled with status: 404
Route '/blog/wp/v2/posts/9999999' handled with status: 404
Route '/blog/' handled with status: 404
Route '/blog/wp/v2/users' handled with status: 404
Route '/blog/' handled with status: 404
Route '/' handled with status: 200
Route '/random2' handled with status: 200
Route '/random2' handled with status: 200
Route '/random2' handled with status: 200
Route '/random2' handled with status: 200
Route '/random2' handled with status: 200
Route '/random2' handled with status: 200
Route '/random2' handled with status: 200
Route '/random2' handled with status: 200
Route '/random2' handled with status: 200
Route '/random2' handled with status: 200
Route '/random2' handled with status: 200
Route '/random2' handled with status: 200
Route '/random2' handled with status: 200
Route '/random2' handled with status: 200
Route '/random2' handled with status: 200
Route '/random2' handled with status: 200
Route '/random2' handled with status: 200
Route '/random2' handled with status: 200
Route '/random2' handled with status: 200
Route '/random2' handled with status: 200
Route '/random2' handled with status: 200
Route '/random2' handled with status: 200
Route '/random2' handled with status: 200
Route '/random2' handled with status: 200
Route '/random2' handled with status: 200
Route '/random2' handled with status: 200
Route '/random2' handled with status: 200
Route '/random2' handled with status: 200
Route '/random2' handled with status: 200
Route '/random2' handled with status: 200
Route '/random2' handled with status: 200
Route '/random2' handled with status: 200
Route '/random2' handled with status: 200
Route '/random2' handled with status: 200
Route '/random2' handled with status: 200
Route '/random2' handled with status: 200
Route '/random2' handled with status: 200
Route '/random2' handled with status: 200
Route '/random2' handled with status: 200
Route '/random2' handled with status: 200
Route '/random2' handled with status: 200
Route '/random2' handled with status: 200
Route '/random2' handled with status: 200
Route '/random2' handled with status: 200
Route '/random2' handled with status: 200
Route '/random2' handled with status: 200
Route '/random2' handled with status: 200
Route '/random2' handled with status: 200
Route '/random2' handled with status: 200
Route '/random2' handled with status: 200
Route '/random2' handled with status: 200
Route '/random2' handled with status: 200
Route '/random2' handled with status: 200
Route '/random2' handled with status: 200
Route '/random2' handled with status: 200
Route '/random2' handled with status: 200
Route '/random2' handled with status: 200
Route '/random2' handled with status: 200
Route '/random2' handled with status: 200
Route '/random2' handled with status: 200
Route '/random2' handled with status: 200
Route '/random2' handled with status: 200
Route '/random2' handled with status: 200
Route '/random2' handled with status: 200
Route '/random2' handled with status: 200
Route '/random2' handled with status: 200
Route '/random2' handled with status: 200
Route '/random2' handled with status: 200
Route '/random2' handled with status: 200
Route '/random2' handled with status: 200
Route '/random2' handled with status: 200
Route '/random2' handled with status: 200
Route '/random2' handled with status: 200
Route '/random2' handled with status: 200
Route '/random2' handled with status: 200
Route '/random2' handled with status: 200
Route '/random2' handled with status: 200
Route '/random2' handled with status: 200
Route '/random2' handled with status: 200
Route '/random2' handled with status: 200
Route '/random2' handled with status: 200
Route '/random2' handled with status: 200
Route '/random2' handled with status: 200
Route '/random2' handled with status: 200
Route '/random2' handled with status: 200
Route '/random2' handled with status: 200
Route '/random2' handled with status: 200
Route '/random2' handled with status: 200
Route '/random2' handled with status: 200
Route '/random2' handled with status: 200
Route '/random2' handled with status: 200
Route '/random2' handled with status: 200
Route '/random2' handled with status: 200
Route '/random2' handled with status: 200
Route '/random2' handled with status: 200
Route '/random2' handled with status: 200
Route '/random2' handled with status: 200
Route '/random2' handled with status: 200
Route '/random2' handled with status: 200
Route '/random2' handled with status: 200
Route '/random2' handled with status: 200
Route '/random2' handled with status: 200
Route '/random2' handled with status: 200
Route '/random2' handled with status: 200
Route '/random2' handled with status: 200
Route '/random2' handled with status: 200
Route '/random2' handled with status: 200
Route '/random2' handled with status: 200
Route '/random2' handled with status: 200
Route '/random2' handled with status: 200
Route '/random2' handled with status: 200
Route '/random2' handled with status: 200
Route '/random2' handled with status: 200
Route '/random2' handled with status: 200
Route '/random2' handled with status: 200
Route '/random2' handled with status: 200
Route '/random2' handled with status: 200
Route '/random2' handled with status: 200
Route '/random2' handled with status: 200
Route '/random2' handled with status: 200
Route '/random2' handled with status: 200
Route '/random2' handled with status: 200
Route '/random2' handled with status: 200
Route '/random2' handled with status: 200
Route '/random2' handled with status: 200
Route '/random2' handled with status: 200
Route '/random2' handled with status: 200
Route '/random2' handled with status: 200
Route '/random2' handled with status: 200
Route '/random2' handled with status: 200
Route '/random2' handled with status: 200
Route '/random2' handled with status: 200
Route '/random2' handled with status: 200
Route '/random2' handled with status: 200
Route '/random2' handled with status: 200
Route '/random2' handled with status: 200
Route '/random2' handled with status: 200
Route '/random2' handled with status: 200
Route '/random2' handled with status: 200
Route '/random2' handled with status: 200
Route '/random2' handled with status: 200
Route '/random2' handled with status: 200
Route '/random2' handled with status: 200
Route '/random2' handled with status: 200
Route '/random2' handled with status: 200
Route '/random2' handled with status: 200
Route '/random2' handled with status: 200
Route '/random2' handled with status: 200
Route '/random2' handled with status: 200
Route '/random2' handled with status: 200
Route '/random2' handled with status: 200
Route '/random2' handled with status: 200
Route '/random2' handled with status: 200
Route '/random2' handled with status: 200
Route '/random2' handled with status: 200
Route '/random2' handled with status: 200
Route '/random2' handled with status: 200
Route '/random2' handled with status: 200
Route '/random2' handled with status: 200
Route '/random2' handled with status: 200
Route '/random2' handled with status: 200
Route '/random2' handled with status: 200
Route '/random2' handled with status: 200
Route '/random2' handled with status: 200
Route '/random2' handled with status: 200
Route '/random2' handled with status: 200
Route '/random2' handled with status: 200
Route '/random2' handled with status: 200
Route '/random2' handled with status: 200
Route '/random2' handled with status: 200
Route '/random2' handled with status: 200
Route '/random2' handled with status: 200
Route '/random2' handled with status: 200
Route '/random2' handled with status: 200
Route '/random2' handled with status: 200
Route '/random2' handled with status: 200
Route '/random2' handled with status: 200
Route '/random2' handled with status: 200
Route '/random2' handled with status: 200
Route '/random2' handled with status: 200
Route '/random2' handled with status: 200
Route '/random2' handled with status: 200
Route '/random2' handled with status: 200
Route '/random2' handled with status: 200
Route '/random2' handled with status: 200
Route '/random2' handled with status: 200
Route '/random2' handled with status: 200
Route '/random2' handled with status: 200
Route '/random2' handled with status: 200
Route '/random2' handled with status: 200
Route '/random2' handled with status: 200
Route '/random2' handled with status: 200
Route '/random2' handled with status: 200
Route '/random2' handled with status: 200
Route '/random2' handled with status: 200
Route '/random2' handled with status: 200
Route '/random2' handled with status: 200
Route '/random2' handled with status: 200
Route '/random2' handled with status: 200
Route '/random2' handled with status: 200
Route '/random2' handled with status: 200
Route '/random2' handled with status: 200
Route '/random2' handled with status: 200
Route '/random2' handled with status: 200
Route '/random2' handled with status: 200
Route '/random2' handled with status: 200
Route '/random2' handled with status: 200
Route '/random2' handled with status: 200
Route '/random2' handled with status: 200
Route '/random2' handled with status: 200
Route '/random2' handled with status: 200
Route '/random2' handled with status: 200
Route '/random2' handled with status: 200
Route '/random2' handled with status: 200
Route '/random2' handled with status: 200
Route '/random2' handled with status: 200
Route '/random2' handled with status: 200
Route '/random2' handled with status: 200
Route '/random2' handled with status: 200
Route '/random2' handled with status: 200
Route '/random2' handled with status: 200
Route '/random2' handled with status: 200
Route '/random2' handled with status: 200
Route '/random2' handled with status: 200
Route '/random2' handled with status: 200
Route '/random2' handled with status: 200
Route '/random2' handled with status: 200
Route '/random2' handled with status: 200
Route '/random2' handled with status: 200
Route '/random2' handled with status: 200
Route '/random2' handled with status: 200
Route '/random2' handled with status: 200
Route '/random2' handled with status: 200
Route '/random2' handled with status: 200
Route '/random2' handled with status: 200
Route '/random2' handled with status: 200
Route '/random2' handled with status: 200
Route '/random2' handled with status: 200
Route '/random2' handled with status: 200
Route '/random2' handled with status: 200
Route '/random2' handled with status: 200
Route '/random2' handled with status: 200
Route '/random2' handled with status: 200
Route '/random2' handled with status: 200
Route '/random2' handled with status: 200
Route '/random2' handled with status: 200
Route '/random2' handled with status: 200
Route '/random2' handled with status: 200
Route '/random2' handled with status: 200
Route '/random2' handled with status: 200
Route '/random2' handled with status: 200
Route '/random2' handled with status: 200
Route '/random2' handled with status: 200
Route '/random2' handled with status: 200
Route '/random2' handled with status: 200
Route '/random2' handled with status: 200
Route '/random2' handled with status: 200
Route '/random2' handled with status: 200
Route '/random2' handled with status: 200
Route '/random2' handled with status: 200
Route '/random2' handled with status: 200
Route '/random2' handled with status: 200
Route '/random2' handled with status: 200
Route '/random2' handled with status: 200
Route '/random2' handled with status: 200
Route '/random2' handled with status: 200
Route '/random2' handled with status: 200
Route '/random2' handled with status: 200
Route '/random2' handled with status: 200
Route '/random2' handled with status: 200
Route '/random2' handled with status: 200
Route '/random2' handled with status: 200
Route '/random2' handled with status: 200
Route '/random2' handled with status: 200
Route '/random2' handled with status: 200
Route '/random2' handled with status: 200
Route '/random2' handled with status: 200
Route '/random2' handled with status: 200
Route '/random2' handled with status: 200
Route '/random2' handled with status: 200
Route '/random2' handled with status: 200
Route '/random2' handled with status: 200
Route '/random2' handled with status: 200
Route '/random2' handled with status: 200
Route '/random2' handled with status: 200
Route '/random2' handled with status: 200
Route '/random2' handled with status: 200
Route '/random2' handled with status: 200
Route '/random2' handled with status: 200
Route '/random2' handled with status: 200
Route '/random2' handled with status: 200
Route '/random2' handled with status: 200
Route '/random2' handled with status: 200
Route '/random2' handled with status: 200
Route '/random2' handled with status: 200
Route '/random2' handled with status: 200
Route '/random2' handled with status: 200
Route '/random2' handled with status: 200
Route '/random2' handled with status: 200
Route '/random2' handled with status: 200
Route '/random2' handled with status: 200
Route '/random2' handled with status: 200
Route '/random2' handled with status: 200
Route '/random2' handled with status: 200
Route '/random2' handled with status: 200
Route '/random2' handled with status: 200
Route '/random2' handled with status: 200
Route '/random2' handled with status: 200
Route '/random2' handled with status: 200
Route '/random2' handled with status: 200
Route '/random2' handled with status: 200
Route '/random2' handled with status: 200
Route '/random2' handled with status: 200
Route '/random2' handled with status: 200
Route '/random2' handled with status: 200
Route '/random2' handled with status: 200
Route '/random2' handled with status: 200
Route '/random2' handled with status: 200
Route '/random2' handled with status: 200
Route '/random2' handled with status: 200
Route '/random2' handled with status: 200
Route '/random2' handled with status: 200
Route '/random2' handled with status: 200
Route '/random2' handled with status: 200
Route '/random2' handled with status: 200
Route '/random2' handled with status: 200
Route '/random2' handled with status: 200
Route '/random2' handled with status: 200
Route '/random2' handled with status: 200
Route '/random2' handled with status: 200
Route '/random2' handled with status: 200
Route '/random2' handled with status: 200
Route '/random2' handled with status: 200
Route '/random2' handled with status: 200
Route '/random2' handled with status: 200
Route '/random2' handled with status: 200
Route '/random2' handled with status: 200
Route '/random2' handled with status: 200
Route '/random2' handled with status: 200
Route '/random2' handled with status: 200
Route '/random2' handled with status: 200
Route '/random2' handled with status: 200
Route '/random2' handled with status: 200
Route '/random2' handled with status: 200
Route '/random2' handled with status: 200
Route '/random2' handled with status: 200
Route '/random2' handled with status: 200
Route '/random2' handled with status: 200
Route '/random2' handled with status: 200
Route '/random2' handled with status: 200
Route '/random2' handled with status: 200
Route '/random2' handled with status: 200
Route '/random2' handled with status: 200
Route '/random2' handled with status: 200
Route '/random2' handled with status: 200
Route '/random2' handled with status: 200
Route '/random2' handled with status: 200
Route '/random2' handled with status: 200
Route '/random2' handled with status: 200
Route '/random2' handled with status: 200
Route '/random2' handled with status: 200
Route '/random2' handled with status: 200
Route '/random2' handled with status: 200
Route '/random2' handled with status: 200
Route '/random2' handled with status: 200
Route '/random2' handled with status: 200
Route '/random2' handled with status: 200
Route '/random2' handled with status: 200
Route '/random2' handled with status: 200
Route '/random2' handled with status: 200
Route '/random2' handled with status: 200
Route '/random2' handled with status: 200
Route '/random2' handled with status: 200
Route '/random2' handled with status: 200
Route '/random2' handled with status: 200
Route '/random2' handled with status: 200
Route '/random2' handled with status: 200
Route '/random2' handled with status: 200
Route '/random2' handled with status: 200
Route '/random2' handled with status: 200
Route '/random2' handled with status: 200
Route '/random2' handled with status: 200
Route '/random2' handled with status: 200
Route '/random2' handled with status: 200
Route '/random2' handled with status: 200
Route '/random2' handled with status: 200
Route '/random2' handled with status: 200
Route '/random2' handled with status: 200
Route '/random2' handled with status: 200
Route '/random2' handled with status: 200
Route '/random2' handled with status: 200
Route '/random2' handled with status: 200
Route '/random2' handled with status: 200
Route '/random2' handled with status: 200
Route '/random2' handled with status: 200
Route '/random2' handled with status: 200
Route '/random2' handled with status: 200
Route '/random2' handled with status: 200
Route '/random2' handled with status: 200
Route '/random2' handled with status: 200
Route '/random2' handled with status: 200
Route '/random2' handled with status: 200
Route '/random2' handled with status: 200
Route '/random2' handled with status: 200
Route '/random2' handled with status: 200
Route '/random2' handled with status: 200
Route '/random2' handled with status: 200
Route '/random2' handled with status: 200
Route '/random2' handled with status: 200
Route '/random2' handled with status: 200
Route '/random2' handled with status: 200
Route '/random2' handled with status: 200
Route '/random2' handled with status: 200
Route '/random2' handled with status: 200
Route '/random2' handled with status: 200
Route '/random2' handled with status: 200
Route '/random2' handled with status: 200
Route '/random2' handled with status: 200
Route '/random2' handled with status: 200
Route '/random2' handled with status: 200
Route '/random2' handled with status: 200
Route '/random2' handled with status: 200
Route '/random2' handled with status: 200
Route '/random2' handled with status: 200
Route '/random2' handled with status: 200
Route '/random2' handled with status: 200
Route '/random2' handled with status: 200
Route '/random2' handled with status: 200
Route '/random2' handled with status: 200
Route '/random2' handled with status: 200
Route '/random2' handled with status: 200
Route '/random2' handled with status: 200
Route '/random2' handled with status: 200
Route '/random2' handled with status: 200
Route '/random2' handled with status: 200
Route '/random2' handled with status: 200
Route '/random2' handled with status: 200
Route '/random2' handled with status: 200
Route '/random2' handled with status: 200
Route '/random2' handled with status: 200
Route '/random2' handled with status: 200
Route '/random2' handled with status: 200
Route '/random2' handled with status: 200
Route '/random2' handled with status: 200
Route '/random2' handled with status: 200
Route '/random2' handled with status: 200
Route '/random2' handled with status: 200
Route '/random2' handled with status: 200
Route '/random2' handled with status: 200
Route '/random2' handled with status: 200
Route '/random2' handled with status: 200
Route '/random2' handled with status: 200
Route '/random2' handled with status: 200
Route '/random2' handled with status: 200
Route '/random2' handled with status: 200
Route '/random2' handled with status: 200
Route '/random2' handled with status: 200
Route '/random2' handled with status: 200
Route '/random2' handled with status: 200
Route '/random2' handled with status: 200
Route '/random2' handled with status: 200
Route '/random2' handled with status: 200
Route '/random2' handled with status: 200
Route '/random2' handled with status: 200
Route '/random2' handled with status: 200
Route '/random2' handled with status: 200
Route '/random2' handled with status: 200
Route '/random2' handled with status: 200
Route '/random2' handled with status: 200
Route '/random2' handled with status: 200
Route '/random2' handled with status: 200
Route '/random2' handled with status: 200
Route '/random2' handled with status: 200
Route '/random2' handled with status: 200
Route '/random2' handled with status: 200
Route '/random2' handled with status: 200
Route '/random2' handled with status: 200
Route '/random2' handled with status: 200
Route '/random2' handled with status: 200
Route '/random2' handled with status: 200
Route '/random2' handled with status: 200
Route '/random2' handled with status: 200
Route '/random2' handled with status: 200
Route '/random2' handled with status: 200
Route '/random2' handled with status: 200
Route '/random2' handled with status: 200
Route '/random2' handled with status: 200
Route '/random2' handled with status: 200
Route '/random2' handled with status: 200
Route '/random2' handled with status: 200
Route '/random2' handled with status: 200
Route '/random2' handled with status: 200
Route '/random2' handled with status: 200
Route '/random2' handled with status: 200
Route '/random2' handled with status: 200
Route '/random2' handled with status: 200
Route '/random2' handled with status: 200
Route '/random2' handled with status: 200
Route '/random2' handled with status: 200
Route '/random2' handled with status: 200
Route '/random2' handled with status: 200
Route '/random2' handled with status: 200
Route '/random2' handled with status: 200
Route '/random2' handled with status: 200
Route '/random2' handled with status: 200
Route '/random2' handled with status: 200
Route '/random2' handled with status: 200
Route '/random2' handled with status: 200
Route '/random2' handled with status: 200
Route '/random2' handled with status: 200
Route '/random2' handled with status: 200
Route '/random2' handled with status: 200
Route '/random2' handled with status: 200
Route '/random2' handled with status: 200
Route '/random2' handled with status: 200
Route '/random2' handled with status: 200
Route '/random2' handled with status: 200
Route '/random2' handled with status: 200
Route '/random2' handled with status: 200
Route '/random2' handled with status: 200
Route '/random2' handled with status: 200
Route '/random2' handled with status: 200
Route '/random2' handled with status: 200
Route '/random2' handled with status: 200
Route '/random2' handled with status: 200
Route '/random2' handled with status: 200
Route '/random2' handled with status: 200
Route '/random2' handled with status: 200
Route '/random2' handled with status: 200
Route '/random2' handled with status: 200
Route '/random2' handled with status: 200
Route '/random2' handled with status: 200
Route '/random2' handled with status: 200
Route '/random2' handled with status: 200
Route '/random2' handled with status: 200
Route '/random2' handled with status: 200
Route '/random2' handled with status: 200
Route '/random2' handled with status: 200
Route '/random2' handled with status: 200
Route '/random2' handled with status: 200
Route '/random2' handled with status: 200
Route '/random2' handled with status: 200
Route '/random2' handled with status: 200
Route '/random2' handled with status: 200
Route '/random2' handled with status: 200
Route '/random2' handled with status: 200
Route '/random2' handled with status: 200
Route '/random2' handled with status: 200
Route '/random2' handled with status: 200
Route '/random2' handled with status: 200
Route '/random2' handled with status: 200
Route '/random2' handled with status: 200
Route '/random2' handled with status: 200
Route '/random2' handled with status: 200
Route '/random2' handled with status: 200
Route '/random2' handled with status: 200
Route '/random2' handled with status: 200
Route '/random2' handled with status: 200
Route '/random2' handled with status: 200
Route '/random2' handled with status: 200
Route '/' handled with status: 200
Route '/random2' handled with status: 200
Route '/random2' handled with status: 200
Route '/random2' handled with status: 200
Route '/random2' handled with status: 200
Route '/random2' handled with status: 200
Route '/random2' handled with status: 200
Route '/random2' handled with status: 200
Route '/random2' handled with status: 200
Route '/random2' handled with status: 200
Route '/random2' handled with status: 200
Route '/random2' handled with status: 200
Route '/random2' handled with status: 200
Route '/random2' handled with status: 200
Route '/random2' handled with status: 200
Route '/random2' handled with status: 200
Route '/random2' handled with status: 200
Route '/random2' handled with status: 200
Route '/random2' handled with status: 200
Route '/random2' handled with status: 200
Route '/random2' handled with status: 200
Route '/random2' handled with status: 200
Route '/random2' handled with status: 200
Route '/random2' handled with status: 200
Route '/random2' handled with status: 200
Route '/random2' handled with status: 200
Route '/random2' handled with status: 200
Route '/random2' handled with status: 200
Route '/random2' handled with status: 200
Route '/random2' handled with status: 200
Route '/random2' handled with status: 200
Route '/random2' handled with status: 200
Route '/random2' handled with status: 200
Route '/random2' handled with status: 200
Route '/random2' handled with status: 200
Route '/random2' handled with status: 200
Route '/random2' handled with status: 200
Route '/random2' handled with status: 200
Route '/random2' handled with status: 200
Route '/random2' handled with status: 200
Route '/random2' handled with status: 200
Route '/random2' handled with status: 200
Route '/random2' handled with status: 200
Route '/random2' handled with status: 200
Route '/random2' handled with status: 200
Route '/random2' handled with status: 200
Route '/random2' handled with status: 200
Route '/random2' handled with status: 200
Route '/random2' handled with status: 200
Route '/random2' handled with status: 200
Route '/random2' handled with status: 200
Route '/random2' handled with status: 200
Route '/random2' handled with status: 200
Route '/random2' handled with status: 200
Route '/random2' handled with status: 200
Route '/random2' handled with status: 200
Route '/random2' handled with status: 200
Route '/random2' handled with status: 200
Route '/random2' handled with status: 200
Route '/random2' handled with status: 200
Route '/random2' handled with status: 200
Route '/random2' handled with status: 200
Route '/random2' handled with status: 200
Route '/random2' handled with status: 200
Route '/random2' handled with status: 200
Route '/random2' handled with status: 200
Route '/random2' handled with status: 200
Route '/random2' handled with status: 200
Route '/random2' handled with status: 200
Route '/random2' handled with status: 200
Route '/random2' handled with status: 200
Route '/random2' handled with status: 200
Route '/random2' handled with status: 200
Route '/random2' handled with status: 200
Route '/random2' handled with status: 200
Route '/random2' handled with status: 200
Route '/random2' handled with status: 200
Route '/random2' handled with status: 200
Route '/random2' handled with status: 200
Route '/random2' handled with status: 200
Route '/random2' handled with status: 200
Route '/random2' handled with status: 200
Route '/random2' handled with status: 200
Route '/random2' handled with status: 200
Route '/random2' handled with status: 200
Route '/random2' handled with status: 200
Route '/random2' handled with status: 200
Route '/random2' handled with status: 200
Route '/random2' handled with status: 200
Route '/random2' handled with status: 200
Route '/random2' handled with status: 200
Route '/random2' handled with status: 200
Route '/random2' handled with status: 200
Route '/random2' handled with status: 200
Route '/random2' handled with status: 200
Route '/random2' handled with status: 200
Route '/random2' handled with status: 200
Route '/random2' handled with status: 200
Route '/random2' handled with status: 200
Route '/random2' handled with status: 200
Route '/random2' handled with status: 200
Route '/random2' handled with status: 200
Route '/random2' handled with status: 200
Route '/random2' handled with status: 200
Route '/random2' handled with status: 200
Route '/random2' handled with status: 200
Route '/random2' handled with status: 200
Route '/random2' handled with status: 200
Route '/random2' handled with status: 200
Route '/random2' handled with status: 200
Route '/random2' handled with status: 200
Route '/random2' handled with status: 200
Route '/random2' handled with status: 200
Route '/random2' handled with status: 200
Route '/random2' handled with status: 200
Route '/random2' handled with status: 200
Route '/random2' handled with status: 200
Route '/random2' handled with status: 200
Route '/random2' handled with status: 200
Route '/random2' handled with status: 200
Route '/random2' handled with status: 200
Route '/random2' handled with status: 200
Route '/random2' handled with status: 200
Route '/random2' handled with status: 200
Route '/random2' handled with status: 200
Route '/random2' handled with status: 200
Route '/random2' handled with status: 200
Route '/random2' handled with status: 200
Route '/random2' handled with status: 200
Route '/random2' handled with status: 200
Route '/random2' handled with status: 200
Route '/random2' handled with status: 200
Route '/random2' handled with status: 200
Route '/random2' handled with status: 200
Route '/random2' handled with status: 200
Route '/random2' handled with status: 200
Route '/random2' handled with status: 200
Route '/random2' handled with status: 200
Route '/random2' handled with status: 200
Route '/random2' handled with status: 200
Route '/random2' handled with status: 200
Route '/random2' handled with status: 200
Route '/random2' handled with status: 200
Route '/random2' handled with status: 200
Route '/random2' handled with status: 200
Route '/random2' handled with status: 200
Route '/random2' handled with status: 200
Route '/random2' handled with status: 200
Route '/random2' handled with status: 200
Route '/random2' handled with status: 200
Route '/random2' handled with status: 200
Route '/random2' handled with status: 200
Route '/random2' handled with status: 200
Route '/random2' handled with status: 200
Route '/random2' handled with status: 200
Route '/random2' handled with status: 200
Route '/random2' handled with status: 200
Route '/random2' handled with status: 200
Route '/random2' handled with status: 200
Route '/random2' handled with status: 200
Route '/random2' handled with status: 200
Route '/random2' handled with status: 200
Route '/random2' handled with status: 200
Route '/random2' handled with status: 200
Route '/random2' handled with status: 200
Route '/random2' handled with status: 200
Route '/random2' handled with status: 200
Route '/random2' handled with status: 200
Route '/random2' handled with status: 200
Route '/random2' handled with status: 200
Route '/random2' handled with status: 200
Route '/random2' handled with status: 200
Route '/random2' handled with status: 200
Route '/random2' handled with status: 200
Route '/random2' handled with status: 200
Route '/random2' handled with status: 200
Route '/random2' handled with status: 200
Route '/random2' handled with status: 200
Route '/random2' handled with status: 200
Route '/random2' handled with status: 200
Route '/random2' handled with status: 200
Route '/random2' handled with status: 200
Route '/random2' handled with status: 200
Route '/random2' handled with status: 200
Route '/random2' handled with status: 200
Route '/random2' handled with status: 200
Route '/random2' handled with status: 200
Route '/random2' handled with status: 200
Route '/random2' handled with status: 200
Route '/random2' handled with status: 200
Route '/random2' handled with status: 200
Route '/random2' handled with status: 200
Route '/random2' handled with status: 200
Route '/random2' handled with status: 200
Route '/random2' handled with status: 200
Route '/random2' handled with status: 200
Route '/random2' handled with status: 200
Route '/random2' handled with status: 200
Route '/random2' handled with status: 200
Route '/random2' handled with status: 200
Route '/random2' handled with status: 200
Route '/random2' handled with status: 200
Route '/random2' handled with status: 200
Route '/random2' handled with status: 200
Route '/random2' handled with status: 200
Route '/random2' handled with status: 200
Route '/random2' handled with status: 200
Route '/random2' handled with status: 200
Route '/random2' handled with status: 200
Route '/random2' handled with status: 200
Route '/random2' handled with status: 200
Route '/random2' handled with status: 200
Route '/random2' handled with status: 200
Route '/random2' handled with status: 200
Route '/random2' handled with status: 200
Route '/random2' handled with status: 200
Route '/random2' handled with status: 200
Route '/random2' handled with status: 200
Route '/random2' handled with status: 200
Route '/random2' handled with status: 200
Route '/random2' handled with status: 200
Route '/random2' handled with status: 200
Route '/random2' handled with status: 200
Route '/random2' handled with status: 200
Route '/random2' handled with status: 200
Route '/random2' handled with status: 200
Route '/random2' handled with status: 200
Route '/random2' handled with status: 200
Route '/random2' handled with status: 200
Route '/random2' handled with status: 200
Route '/random2' handled with status: 200
Route '/random2' handled with status: 200
Route '/random2' handled with status: 200
Route '/random2' handled with status: 200
Route '/random2' handled with status: 200
Route '/random2' handled with status: 200
Route '/random2' handled with status: 200
Route '/random2' handled with status: 200
Route '/random2' handled with status: 200
Route '/random2' handled with status: 200
Route '/random2' handled with status: 200
Route '/random2' handled with status: 200
Route '/random2' handled with status: 200
Route '/random2' handled with status: 200
Route '/random2' handled with status: 200
Route '/random2' handled with status: 200
Route '/random2' handled with status: 200
Route '/random2' handled with status: 200
Route '/random2' handled with status: 200
Route '/random2' handled with status: 200
Route '/random2' handled with status: 200
Route '/random2' handled with status: 200
Route '/random2' handled with status: 200
Route '/random2' handled with status: 200
Route '/random2' handled with status: 200
Route '/sl_logger' handled with status: 200
Route '/random2' handled with status: 200
Route '/sl_logger' handled with status: 200
Route '/random2' handled with status: 200
Route '/random2' handled with status: 200
Route '/random2' handled with status: 200
Route '/random2' handled with status: 200
Route '/random2' handled with status: 200
Route '/random2' handled with status: 200
Route '/random2' handled with status: 200
Route '/random2' handled with status: 200
Route '/random2' handled with status: 200
Route '/random2' handled with status: 200
Route '/random2' handled with status: 200
Route '/random2' handled with status: 200
Route '/random2' handled with status: 200
Route '/random2' handled with status: 200
Route '/random2' handled with status: 200
Route '/random2' handled with status: 200
Route '/random2' handled with status: 200
Route '/chat/actors1' handled with status: 200
Route '/random2' handled with status: 200
Route '/random2' handled with status: 200
Route '/random2' handled with status: 200
Route '/random2' handled with status: 200
Route '/random2' handled with status: 200
Route '/random2' handled with status: 200
Route '/sl_logger' handled with status: 200
Route '/random2' handled with status: 200
Route '/random2' handled with status: 200
Route '/random2' handled with status: 200
Route '/random2' handled with status: 200
Route '/random2' handled with status: 200
Route '/random2' handled with status: 200
Route '/random2' handled with status: 200
Route '/random2' handled with status: 200
Route '/random2' handled with status: 200
Route '/random2' handled with status: 200
Route '/random2' handled with status: 200
Route '/random2' handled with status: 200
Route '/random2' handled with status: 200
Route '/random2' handled with status: 200
Route '/random2' handled with status: 200
Route '/random2' handled with status: 200
Route '/random2' handled with status: 200
Route '/random2' handled with status: 200
Route '/random2' handled with status: 200
Route '/random2' handled with status: 200
Route '/random2' handled with status: 200
Route '/random2' handled with status: 200
Route '/random2' handled with status: 200
Route '/random2' handled with status: 200
Route '/random2' handled with status: 200
Route '/random2' handled with status: 200
Route '/random2' handled with status: 200
Route '/random2' handled with status: 200
Route '/random2' handled with status: 200
Route '/random2' handled with status: 200
Route '/random2' handled with status: 200
Route '/random2' handled with status: 200
Route '/random2' handled with status: 200
Route '/random2' handled with status: 200
Route '/random2' handled with status: 200
Route '/random2' handled with status: 200
Route '/random2' handled with status: 200
Route '/random2' handled with status: 200
Route '/bin/sh' handled with status: 404
Route '/cgi-bin/%%32%65%%32%65/%%32%65%%32%65/%%32%65%%32%65/%%32%65%%32%65/%%32%65%%32%65/%%32%65%%32%65/%%32%65%%32%65/bin/sh' handled with status: 404
Route '/hello.world' handled with status: 404
Route '/' handled with status: 405
Route '/index.php' handled with status: 404
Route '/test.hello' handled with status: 404
Route '/index.php' handled with status: 404
Route '/vendor/phpunit/phpunit/src/Util/PHP/eval-stdin.php' handled with status: 404
Route '/vendor/phpunit/phpunit/Util/PHP/eval-stdin.php' handled with status: 404
Route '/vendor/phpunit/src/Util/PHP/eval-stdin.php' handled with status: 404
Route '/vendor/phpunit/Util/PHP/eval-stdin.php' handled with status: 404
Route '/vendor/phpunit/phpunit/LICENSE/eval-stdin.php' handled with status: 404
Route '/vendor/vendor/phpunit/phpunit/src/Util/PHP/eval-stdin.php' handled with status: 404
Route '/phpunit/phpunit/src/Util/PHP/eval-stdin.php' handled with status: 404
Route '/phpunit/phpunit/Util/PHP/eval-stdin.php' handled with status: 404
Route '/phpunit/src/Util/PHP/eval-stdin.php' handled with status: 404
Route '/phpunit/Util/PHP/eval-stdin.php' handled with status: 404
Route '/lib/phpunit/phpunit/src/Util/PHP/eval-stdin.php' handled with status: 404
Route '/lib/phpunit/phpunit/Util/PHP/eval-stdin.php' handled with status: 404
Route '/lib/phpunit/src/Util/PHP/eval-stdin.php' handled with status: 404
Route '/lib/phpunit/Util/PHP/eval-stdin.php' handled with status: 404
Route '/lib/vendor/phpunit/phpunit/src/Util/PHP/eval-stdin.php' handled with status: 404
Route '/laravel/vendor/phpunit/phpunit/src/Util/PHP/eval-stdin.php' handled with status: 404
Route '/www/vendor/phpunit/phpunit/src/Util/PHP/eval-stdin.php' handled with status: 404
Route '/ws/vendor/phpunit/phpunit/src/Util/PHP/eval-stdin.php' handled with status: 404
Route '/yii/vendor/phpunit/phpunit/src/Util/PHP/eval-stdin.php' handled with status: 404
Route '/zend/vendor/phpunit/phpunit/src/Util/PHP/eval-stdin.php' handled with status: 404
Route '/ws/ec/vendor/phpunit/phpunit/src/Util/PHP/eval-stdin.php' handled with status: 404
Route '/V2/vendor/phpunit/phpunit/src/Util/PHP/eval-stdin.php' handled with status: 404
Route '/tests/vendor/phpunit/phpunit/src/Util/PHP/eval-stdin.php' handled with status: 404
Route '/test/vendor/phpunit/phpunit/src/Util/PHP/eval-stdin.php' handled with status: 404
Route '/testing/vendor/phpunit/phpunit/src/Util/PHP/eval-stdin.php' handled with status: 404
Route '/api/vendor/phpunit/phpunit/src/Util/PHP/eval-stdin.php' handled with status: 404
Route '/demo/vendor/phpunit/phpunit/src/Util/PHP/eval-stdin.php' handled with status: 404
Route '/cms/vendor/phpunit/phpunit/src/Util/PHP/eval-stdin.php' handled with status: 404
Route '/crm/vendor/phpunit/phpunit/src/Util/PHP/eval-stdin.php' handled with status: 404
Route '/admin/vendor/phpunit/phpunit/src/Util/PHP/eval-stdin.php' handled with status: 404
Route '/backup/vendor/phpunit/phpunit/src/Util/PHP/eval-stdin.php' handled with status: 404
Route '/blog/vendor/phpunit/phpunit/src/Util/PHP/eval-stdin.php' handled with status: 404
Route '/workspace/drupal/vendor/phpunit/phpunit/src/Util/PHP/eval-stdin.php' handled with status: 404
Route '/panel/vendor/phpunit/phpunit/src/Util/PHP/eval-stdin.php' handled with status: 404
Route '/public/vendor/phpunit/phpunit/src/Util/PHP/eval-stdin.php' handled with status: 404
Route '/apps/vendor/phpunit/phpunit/src/Util/PHP/eval-stdin.php' handled with status: 404
Route '/app/vendor/phpunit/phpunit/src/Util/PHP/eval-stdin.php' handled with status: 404
Route '/index.php' handled with status: 404
Route '/public/index.php' handled with status: 404
Route '/index.php' handled with status: 404
Route '/index.php' handled with status: 404
Route '/containers/json' handled with status: 404
Route '/.well-known/atproto-did' handled with status: 404
Route '/random2' handled with status: 200
Route '/random2' handled with status: 200
Route '/random2' handled with status: 200
Route '/random2' handled with status: 200
Route '/random2' handled with status: 200
Route '/random2' handled with status: 200
Route '/random2' handled with status: 200
Route '/' handled with status: 200
Route '/favicon.ico' handled with status: 404
Route '/random2' handled with status: 200
Route '/random2' handled with status: 200
Route '/random2' handled with status: 200
Route '/random2' handled with status: 200
Route '/random2' handled with status: 200
Route '/random2' handled with status: 200
Route '/robots.txt' handled with status: 404
Route '/random2' handled with status: 200
Route '/random2' handled with status: 200
Route '/random2' handled with status: 200
Route '/random2' handled with status: 200
Route '/random2' handled with status: 200
Route '/random2' handled with status: 200
Route '/random2' handled with status: 200
Route '/random2' handled with status: 200
Route '/random2' handled with status: 200
Route '/random2' handled with status: 200
Route '/random2' handled with status: 200
Route '/random2' handled with status: 200
Route '/random2' handled with status: 200
Route '/random2' handled with status: 200
Route '/random2' handled with status: 200
Route '/random2' handled with status: 200
Route '/random2' handled with status: 200
Route '/random2' handled with status: 200
Route '/random2' handled with status: 200
Route '/random2' handled with status: 200
Route '/random2' handled with status: 200
Route '/random2' handled with status: 200
Route '/random2' handled with status: 200
Route '/random2' handled with status: 200
Route '/random2' handled with status: 200
Route '/random2' handled with status: 200
Route '/random2' handled with status: 200
Route '/random2' handled with status: 200
Route '/random2' handled with status: 200
Route '/random2' handled with status: 200
Route '/random2' handled with status: 200
Route '/random2' handled with status: 200
Route '/random2' handled with status: 200
Route '/random2' handled with status: 200
Route '/random2' handled with status: 200
Route '/random2' handled with status: 200
Route '/random2' handled with status: 200
Route '/random2' handled with status: 200
Route '/random2' handled with status: 200
Route '/random2' handled with status: 200
Route '/random2' handled with status: 200
Route '/random2' handled with status: 200
Route '/random2' handled with status: 200
Route '/random2' handled with status: 200
Route '/random2' handled with status: 200
Route '/random2' handled with status: 200
Route '/random2' handled with status: 200
Route '/random2' handled with status: 200
Route '/random2' handled with status: 200
Route '/random2' handled with status: 200
Route '/random2' handled with status: 200
Route '/random2' handled with status: 200
Route '/random2' handled with status: 200
Route '/random2' handled with status: 200
Route '/random2' handled with status: 200
Route '/random2' handled with status: 200
Route '/random2' handled with status: 200
Route '/random2' handled with status: 200
Route '/random2' handled with status: 200
Route '/random2' handled with status: 200
Route '/random2' handled with status: 200
Route '/random2' handled with status: 200
Route '/random2' handled with status: 200
Route '/random2' handled with status: 200
Route '/random2' handled with status: 200
Route '/random2' handled with status: 200
Route '/random2' handled with status: 200
Route '/sl_logger' handled with status: 200
Route '/sl_logger' handled with status: 200
Route '/random2' handled with status: 200
Route '/random2' handled with status: 200
Route '/random2' handled with status: 200
Route '/random2' handled with status: 200
Route '/random2' handled with status: 200
Route '/random2' handled with status: 200
Route '/random2' handled with status: 200
Route '/random2' handled with status: 200
Route '/random2' handled with status: 200
Route '/random2' handled with status: 200
Route '/random2' handled with status: 200
Route '/random2' handled with status: 200
Route '/random2' handled with status: 200
Route '/random2' handled with status: 200
Route '/random2' handled with status: 200
Route '/random2' handled with status: 200
Route '/random2' handled with status: 200
Route '/random2' handled with status: 200
Route '/random2' handled with status: 200
Route '/random2' handled with status: 200
Route '/chat/actors1' handled with status: 200
Route '/random2' handled with status: 200
Route '/random2' handled with status: 200
Route '/random2' handled with status: 200
Route '/random2' handled with status: 200
Route '/' handled with status: 200
Route '/random2' handled with status: 200
Route '/random2' handled with status: 200
Route '/random2' handled with status: 200
Route '/random2' handled with status: 200
Route '/random2' handled with status: 200
Route '/random2' handled with status: 200
Route '/random2' handled with status: 200
Route '/random2' handled with status: 200
Route '/random2' handled with status: 200
Route '/random2' handled with status: 200
Route '/chat/actors1' handled with status: 200
Route '/random2' handled with status: 200
Route '/random2' handled with status: 200
Route '/random2' handled with status: 200
Route '/random2' handled with status: 200
Route '/random2' handled with status: 200
Route '/random2' handled with status: 200
Route '/random2' handled with status: 200
Route '/random2' handled with status: 200
Route '/random2' handled with status: 200
Route '/random2' handled with status: 200
Route '/random2' handled with status: 200
Route '/random2' handled with status: 200
Route '/random2' handled with status: 200
Route '/random2' handled with status: 200
Route '/random2' handled with status: 200
Route '/random2' handled with status: 200
Route '/random2' handled with status: 200
Route '/random2' handled with status: 200
Route '/random2' handled with status: 200
Route '/random2' handled with status: 200
Route '/random2' handled with status: 200
Route '/random2' handled with status: 200
Route '/random2' handled with status: 200
Route '/random2' handled with status: 200
Route '/random2' handled with status: 200
Route '/random2' handled with status: 200
Route '/random2' handled with status: 200
Route '/random2' handled with status: 200
Route '/random2' handled with status: 200
Route '/random2' handled with status: 200
Route '/random2' handled with status: 200
Route '/random2' handled with status: 200
Route '/random2' handled with status: 200
Route '/random2' handled with status: 200
Route '/random2' handled with status: 200
Route '/random2' handled with status: 200
Route '/random2' handled with status: 200
Route '/random2' handled with status: 200
Route '/random2' handled with status: 200
Route '/random2' handled with status: 200
Route '/random2' handled with status: 200
Route '/random2' handled with status: 200
Route '/random2' handled with status: 200
Route '/random2' handled with status: 200
Route '/random2' handled with status: 200
Route '/random2' handled with status: 200
Route '/random2' handled with status: 200
Route '/random2' handled with status: 200
Route '/random2' handled with status: 200
Route '/random2' handled with status: 200
Route '/random2' handled with status: 200
Route '/random2' handled with status: 200
Route '/random2' handled with status: 200
Route '/random2' handled with status: 200
Route '/random2' handled with status: 200
Route '/random2' handled with status: 200
Route '/random2' handled with status: 200
Route '/random2' handled with status: 200
Route '/random2' handled with status: 200
Route '/random2' handled with status: 200
Route '/random2' handled with status: 200
Route '/random2' handled with status: 200
Route '/random2' handled with status: 200
Route '/random2' handled with status: 200
Route '/random2' handled with status: 200
Route '/random2' handled with status: 200
Route '/random2' handled with status: 200
Route '/random2' handled with status: 200
Route '/random2' handled with status: 200
Route '/random2' handled with status: 200
Route '/random2' handled with status: 200
Route '/random2' handled with status: 200
Route '/random2' handled with status: 200
Route '/random2' handled with status: 200
Route '/random2' handled with status: 200
Route '/random2' handled with status: 200
Route '/random2' handled with status: 200
Route '/random2' handled with status: 200
Route '/random2' handled with status: 200
Route '/random2' handled with status: 200
Route '/random2' handled with status: 200
Route '/random2' handled with status: 200
Route '/random2' handled with status: 200
Route '/random2' handled with status: 200
Route '/random2' handled with status: 200
Route '/random2' handled with status: 200
Route '/random2' handled with status: 200
Route '/random2' handled with status: 200
Route '/random2' handled with status: 200
Route '/random2' handled with status: 200
Route '/random2' handled with status: 200
Route '/random2' handled with status: 200
Route '/random2' handled with status: 200
Route '/random2' handled with status: 200
Route '/random2' handled with status: 200
Route '/random2' handled with status: 200
Route '/random2' handled with status: 200
Route '/random2' handled with status: 200
Route '/random2' handled with status: 200
Route '/random2' handled with status: 200
Route '/random2' handled with status: 200
Route '/random2' handled with status: 200
Route '/random2' handled with status: 200
Route '/random2' handled with status: 200
Route '/random2' handled with status: 200
Route '/random2' handled with status: 200
Route '/random2' handled with status: 200
Route '/random2' handled with status: 200
Route '/random2' handled with status: 200
Route '/random2' handled with status: 200
Route '/random2' handled with status: 200
Route '/random2' handled with status: 200
Route '/random2' handled with status: 200
Route '/random2' handled with status: 200
Route '/random2' handled with status: 200
Route '/random2' handled with status: 200
Route '/random2' handled with status: 200
Route '/random2' handled with status: 200
Route '/random2' handled with status: 200
Route '/random2' handled with status: 200
Route '/random2' handled with status: 200
Route '/random2' handled with status: 200
Route '/random2' handled with status: 200
Route '/random2' handled with status: 200
Route '/random2' handled with status: 200
Route '/random2' handled with status: 200
Route '/random2' handled with status: 200
Route '/random2' handled with status: 200
Route '/random2' handled with status: 200
Route '/random2' handled with status: 200
Route '/random2' handled with status: 200
Route '/random2' handled with status: 200
Route '/random2' handled with status: 200
Route '/random2' handled with status: 200
Route '/random2' handled with status: 200
Route '/random2' handled with status: 200
Route '/random2' handled with status: 200
Route '/random2' handled with status: 200
Route '/random2' handled with status: 200
Route '/random2' handled with status: 200
Route '/random2' handled with status: 200
Route '/random2' handled with status: 200
Route '/random2' handled with status: 200
Route '/random2' handled with status: 200
Route '/random2' handled with status: 200
Route '/random2' handled with status: 200
Route '/random2' handled with status: 200
Route '/random2' handled with status: 200
Route '/random2' handled with status: 200
Route '/random2' handled with status: 200
Route '/random2' handled with status: 200
Route '/random2' handled with status: 200
Route '/random2' handled with status: 200
Route '/random2' handled with status: 200
Route '/random2' handled with status: 200
Route '/random2' handled with status: 200
Route '/random2' handled with status: 200
Route '/random2' handled with status: 200
Route '/random2' handled with status: 200
Route '/random2' handled with status: 200
Route '/random2' handled with status: 200
Route '/random2' handled with status: 200
Route '/random2' handled with status: 200
Route '/random2' handled with status: 200
Route '/random2' handled with status: 200
Route '/random2' handled with status: 200
Route '/random2' handled with status: 200
Route '/random2' handled with status: 200
Route '/random2' handled with status: 200
Route '/random2' handled with status: 200
Route '/random2' handled with status: 200
Route '/random2' handled with status: 200
Route '/random2' handled with status: 200
Route '/random2' handled with status: 200
Route '/random2' handled with status: 200
Route '/random2' handled with status: 200
Route '/random2' handled with status: 200
Route '/random2' handled with status: 200
Route '/random2' handled with status: 200
Route '/random2' handled with status: 200
Route '/random2' handled with status: 200
Route '/random2' handled with status: 200
Route '/random2' handled with status: 200
Route '/random2' handled with status: 200
Route '/random2' handled with status: 200
Route '/random2' handled with status: 200
Route '/random2' handled with status: 200
Route '/random2' handled with status: 200
Route '/random2' handled with status: 200
Route '/random2' handled with status: 200
Route '/random2' handled with status: 200
Route '/random2' handled with status: 200
Route '/random2' handled with status: 200
Route '/random2' handled with status: 200
Route '/random2' handled with status: 200
Route '/random2' handled with status: 200
Route '/random2' handled with status: 200
Route '/random2' handled with status: 200
Route '/random2' handled with status: 200
Route '/random2' handled with status: 200
Route '/random2' handled with status: 200
Route '/random2' handled with status: 200
Route '/random2' handled with status: 200
Route '/random2' handled with status: 200
Route '/random2' handled with status: 200
Route '/random2' handled with status: 200
Route '/random2' handled with status: 200
Route '/random2' handled with status: 200
Route '/random2' handled with status: 200
Route '/random2' handled with status: 200
Route '/random2' handled with status: 200
Route '/random2' handled with status: 200
Route '/random2' handled with status: 200
Route '/random2' handled with status: 200
Route '/random2' handled with status: 200
Route '/random2' handled with status: 200
Route '/random2' handled with status: 200
Route '/random2' handled with status: 200
Route '/random2' handled with status: 200
Route '/random2' handled with status: 200
Route '/random2' handled with status: 200
Route '/random2' handled with status: 200
Route '/random2' handled with status: 200
Route '/random2' handled with status: 200
Route '/random2' handled with status: 200
Route '/random2' handled with status: 200
Route '/random2' handled with status: 200
Route '/random2' handled with status: 200
Route '/random2' handled with status: 200
Route '/random2' handled with status: 200
Route '/random2' handled with status: 200
Route '/random2' handled with status: 200
Route '/random2' handled with status: 200
Route '/random2' handled with status: 200
Route '/random2' handled with status: 200
Route '/random2' handled with status: 200
Route '/random2' handled with status: 200
Route '/random2' handled with status: 200
Route '/random2' handled with status: 200
Route '/random2' handled with status: 200
Route '/random2' handled with status: 200
Route '/random2' handled with status: 200
Route '/random2' handled with status: 200
Route '/random2' handled with status: 200
Route '/random2' handled with status: 200
Route '/random2' handled with status: 200
Route '/random2' handled with status: 200
Route '/random2' handled with status: 200
Route '/random2' handled with status: 200
Route '/random2' handled with status: 200
Route '/random2' handled with status: 200
Route '/random2' handled with status: 200
Route '/random2' handled with status: 200
Route '/random2' handled with status: 200
Route '/random2' handled with status: 200
Route '/random2' handled with status: 200
Route '/random2' handled with status: 200
Route '/random2' handled with status: 200
Route '/random2' handled with status: 200
Route '/random2' handled with status: 200
Route '/random2' handled with status: 200
Route '/random2' handled with status: 200
Route '/random2' handled with status: 200
Route '/random2' handled with status: 200
Route '/random2' handled with status: 200
Route '/random2' handled with status: 200
Route '/random2' handled with status: 200
Route '/random2' handled with status: 200
Route '/random2' handled with status: 200
Route '/random2' handled with status: 200
Route '/random2' handled with status: 200
Route '/random2' handled with status: 200
Route '/random2' handled with status: 200
Route '/random2' handled with status: 200
Route '/random2' handled with status: 200
Route '/random2' handled with status: 200
Route '/random2' handled with status: 200
Route '/random2' handled with status: 200
Route '/random2' handled with status: 200
Route '/random2' handled with status: 200
Route '/random2' handled with status: 200
Route '/random2' handled with status: 200
Route '/random2' handled with status: 200
Route '/random2' handled with status: 200
Route '/random2' handled with status: 200
Route '/random2' handled with status: 200
Route '/random2' handled with status: 200
Route '/random2' handled with status: 200
Route '/random2' handled with status: 200
Route '/random2' handled with status: 200
Route '/random2' handled with status: 200
Route '/random2' handled with status: 200
Route '/random2' handled with status: 200
Route '/markov_metrics' handled with status: 200
Route '/random2' handled with status: 200
Route '/random2' handled with status: 200
Route '/random2' handled with status: 200
Route '/random2' handled with status: 200
Route '/random2' handled with status: 200
Route '/random2' handled with status: 200
Route '/random2' handled with status: 200
Route '/random2' handled with status: 200
Route '/random2' handled with status: 200
Route '/random2' handled with status: 200
Route '/random2' handled with status: 200
Route '/random2' handled with status: 200
Route '/random2' handled with status: 200
Route '/random2' handled with status: 200
Route '/random2' handled with status: 200
Route '/random2' handled with status: 200
Route '/random2' handled with status: 200
Route '/random2' handled with status: 200
Route '/random2' handled with status: 200
Route '/random2' handled with status: 200
Route '/random2' handled with status: 200
Route '/random2' handled with status: 200
Route '/random2' handled with status: 200
Route '/random2' handled with status: 200
Route '/random2' handled with status: 200
Route '/random2' handled with status: 200
Route '/random2' handled with status: 200
Route '/random2' handled with status: 200
Route '/random2' handled with status: 200
Route '/random2' handled with status: 200
Route '/random2' handled with status: 200
Route '/random2' handled with status: 200
Route '/random2' handled with status: 200
Route '/random2' handled with status: 200
Route '/random2' handled with status: 200
Route '/random2' handled with status: 200
Route '/random2' handled with status: 200
Route '/random2' handled with status: 200
Route '/random2' handled with status: 200
Route '/random2' handled with status: 200
Route '/random2' handled with status: 200
Route '/random2' handled with status: 200
Route '/random2' handled with status: 200
Route '/random2' handled with status: 200
Route '/random2' handled with status: 200
Route '/random2' handled with status: 200
Route '/random2' handled with status: 200
Route '/random2' handled with status: 200
Route '/random2' handled with status: 200
Route '/random2' handled with status: 200
Route '/random2' handled with status: 200
Route '/random2' handled with status: 200
Route '/random2' handled with status: 200
Route '/random2' handled with status: 200
Route '/random2' handled with status: 200
Route '/random2' handled with status: 200
Route '/random2' handled with status: 200
Route '/random2' handled with status: 200
Route '/random2' handled with status: 200
Route '/random2' handled with status: 200
Route '/random2' handled with status: 200
Route '/random2' handled with status: 200
Route '/random2' handled with status: 200
Route '/random2' handled with status: 200
Route '/random2' handled with status: 200
Route '/random2' handled with status: 200
Route '/random2' handled with status: 200
Route '/random2' handled with status: 200
Route '/random2' handled with status: 200
Route '/random2' handled with status: 200
Route '/random2' handled with status: 200
Route '/random2' handled with status: 200
Route '/random2' handled with status: 200
Route '/random2' handled with status: 200
Route '/random2' handled with status: 200
Route '/random2' handled with status: 200
Route '/random2' handled with status: 200
Route '/random2' handled with status: 200
Route '/random2' handled with status: 200
Route '/random2' handled with status: 200
Route '/random2' handled with status: 200
Route '/random2' handled with status: 200
Route '/random2' handled with status: 200
Route '/random2' handled with status: 200
Route '/sl_logger' handled with status: 200
Route '/random2' handled with status: 200
Route '/random2' handled with status: 200
Route '/random2' handled with status: 200
Route '/random2' handled with status: 200
Route '/random2' handled with status: 200
Route '/random2' handled with status: 200
Route '/random2' handled with status: 200
Route '/markov_metrics/markov_metrics' handled with status: 404
Route '/random2' handled with status: 200
Route '/' handled with status: 200
Route '/random2' handled with status: 200
Route '/' handled with status: 200
Route '/random2' handled with status: 200
Route '/.env' handled with status: 404
Route '/.env.local' handled with status: 404
Route '/.env.production' handled with status: 404
Route '/random2' handled with status: 200
Route '/.env.development' handled with status: 404
Route '/random2' handled with status: 200
Route '/random2' handled with status: 200
Route '/random2' handled with status: 200
Route '/.env.staging' handled with status: 404
Route '/.env.test' handled with status: 404
Route '/.env.backup' handled with status: 404
Route '/.env.example' handled with status: 404
Route '/random2' handled with status: 200
Route '/.env.bak' handled with status: 404
Route '/random2' handled with status: 200
Route '/.env.old' handled with status: 404
Route '/.env.dist' handled with status: 404
Route '/random2' handled with status: 200
Route '/wp-config.php' handled with status: 404
Route '/wp-config.php.bak' handled with status: 404
Route '/random2' handled with status: 200
Route '/random2' handled with status: 200
Route '/wp-config.php.old' handled with status: 404
Route '/wp-config.php~' handled with status: 404
Route '/config.php' handled with status: 404
Route '/random2' handled with status: 200
Route '/config.json' handled with status: 404
Route '/phpinfo.php' handled with status: 404
Route '/info.php' handled with status: 404
Route '/random2' handled with status: 200
Route '/.aws/credentials' handled with status: 404
Route '/random2' handled with status: 200
Route '/.aws/config' handled with status: 404
Route '/aws.json' handled with status: 404
Route '/random2' handled with status: 200
Route '/sendgrid.json' handled with status: 404
Route '/mailgun.json' handled with status: 404
Route '/secrets.json' handled with status: 404
Route '/random2' handled with status: 200
Route '/random2' handled with status: 200
Route '/api_keys.json' handled with status: 404
Route '/random2' handled with status: 200
Route '/keys.json' handled with status: 404
Route '/config/secrets.json' handled with status: 404
Route '/random2' handled with status: 200
Route '/private/.env' handled with status: 404
Route '/backup/.env' handled with status: 404
Route '/random2' handled with status: 200
Route '/test/.env' handled with status: 404
Route '/random2' handled with status: 200
Route '/dev/.env' handled with status: 404
Route '/staging/.env' handled with status: 404
Route '/random2' handled with status: 200
Route '/random2' handled with status: 200
Route '/production/.env' handled with status: 404
Route '/random2' handled with status: 200
Route '/laravel/.env' handled with status: 404
Route '/admin/phpinfo.php' handled with status: 404
Route '/random2' handled with status: 200
Route '/test/phpinfo.php' handled with status: 404
Route '/random2' handled with status: 200
Route '/backup/config.php' handled with status: 404
Route '/private/config.php' handled with status: 404
Route '/settings.php' handled with status: 404
Route '/random2' handled with status: 200
Route '/config/settings.php' handled with status: 404
Route '/database.yml' handled with status: 404
Route '/random2' handled with status: 200
Route '/random2' handled with status: 200
Route '/random2' handled with status: 200
Route '/config/database.json' handled with status: 404
Route '/administrator/.env' handled with status: 404
Route '/cms/.env' handled with status: 404
Route '/random2' handled with status: 200
Route '/portal/.env' handled with status: 404
Route '/dashboard/.env' handled with status: 404
Route '/random2' handled with status: 200
Route '/crm/.env' handled with status: 404
Route '/mail/.env' handled with status: 404
Route '/random2' handled with status: 200
Route '/mailer/.env' handled with status: 404
Route '/deployment/.env' handled with status: 404
Route '/random2' handled with status: 200
Route '/random2' handled with status: 200
Route '/random2' handled with status: 200
Route '/docker/.env' handled with status: 404
Route '/random2' handled with status: 200
Route '/k8s/.env' handled with status: 404
Route '/helm/.env' handled with status: 404
Route '/random2' handled with status: 200
Route '/terraform/.env' handled with status: 404
Route '/random2' handled with status: 200
Route '/ansible/.env' handled with status: 404
Route '/config/mail.json' handled with status: 404
Route '/random2' handled with status: 200
Route '/random2' handled with status: 200
Route '/random2' handled with status: 200
Route '/config/database.yml' handled with status: 404
Route '/secrets/config.json' handled with status: 404
Route '/private/keys.json' handled with status: 404
Route '/pms' handled with status: 404
Route '/random2' handled with status: 200
Route '/random2' handled with status: 200
Route '/random2' handled with status: 200
Route '/.git/config' handled with status: 404
Route '/random2' handled with status: 200
Route '/.gitlab-ci.yml' handled with status: 404
Route '/appsettings.json' handled with status: 404
Route '/random2' handled with status: 200
Route '/random2' handled with status: 200
Route '/application.properties' handled with status: 404
Route '/random2' handled with status: 200
Route '/application.yml' handled with status: 404
Route '/random2' handled with status: 200
Route '/actuator/env' handled with status: 404
Route '/actuator/configprops' handled with status: 404
Route '/swagger.json' handled with status: 404
Route '/random2' handled with status: 200
Route '/openapi.json' handled with status: 404
Route '/graphql' handled with status: 404
Route '/random2' handled with status: 200
Route '/random2' handled with status: 200
Route '/api/graphql' handled with status: 404
Route '/random2' handled with status: 200
Route '/random2' handled with status: 200
Route '/server-status' handled with status: 404
Route '/nginx_status' handled with status: 404
Route '/api/index.php/v1/config/application' handled with status: 404
Route '/random2' handled with status: 200
Route '/owa/auth/x.js' handled with status: 404
Route '/ecp/' handled with status: 404
Route '/autodiscover/autodiscover.json' handled with status: 404
Route '/random2' handled with status: 200
Route '/vpns/portal/scripts/newbm.pl' handled with status: 404
Route '/vpns/portal/scripts/' handled with status: 404
Route '/mgmt/tm/util/bash' handled with status: 404
Route '/random2' handled with status: 200
Route '/mgmt/tm/util/' handled with status: 404
Route '/+CSCOT+/translation-table' handled with status: 404
Route '/random2' handled with status: 200
Route '/random2' handled with status: 200
Route '/random2' handled with status: 200
Route '/ui/vropspluginui/rest/services/uploadova' handled with status: 404
Route '/fileupload/toolsAny' handled with status: 404
Route '/random2' handled with status: 200
Route '/pages/doenterpagevariables.action' handled with status: 404
Route '/$%7Bnew%20javax.script.ScriptEngineManager%28%29.getEngineByName%28%27nashorn%27%29.eval%28%27cat%20confluence.cfg.xml%27%29%7D/' handled with status: 404
Route '/rest/api/latest/projects' handled with status: 404
Route '/' handled with status: 200
Route '/random2' handled with status: 200
Route '/tomcatwar.jsp' handled with status: 404
Route '/actuator/gateway/refresh' handled with status: 404
Route '/ztp/cgi-bin/handler' handled with status: 404
Route '/random2' handled with status: 200
Route '/random2' handled with status: 200
Route '/geoserver/ows' handled with status: 404
Route '/random2' handled with status: 200
Route '/console/console.portal' handled with status: 404
Route '/random2' handled with status: 200
Route '/*.action' handled with status: 404
Route '/*.do' handled with status: 404
Route '/random2' handled with status: 200
Route '/' handled with status: 200
Route '/*.jsp/' handled with status: 404
Route '/manager/html' handled with status: 404
Route '/random2' handled with status: 200
Route '/WEB-INF/web.xml' handled with status: 404
Route '/' handled with status: 200
Route '/random2' handled with status: 200
Route '/api/' handled with status: 404
Route '/random2' handled with status: 200
Route '/api/v1/' handled with status: 404
Route '/random2' handled with status: 200
Route '/random2' handled with status: 200
Route '/random2' handled with status: 200
Route '/sigil-deck' handled with status: 200
Route '/sigil-deck/image/sigil_2_1786126069351.jpg' handled with status: 200
Route '/sigil-deck/image/sigil_1_1785770979178.jpg' handled with status: 200
Route '/random2' handled with status: 200
Route '/sigil-deck/image/sigil_3_1786126121360.jpg' handled with status: 200
Route '/sigil-deck/image/sigil_4_1786126236879.jpg' handled with status: 200
Route '/sigil-deck/image/sigil_8_1786813655429.png' handled with status: 200
Route '/sigil-deck/image/sigil_7_1786721671541.png' handled with status: 200
Route '/api/health' handled with status: 404
Route '/random2' handled with status: 200
Route '/random2' handled with status: 200
Route '/api/config' handled with status: 404
Route '/random2' handled with status: 200
Route '/sigil-deck/random' handled with status: 302
Route '/sigil-deck/card/7' handled with status: 200
Route '/sigil-deck/image/sigil_7_1786721671541.png' handled with status: 200
Route '/random2' handled with status: 200
Route '/random2' handled with status: 200
Route '/random2' handled with status: 200
Route '/random2' handled with status: 200
Route '/random2' handled with status: 200
Route '/random2' handled with status: 200
Route '/random2' handled with status: 200
Route '/random2' handled with status: 200
Route '/random2' handled with status: 200
Route '/random2' handled with status: 200
Route '/random2' handled with status: 200
Route '/random2' handled with status: 200
Route '/random2' handled with status: 200
Route '/random2' handled with status: 200
Route '/random2' handled with status: 200
Route '/random2' handled with status: 200
Route '/random2' handled with status: 200
Route '/random2' handled with status: 200
Route '/random2' handled with status: 200
Route '/random2' handled with status: 200
Route '/random2' handled with status: 200
Route '/random2' handled with status: 200
Route '/random2' handled with status: 200
Route '/random2' handled with status: 200
Route '/random2' handled with status: 200
Route '/random2' handled with status: 200
Route '/random2' handled with status: 200
Route '/random2' handled with status: 200
Route '/random2' handled with status: 200
Route '/random2' handled with status: 200
Route '/random2' handled with status: 200
Route '/random2' handled with status: 200
Route '/random2' handled with status: 200
Route '/random2' handled with status: 200
Route '/random2' handled with status: 200
Route '/random2' handled with status: 200
Route '/random2' handled with status: 200
Route '/random2' handled with status: 200
Route '/random2' handled with status: 200
Route '/random2' handled with status: 200
Route '/random2' handled with status: 200
Route '/random2' handled with status: 200
Route '/random2' handled with status: 200
Route '/random2' handled with status: 200
Route '/random2' handled with status: 200
Route '/random2' handled with status: 200
Route '/random2' handled with status: 200
Route '/random2' handled with status: 200
Route '/random2' handled with status: 200
Route '/random2' handled with status: 200
Route '/random2' handled with status: 200
Route '/random2' handled with status: 200
Route '/random2' handled with status: 200
Route '/random2' handled with status: 200
Route '/random2' handled with status: 200
Route '/random2' handled with status: 200
Route '/random2' handled with status: 200
Route '/random2' handled with status: 200
Route '/random2' handled with status: 200
Route '/random2' handled with status: 200
Route '/random2' handled with status: 200
Route '/random2' handled with status: 200
Route '/random2' handled with status: 200
Route '/random2' handled with status: 200
Route '/random2' handled with status: 200
Route '/random2' handled with status: 200
Route '/random2' handled with status: 200
Route '/random2' handled with status: 200
Route '/random2' handled with status: 200
Route '/random2' handled with status: 200
Route '/random2' handled with status: 200
Route '/random2' handled with status: 200
Route '/random2' handled with status: 200
Route '/random2' handled with status: 200
Route '/random2' handled with status: 200
Route '/random2' handled with status: 200
Route '/random2' handled with status: 200
Route '/random2' handled with status: 200
Route '/random2' handled with status: 200
Route '/random2' handled with status: 200
Route '/random2' handled with status: 200
Route '/random2' handled with status: 200
Route '/random2' handled with status: 200
Route '/random2' handled with status: 200
Route '/random2' handled with status: 200
Route '/random2' handled with status: 200
Route '/random2' handled with status: 200
Route '/random2' handled with status: 200
Route '/random2' handled with status: 200
Route '/random2' handled with status: 200
Route '/random2' handled with status: 200
Route '/random2' handled with status: 200
Route '/random2' handled with status: 200
Route '/random2' handled with status: 200
Route '/random2' handled with status: 200
Route '/random2' handled with status: 200
Route '/random2' handled with status: 200
Route '/random2' handled with status: 200
Route '/random2' handled with status: 200
Route '/markov_metrics' handled with status: 200
Route '/random2' handled with status: 200
Route '/random2' handled with status: 200
Route '/random2' handled with status: 200
Route '/random2' handled with status: 200
Route '/random2' handled with status: 200
Route '/random2' handled with status: 200
Route '/random2' handled with status: 200
Route '/random2' handled with status: 200
Route '/random2' handled with status: 200
Route '/random2' handled with status: 200
Route '/random2' handled with status: 200
Route '/random2' handled with status: 200
Route '/.well-known/atproto-did' handled with status: 404
Route '/random2' handled with status: 200
Route '/random2' handled with status: 200
Route '/random2' handled with status: 200
Route '/random2' handled with status: 200
Route '/random2' handled with status: 200
Route '/random2' handled with status: 200
Route '/random2' handled with status: 200
Route '/random2' handled with status: 200
